$MeshFormat
4.1 0 8
$EndMeshFormat
$Entities
134 6 1 0
2 0.9976658 0.001587 0 0 
3 0.9947532 0.0019938 0 0 
4 0.990685 0.0025595 0 0 
5 0.9854709 0.0032804 0 0 
6 0.9791229 0.0041519 0 0 
7 0.9716559 0.0051685 0 0 
8 0.9630873 0.0063238 0 0 
9 0.9534372 0.0076108 0 0 
10 0.942728 0.009021700000000001 0 0 
11 0.9309849 0.0105485 0 0 
12 0.9182351 0.0121823 0 0 
13 0.9045085 0.0139143 0 0 
14 0.8898372 0.0157351 0 0 
15 0.8742554 0.0176353 0 0 
16 0.8577995 0.0196051 0 0 
17 0.8405079 0.0216347 0 0 
18 0.8224211 0.0237142 0 0 
19 0.8035813000000001 0.0258337 0 0 
20 0.7840324 0.0279828 0 0 
21 0.7638201999999999 0.0301515 0 0 
22 0.7429917 0.0323294 0 0 
23 0.7215958 0.0345058 0 0 
24 0.6996823 0.03667 0 0 
25 0.6773025 0.0388109 0 0 
26 0.6545085 0.0409174 0 0 
27 0.6313537 0.0429778 0 0 
28 0.6078921 0.0449802 0 0 
29 0.5841786 0.0469124 0 0 
30 0.5602683000000001 0.0487619 0 0 
31 0.5362174 0.0505161 0 0 
32 0.5120819 0.052162 0 0 
33 0.4879181 0.0536866 0 0 
34 0.4637826 0.0550769 0 0 
35 0.4397317 0.05632 0 0 
36 0.4158215 0.0574033 0 0 
37 0.3921079 0.0583145 0 0 
38 0.3686463 0.0590419 0 0 
39 0.3454915 0.0595747 0 0 
40 0.3226976 0.0599028 0 0 
41 0.3003177 0.0600172 0 0 
42 0.2784042 0.0599102 0 0 
43 0.2570083 0.0595755 0 0 
44 0.2361799 0.0590081 0 0 
45 0.2159676 0.0582048 0 0 
46 0.1964187 0.057164 0 0 
47 0.1775789 0.0558856 0 0 
48 0.1594921 0.0543715 0 0 
49 0.1422005 0.0526251 0 0 
50 0.1257446 0.0506513 0 0 
51 0.1101628 0.0484567 0 0 
52 0.09549150000000001 0.0460489 0 0 
53 0.0817649 0.0434371 0 0 
54 0.0690152 0.040631 0 0 
55 0.057272 0.0376414 0 0 
56 0.0465628 0.0344792 0 0 
57 0.0369127 0.0311559 0 0 
58 0.0283441 0.0276827 0 0 
59 0.0208771 0.0240706 0 0 
60 0.0145291 0.02033 0 0 
61 0.009314899999999999 0.0164706 0 0 
62 0.0052468 0.0125011 0 0 
63 0.0023342 0.0084289 0 0 
64 0.0005839 0.0042603 0 0 
65 0 0 0 0 
66 0.0005839 -0.0042603 0 0 
67 0.0023342 -0.0084289 0 0 
68 0.0052468 -0.0125011 0 0 
69 0.009314899999999999 -0.0164706 0 0 
70 0.0145291 -0.02033 0 0 
71 0.0208771 -0.0240706 0 0 
72 0.0283441 -0.0276827 0 0 
73 0.0369127 -0.0311559 0 0 
74 0.0465628 -0.0344792 0 0 
75 0.057272 -0.0376414 0 0 
76 0.0690152 -0.040631 0 0 
77 0.0817649 -0.0434371 0 0 
78 0.09549150000000001 -0.0460489 0 0 
79 0.1101628 -0.0484567 0 0 
80 0.1257446 -0.0506513 0 0 
81 0.1422005 -0.0526251 0 0 
82 0.1594921 -0.0543715 0 0 
83 0.1775789 -0.0558856 0 0 
84 0.1964187 -0.057164 0 0 
85 0.2159676 -0.0582048 0 0 
86 0.2361799 -0.0590081 0 0 
87 0.2570083 -0.0595755 0 0 
88 0.2784042 -0.0599102 0 0 
89 0.3003177 -0.0600172 0 0 
90 0.3226976 -0.0599028 0 0 
91 0.3454915 -0.0595747 0 0 
92 0.3686463 -0.0590419 0 0 
93 0.3921079 -0.0583145 0 0 
94 0.4158215 -0.0574033 0 0 
95 0.4397317 -0.05632 0 0 
96 0.4637826 -0.0550769 0 0 
97 0.4879181 -0.0536866 0 0 
98 0.5120819 -0.052162 0 0 
99 0.5362174 -0.0505161 0 0 
100 0.5602683000000001 -0.0487619 0 0 
101 0.5841786 -0.0469124 0 0 
102 0.6078921 -0.0449802 0 0 
103 0.6313537 -0.0429778 0 0 
104 0.6545085 -0.0409174 0 0 
105 0.6773025 -0.0388109 0 0 
106 0.6996823 -0.03667 0 0 
107 0.7215958 -0.0345058 0 0 
108 0.7429917 -0.0323294 0 0 
109 0.7638201999999999 -0.0301515 0 0 
110 0.7840324 -0.0279828 0 0 
111 0.8035813000000001 -0.0258337 0 0 
112 0.8224211 -0.0237142 0 0 
113 0.8405079 -0.0216347 0 0 
114 0.8577995 -0.0196051 0 0 
115 0.8742554 -0.0176353 0 0 
116 0.8898372 -0.0157351 0 0 
117 0.9045085 -0.0139143 0 0 
118 0.9182351 -0.0121823 0 0 
119 0.9309849 -0.0105485 0 0 
120 0.942728 -0.009021700000000001 0 0 
121 0.9534372 -0.0076108 0 0 
122 0.9630873 -0.0063238 0 0 
123 0.9716559 -0.0051685 0 0 
124 0.9791229 -0.0041519 0 0 
125 0.9854709 -0.0032804 0 0 
126 0.990685 -0.0025595 0 0 
127 0.9947532 -0.0019938 0 0 
128 0.9976658 -0.001587 0 0 
130 0.998551 0 0 0 
131 0.9871265417108236 -0.1314374102783962 0 0 
132 0.9876266137328688 -0.1286013609112716 0 0 
133 -1 -1 0 0 
134 2 -1 0 0 
135 2 1 0 0 
136 -1 1 0 0 
1 0.003534530689235371 -0.1314375102783962 -1e-07 0.9876267137328687 0.07220465914469631 1e-07 0 2 131 -132 
2 0.9871264417108235 -0.1314384508173642 -1e-07 0.988632762101647 -0.1286012609112716 1e-07 0 2 132 -131 
3 -1.0000001 -1.0000001 -1e-07 2.0000001 -0.9999999000000001 1e-07 0 2 133 -134 
4 1.9999999 -1.0000001 -1e-07 2.0000001 1.0000001 1e-07 0 2 134 -135 
5 -1.0000001 0.9999999000000001 -1e-07 2.0000001 1.0000001 1e-07 0 2 135 -136 
6 -1.0000001 -1.0000001 -1e-07 -0.9999999000000001 1.0000001 1e-07 0 2 136 -133 
1 -1.0000001 -1.0000001 -1e-07 2.0000001 1.0000001 1e-07 0 6 3 4 5 6 -2 -1 
$EndEntities
$Nodes
141 3194 1 3194
0 2 0 1
1
0.9976658 0.001587 0
0 3 0 1
2
0.9947532 0.0019938 0
0 4 0 1
3
0.990685 0.0025595 0
0 5 0 1
4
0.9854709 0.0032804 0
0 6 0 1
5
0.9791229 0.0041519 0
0 7 0 1
6
0.9716559 0.0051685 0
0 8 0 1
7
0.9630873 0.0063238 0
0 9 0 1
8
0.9534372 0.0076108 0
0 10 0 1
9
0.942728 0.009021700000000001 0
0 11 0 1
10
0.9309849 0.0105485 0
0 12 0 1
11
0.9182351 0.0121823 0
0 13 0 1
12
0.9045085 0.0139143 0
0 14 0 1
13
0.8898372 0.0157351 0
0 15 0 1
14
0.8742554 0.0176353 0
0 16 0 1
15
0.8577995 0.0196051 0
0 17 0 1
16
0.8405079 0.0216347 0
0 18 0 1
17
0.8224211 0.0237142 0
0 19 0 1
18
0.8035813000000001 0.0258337 0
0 20 0 1
19
0.7840324 0.0279828 0
0 21 0 1
20
0.7638201999999999 0.0301515 0
0 22 0 1
21
0.7429917 0.0323294 0
0 23 0 1
22
0.7215958 0.0345058 0
0 24 0 1
23
0.6996823 0.03667 0
0 25 0 1
24
0.6773025 0.0388109 0
0 26 0 1
25
0.6545085 0.0409174 0
0 27 0 1
26
0.6313537 0.0429778 0
0 28 0 1
27
0.6078921 0.0449802 0
0 29 0 1
28
0.5841786 0.0469124 0
0 30 0 1
29
0.5602683000000001 0.0487619 0
0 31 0 1
30
0.5362174 0.0505161 0
0 32 0 1
31
0.5120819 0.052162 0
0 33 0 1
32
0.4879181 0.0536866 0
0 34 0 1
33
0.4637826 0.0550769 0
0 35 0 1
34
0.4397317 0.05632 0
0 36 0 1
35
0.4158215 0.0574033 0
0 37 0 1
36
0.3921079 0.0583145 0
0 38 0 1
37
0.3686463 0.0590419 0
0 39 0 1
38
0.3454915 0.0595747 0
0 40 0 1
39
0.3226976 0.0599028 0
0 41 0 1
40
0.3003177 0.0600172 0
0 42 0 1
41
0.2784042 0.0599102 0
0 43 0 1
42
0.2570083 0.0595755 0
0 44 0 1
43
0.2361799 0.0590081 0
0 45 0 1
44
0.2159676 0.0582048 0
0 46 0 1
45
0.1964187 0.057164 0
0 47 0 1
46
0.1775789 0.0558856 0
0 48 0 1
47
0.1594921 0.0543715 0
0 49 0 1
48
0.1422005 0.0526251 0
0 50 0 1
49
0.1257446 0.0506513 0
0 51 0 1
50
0.1101628 0.0484567 0
0 52 0 1
51
0.09549150000000001 0.0460489 0
0 53 0 1
52
0.0817649 0.0434371 0
0 54 0 1
53
0.0690152 0.040631 0
0 55 0 1
54
0.057272 0.0376414 0
0 56 0 1
55
0.0465628 0.0344792 0
0 57 0 1
56
0.0369127 0.0311559 0
0 58 0 1
57
0.0283441 0.0276827 0
0 59 0 1
58
0.0208771 0.0240706 0
0 60 0 1
59
0.0145291 0.02033 0
0 61 0 1
60
0.009314899999999999 0.0164706 0
0 62 0 1
61
0.0052468 0.0125011 0
0 63 0 1
62
0.0023342 0.0084289 0
0 64 0 1
63
0.0005839 0.0042603 0
0 65 0 1
64
0 0 0
0 66 0 1
65
0.0005839 -0.0042603 0
0 67 0 1
66
0.0023342 -0.0084289 0
0 68 0 1
67
0.0052468 -0.0125011 0
0 69 0 1
68
0.009314899999999999 -0.0164706 0
0 70 0 1
69
0.0145291 -0.02033 0
0 71 0 1
70
0.0208771 -0.0240706 0
0 72 0 1
71
0.0283441 -0.0276827 0
0 73 0 1
72
0.0369127 -0.0311559 0
0 74 0 1
73
0.0465628 -0.0344792 0
0 75 0 1
74
0.057272 -0.0376414 0
0 76 0 1
75
0.0690152 -0.040631 0
0 77 0 1
76
0.0817649 -0.0434371 0
0 78 0 1
77
0.09549150000000001 -0.0460489 0
0 79 0 1
78
0.1101628 -0.0484567 0
0 80 0 1
79
0.1257446 -0.0506513 0
0 81 0 1
80
0.1422005 -0.0526251 0
0 82 0 1
81
0.1594921 -0.0543715 0
0 83 0 1
82
0.1775789 -0.0558856 0
0 84 0 1
83
0.1964187 -0.057164 0
0 85 0 1
84
0.2159676 -0.0582048 0
0 86 0 1
85
0.2361799 -0.0590081 0
0 87 0 1
86
0.2570083 -0.0595755 0
0 88 0 1
87
0.2784042 -0.0599102 0
0 89 0 1
88
0.3003177 -0.0600172 0
0 90 0 1
89
0.3226976 -0.0599028 0
0 91 0 1
90
0.3454915 -0.0595747 0
0 92 0 1
91
0.3686463 -0.0590419 0
0 93 0 1
92
0.3921079 -0.0583145 0
0 94 0 1
93
0.4158215 -0.0574033 0
0 95 0 1
94
0.4397317 -0.05632 0
0 96 0 1
95
0.4637826 -0.0550769 0
0 97 0 1
96
0.4879181 -0.0536866 0
0 98 0 1
97
0.5120819 -0.052162 0
0 99 0 1
98
0.5362174 -0.0505161 0
0 100 0 1
99
0.5602683000000001 -0.0487619 0
0 101 0 1
100
0.5841786 -0.0469124 0
0 102 0 1
101
0.6078921 -0.0449802 0
0 103 0 1
102
0.6313537 -0.0429778 0
0 104 0 1
103
0.6545085 -0.0409174 0
0 105 0 1
104
0.6773025 -0.0388109 0
0 106 0 1
105
0.6996823 -0.03667 0
0 107 0 1
106
0.7215958 -0.0345058 0
0 108 0 1
107
0.7429917 -0.0323294 0
0 109 0 1
108
0.7638201999999999 -0.0301515 0
0 110 0 1
109
0.7840324 -0.0279828 0
0 111 0 1
110
0.8035813000000001 -0.0258337 0
0 112 0 1
111
0.8224211 -0.0237142 0
0 113 0 1
112
0.8405079 -0.0216347 0
0 114 0 1
113
0.8577995 -0.0196051 0
0 115 0 1
114
0.8742554 -0.0176353 0
0 116 0 1
115
0.8898372 -0.0157351 0
0 117 0 1
116
0.9045085 -0.0139143 0
0 118 0 1
117
0.9182351 -0.0121823 0
0 119 0 1
118
0.9309849 -0.0105485 0
0 120 0 1
119
0.942728 -0.009021700000000001 0
0 121 0 1
120
0.9534372 -0.0076108 0
0 122 0 1
121
0.9630873 -0.0063238 0
0 123 0 1
122
0.9716559 -0.0051685 0
0 124 0 1
123
0.9791229 -0.0041519 0
0 125 0 1
124
0.9854709 -0.0032804 0
0 126 0 1
125
0.990685 -0.0025595 0
0 127 0 1
126
0.9947532 -0.0019938 0
0 128 0 1
127
0.9976658 -0.001587 0
0 130 0 1
128
0.998551 0 0
0 131 0 1
129
0.9871265417108236 -0.1314374102783962 0
0 132 0 1
130
0.9876266137328688 -0.1286013609112716 0
0 133 0 1
131
-1 -1 0
0 134 0 1
132
2 -1 0
0 135 0 1
133
2 1 0
0 136 0 1
134
-1 1 0
1 1 0 203
135
136
137
138
139
140
141
142
143
144
145
146
147
148
149
150
151
152
153
154
155
156
157
158
159
160
161
162
163
164
165
166
167
168
169
170
171
172
173
174
175
176
177
178
179
180
181
182
183
184
185
186
187
188
189
190
191
192
193
194
195
196
197
198
199
200
201
202
203
204
205
206
207
208
209
210
211
212
213
214
215
216
217
218
219
220
221
222
223
224
225
226
227
228
229
230
231
232
233
234
235
236
237
238
239
240
241
242
243
244
245
246
247
248
249
250
251
252
253
254
255
256
257
258
259
260
261
262
263
264
265
266
267
268
269
270
271
272
273
274
275
276
277
278
279
280
281
282
283
284
285
286
287
288
289
290
291
292
293
294
295
296
297
298
299
300
301
302
303
304
305
306
307
308
309
310
311
312
313
314
315
316
317
318
319
320
321
322
323
324
325
326
327
328
329
330
331
332
333
334
335
336
337
0.977149205236106 -0.1310711793167539 0
0.9671722763281317 -0.1306937840249985 0
0.9571959756805196 -0.1303001248890183 0
0.9472203124245846 -0.1298906306969582 0
0.9372452984369477 -0.1294656147566851 0
0.9272709467143802 -0.1290253279728067 0
0.9172972637590724 -0.1285701437801562 0
0.9073242701650331 -0.1281000971123035 0
0.8973519682227453 -0.1276155974583695 0
0.887380370271302 -0.1271168186476538 0
0.8774094881920547 -0.1266039274793827 0
0.8674393288302096 -0.1260771739173926 0
0.857469904951339 -0.1255366788909418 0
0.8475012289125734 -0.1249825617629147 0
0.8375333106151039 -0.1244149767895253 0
0.8275661614402815 -0.1238340415211375 0
0.8175997931378168 -0.1232398603554285 0
0.8076342156014249 -0.122632560372941 0
0.797669441130787 -0.1220122229040433 0
0.7877054889413115 -0.1213788151541767 0
0.7777423761696118 -0.1207323380095565 0
0.767780114474365 -0.120072875315381 0
0.7578187180733498 -0.1194004686857524 0
0.7478582064349262 -0.1187150806856818 0
0.7378986004662534 -0.1180166555021138 0
0.7279399227330156 -0.1173051174775477 0
0.7179821963067705 -0.1165803879930886 0
0.708025444769197 -0.115842386166855 0
0.6980696931682411 -0.1150910151002295 0
0.688114971342194 -0.1143261224113294 0
0.6781613105123601 -0.1135475446862121 0
0.6682087420095874 -0.112755126336251 0
0.6582572978048946 -0.1119487115717137 0
0.648307015045385 -0.1111280905820196 0
0.6383579354048778 -0.1102930101318241 0
0.6284101024886821 -0.1094432071182392 0
0.6184635624991306 -0.1085784033944397 0
0.6085183635798733 -0.1076983114979424 0
0.5985745585367065 -0.1068026088028062 0
0.5886322027616822 -0.1058909603596993 0
0.5786913568701879 -0.1049629931829529 0
0.5687520860821796 -0.1040183053766185 0
0.5588144584410148 -0.1030564869284132 0
0.5488785457354972 -0.1020771121097313 0
0.5389444231705338 -0.1010797435719543 0
0.5290121753684858 -0.1000638759923508 0
0.5190818928287376 -0.09902897488564133 0
0.5091536712665303 -0.09797448617943942 0
0.4992276124878229 -0.09689983071382821 0
0.4893038233122341 -0.09580441548383696 0
0.4793824204486546 -0.09468759484073408 0
0.4694635266030655 -0.09354870698652651 0
0.4595472743755304 -0.09238704457683158 0
0.4496338060287957 -0.09120186103291952 0
0.4397232718222394 -0.08999238869378229 0
0.4298158345765841 -0.08875780577272904 0
0.41991166547232 -0.08749727471783456 0
0.4100109516143439 -0.08620988789316451 0
0.4001138928480114 -0.08489469857891158 0
0.3902207030724379 -0.08355071707092721 0
0.3803316145485917 -0.08217688575368699 0
0.3704468722210591 -0.08077212665995905 0
0.3605667419487565 -0.07933529059755075 0
0.3506915049911843 -0.07786520198986543 0
0.3408214703931232 -0.07636058429795609 0
0.3309569732568792 -0.07482008276338009 0
0.3210983733694511 -0.07324228435050185 0
0.3112460641516428 -0.0716256731952027 0
0.301400464951967 -0.06996868961955593 0
0.2915620399150253 -0.06826963189016806 0
0.2817312849308125 -0.06652674704341516 0
0.2719087482479346 -0.064738130791927 0
0.2620950219728801 -0.06290179347775152 0
0.2522907647902592 -0.06101555945238814 0
0.2424967024879177 -0.05907709110231257 0
0.232713631677686 -0.0570838987223871 0
0.2229424327210397 -0.05503330525576408 0
0.2131840786451831 -0.052922439269139 0
0.2034396651436671 -0.05074813513526026 0
0.1937104159266183 -0.04850696184332656 0
0.183997729973604 -0.04619507312403978 0
0.1743031751736657 -0.04380830874623584 0
0.1646285366859174 -0.0413420689630013 0
0.1549758691387326 -0.03879120833777895 0
0.1453475534556361 -0.03614993645018776 0
0.1357464068088844 -0.03341157354363747 0
0.1261757164886447 -0.03056862133571681 0
0.11663944451881 -0.02761230467632866 0
0.107142351817153 -0.02453249132985913 0
0.09769036850584281 -0.02131695262616518 0
0.08829089324679446 -0.01795108425640359 0
0.07895332397395625 -0.01441720234795821 0
0.06969013288737454 -0.01069284379289822 0
0.06051812111743766 -0.006749457449026924 0
0.05146088833643872 -0.002549432430205951 0
0.04255315073225476 0.001958526939459611 0
0.03384888802506465 0.006847019290947207 0
0.02543908780774385 0.01222473715326267 0
0.0174938373543178 0.01826415860335728 0
0.0103806644922845 0.02525454744401733 0
0.005040922871532794 0.03364308238214434 0
0.003798061746948034 0.0434120444167328 0
0.008307150969595348 0.05216678241340895 0
0.01619391468934972 0.05822312759951993 0
0.02526896453136133 0.0623590960077392 0
0.03480066154270821 0.0653168600793704 0
0.04454257658324205 0.06749394079558836 0
0.05439387087327344 0.06911058780639222 0
0.06430621907754094 0.07030005826877907 0
0.07425372704549459 0.07114903473219013 0
0.08422131638598473 0.07171759300029533 0
0.0941996743417735 0.07204914730856032 0
0.1041827780803588 0.07217627327964578 0
0.1141665904027876 0.07212434507396165 0
0.1241483283805234 0.0719131943788282 0
0.1341260345133666 0.07155907524690565 0
0.1440983187607875 0.07107550709052371 0
0.1540641727521649 0.07047363942649977 0
0.1640228746809768 0.06976307329060619 0
0.1739739000685361 0.06895197908294741 0
0.1839168862501676 0.068047597251159 0
0.1938515763300133 0.06705618333434946 0
0.2037777994319014 0.06598327518557298 0
0.2136954512610833 0.06483380571343779 0
0.2236044813666561 0.06361222050610416 0
0.2335048906394201 0.0623226123536412 0
0.2433967026428056 0.06096862388509362 0
0.2532799704699538 0.05955360456629534 0
0.263154761862413 0.05808058545683728 0
0.2730211651583651 0.05655238326864307 0
0.2828792833168622 0.05497161001655051 0
0.2927292338313326 0.05334071057280197 0
0.3025711418563203 0.05166195466164358 0
0.3124051314968252 0.04993741446231704 0
0.3222313388723187 0.04816906693167836 0
0.3320498975475003 0.04635872892107693 0
0.3418609533962135 0.04450815828362804 0
0.3516646458010218 0.04261896406280893 0
0.3614611235233627 0.04069270526278562 0
0.3712505317606997 0.03873083275711854 0
0.3810330189745443 0.03673473421405812 0
0.3908087313598314 0.03470571488737297 0
0.400577806689959 0.03264497565413099 0
0.4103403881861437 0.03055368733086007 0
0.4200966143622722 0.02843294665139614 0
0.4298466286902409 0.02628382688717237 0
0.4395905686693833 0.02410733121368031 0
0.4493285703037377 0.02190441760767403 0
0.4590607682019853 0.01967600296158703 0
0.4687872879667129 0.0174229328639586 0
0.4785082576640903 0.01514603522964495 0
0.488223798652017 0.01284608281576458 0
0.4979340325922036 0.01052382583356568 0
0.5076390768073769 0.008179974321237609 0
0.5173390423398753 0.005815192133388301 0
0.5270340403440877 0.003430125898157907 0
0.5367241732620518 0.001025369392402839 0
0.5464095435118173 -0.001398498331888213 0
0.5560902506543945 -0.003840923880441612 0
0.565766392452912 -0.006301374048772019 0
0.575438062218915 -0.008779345046285679 0
0.5851053388649442 -0.01127440017811962 0
0.5947683005393484 -0.01378611483702792 0
0.6044270235347482 -0.01631408046529509 0
0.6140815840209402 -0.01885789709772507 0
0.6237320526067052 -0.0214171935107539 0
0.6333784917999589 -0.02399163600976847 0
0.6430209623240549 -0.02658090336490682 0
0.65265951725672 -0.02918470898369651 0
0.6622942083137803 -0.03180277569149004 0
0.6719250845061356 -0.03443484133855081 0
0.6815521932847949 -0.03708065370820864 0
0.6911755715023443 -0.03974000293795176 0
0.7007952423990798 -0.04241273169858564 0
0.7104112297480792 -0.04509868306884492 0
0.7200235601017733 -0.04779769281153871 0
0.7296322575390131 -0.05050960752923951 0
0.7392373316637072 -0.05323432760012936 0
0.7488387879795596 -0.05597176895469215 0
0.7584366316956427 -0.05872184982439491 0
0.7680308674835394 -0.06148449139652397 0
0.7776214947861354 -0.06425963407329351 0
0.7872085081126765 -0.06704723601874921 0
0.7967918798699604 -0.06984733147458946 0
0.8063715704256669 -0.07265999524202568 0
0.815947563373544 -0.0754852222927611 0
0.8255198518734135 -0.07832297523793402 0
0.8350883965507311 -0.08117332629635267 0
0.8446531446443408 -0.08403639150081546 0
0.8542140494070178 -0.0869122649344115 0
0.8637710599391981 -0.08980105316569907 0
0.8733241141780734 -0.09270289776169746 0
0.8828731596872277 -0.09561790666044057 0
0.8924181431107056 -0.09854618913217758 0
0.9019589725234494 -0.1014879777248822 0
0.9114955797119459 -0.1044434251148952 0
0.9210278936281187 -0.1074126904281082 0
0.9305557720660894 -0.1103961576750354 0
0.9400791837258362 -0.1133938526389286 0
0.949597994775063 -0.1164061240098648 0
0.9591121071863695 -0.1194332031158947 0
0.9686214026417821 -0.1224753803080656 0
0.9781257259064873 -0.1255330553923388 0
1 2 0 2
338
339
0.9885664860969603 -0.1295508829115288 0
0.9883344884864598 -0.130866606742155 0
1 3 0 9
340
341
342
343
344
345
346
347
348
-0.7 -1 0
-0.4 -1 0
-0.09999999999999998 -1 0
0.2 -1 0
0.5 -1 0
0.8 -1 0
1.1 -1 0
1.4 -1 0
1.7 -1 0
1 4 0 6
349
350
351
352
353
354
2 -0.7142857142857149 0
2 -0.4285714285714292 0
2 -0.1428571428571446 0
2 0.1428571428571399 0
2 0.4285714285714264 0
2 0.7142857142857131 0
1 5 0 9
355
356
357
358
359
360
361
362
363
1.7 1 0
1.4 1 0
1.1 1 0
0.8 1 0
0.5 1 0
0.2 1 0
-0.1000000000000001 1 0
-0.3999999999999999 1 0
-0.7000000000000002 1 0
1 6 0 6
364
365
366
367
368
369
-1 0.7142857142857149 0
-1 0.4285714285714292 0
-1 0.1428571428571446 0
-1 -0.1428571428571399 0
-1 -0.4285714285714264 0
-1 -0.7142857142857131 0
2 1 0 2825
370
371
372
373
374
375
376
377
378
379
380
381
382
383
384
385
386
387
388
389
390
391
392
393
394
395
396
397
398
399
400
401
402
403
404
405
406
407
408
409
410
411
412
413
414
415
416
417
418
419
420
421
422
423
424
425
426
427
428
429
430
431
432
433
434
435
436
437
438
439
440
441
442
443
444
445
446
447
448
449
450
451
452
453
454
455
456
457
458
459
460
461
462
463
464
465
466
467
468
469
470
471
472
473
474
475
476
477
478
479
480
481
482
483
484
485
486
487
488
489
490
491
492
493
494
495
496
497
498
499
500
501
502
503
504
505
506
507
508
509
510
511
512
513
514
515
516
517
518
519
520
521
522
523
524
525
526
527
528
529
530
531
532
533
534
535
536
537
538
539
540
541
542
543
544
545
546
547
548
549
550
551
552
553
554
555
556
557
558
559
560
561
562
563
564
565
566
567
568
569
570
571
572
573
574
575
576
577
578
579
580
581
582
583
584
585
586
587
588
589
590
591
592
593
594
595
596
597
598
599
600
601
602
603
604
605
606
607
608
609
610
611
612
613
614
615
616
617
618
619
620
621
622
623
624
625
626
627
628
629
630
631
632
633
634
635
636
637
638
639
640
641
642
643
644
645
646
647
648
649
650
651
652
653
654
655
656
657
658
659
660
661
662
663
664
665
666
667
668
669
670
671
672
673
674
675
676
677
678
679
680
681
682
683
684
685
686
687
688
689
690
691
692
693
694
695
696
697
698
699
700
701
702
703
704
705
706
707
708
709
710
711
712
713
714
715
716
717
718
719
720
721
722
723
724
725
726
727
728
729
730
731
732
733
734
735
736
737
738
739
740
741
742
743
744
745
746
747
748
749
750
751
752
753
754
755
756
757
758
759
760
761
762
763
764
765
766
767
768
769
770
771
772
773
774
775
776
777
778
779
780
781
782
783
784
785
786
787
788
789
790
791
792
793
794
795
796
797
798
799
800
801
802
803
804
805
806
807
808
809
810
811
812
813
814
815
816
817
818
819
820
821
822
823
824
825
826
827
828
829
830
831
832
833
834
835
836
837
838
839
840
841
842
843
844
845
846
847
848
849
850
851
852
853
854
855
856
857
858
859
860
861
862
863
864
865
866
867
868
869
870
871
872
873
874
875
876
877
878
879
880
881
882
883
884
885
886
887
888
889
890
891
892
893
894
895
896
897
898
899
900
901
902
903
904
905
906
907
908
909
910
911
912
913
914
915
916
917
918
919
920
921
922
923
924
925
926
927
928
929
930
931
932
933
934
935
936
937
938
939
940
941
942
943
944
945
946
947
948
949
950
951
952
953
954
955
956
957
958
959
960
961
962
963
964
965
966
967
968
969
970
971
972
973
974
975
976
977
978
979
980
981
982
983
984
985
986
987
988
989
990
991
992
993
994
995
996
997
998
999
1000
1001
1002
1003
1004
1005
1006
1007
1008
1009
1010
1011
1012
1013
1014
1015
1016
1017
1018
1019
1020
1021
1022
1023
1024
1025
1026
1027
1028
1029
1030
1031
1032
1033
1034
1035
1036
1037
1038
1039
1040
1041
1042
1043
1044
1045
1046
1047
1048
1049
1050
1051
1052
1053
1054
1055
1056
1057
1058
1059
1060
1061
1062
1063
1064
1065
1066
1067
1068
1069
1070
1071
1072
1073
1074
1075
1076
1077
1078
1079
1080
1081
1082
1083
1084
1085
1086
1087
1088
1089
1090
1091
1092
1093
1094
1095
1096
1097
1098
1099
1100
1101
1102
1103
1104
1105
1106
1107
1108
1109
1110
1111
1112
1113
1114
1115
1116
1117
1118
1119
1120
1121
1122
1123
1124
1125
1126
1127
1128
1129
1130
1131
1132
1133
1134
1135
1136
1137
1138
1139
1140
1141
1142
1143
1144
1145
1146
1147
1148
1149
1150
1151
1152
1153
1154
1155
1156
1157
1158
1159
1160
1161
1162
1163
1164
1165
1166
1167
1168
1169
1170
1171
1172
1173
1174
1175
1176
1177
1178
1179
1180
1181
1182
1183
1184
1185
1186
1187
1188
1189
1190
1191
1192
1193
1194
1195
1196
1197
1198
1199
1200
1201
1202
1203
1204
1205
1206
1207
1208
1209
1210
1211
1212
1213
1214
1215
1216
1217
1218
1219
1220
1221
1222
1223
1224
1225
1226
1227
1228
1229
1230
1231
1232
1233
1234
1235
1236
1237
1238
1239
1240
1241
1242
1243
1244
1245
1246
1247
1248
1249
1250
1251
1252
1253
1254
1255
1256
1257
1258
1259
1260
1261
1262
1263
1264
1265
1266
1267
1268
1269
1270
1271
1272
1273
1274
1275
1276
1277
1278
1279
1280
1281
1282
1283
1284
1285
1286
1287
1288
1289
1290
1291
1292
1293
1294
1295
1296
1297
1298
1299
1300
1301
1302
1303
1304
1305
1306
1307
1308
1309
1310
1311
1312
1313
1314
1315
1316
1317
1318
1319
1320
1321
1322
1323
1324
1325
1326
1327
1328
1329
1330
1331
1332
1333
1334
1335
1336
1337
1338
1339
1340
1341
1342
1343
1344
1345
1346
1347
1348
1349
1350
1351
1352
1353
1354
1355
1356
1357
1358
1359
1360
1361
1362
1363
1364
1365
1366
1367
1368
1369
1370
1371
1372
1373
1374
1375
1376
1377
1378
1379
1380
1381
1382
1383
1384
1385
1386
1387
1388
1389
1390
1391
1392
1393
1394
1395
1396
1397
1398
1399
1400
1401
1402
1403
1404
1405
1406
1407
1408
1409
1410
1411
1412
1413
1414
1415
1416
1417
1418
1419
1420
1421
1422
1423
1424
1425
1426
1427
1428
1429
1430
1431
1432
1433
1434
1435
1436
1437
1438
1439
1440
1441
1442
1443
1444
1445
1446
1447
1448
1449
1450
1451
1452
1453
1454
1455
1456
1457
1458
1459
1460
1461
1462
1463
1464
1465
1466
1467
1468
1469
1470
1471
1472
1473
1474
1475
1476
1477
1478
1479
1480
1481
1482
1483
1484
1485
1486
1487
1488
1489
1490
1491
1492
1493
1494
1495
1496
1497
1498
1499
1500
1501
1502
1503
1504
1505
1506
1507
1508
1509
1510
1511
1512
1513
1514
1515
1516
1517
1518
1519
1520
1521
1522
1523
1524
1525
1526
1527
1528
1529
1530
1531
1532
1533
1534
1535
1536
1537
1538
1539
1540
1541
1542
1543
1544
1545
1546
1547
1548
1549
1550
1551
1552
1553
1554
1555
1556
1557
1558
1559
1560
1561
1562
1563
1564
1565
1566
1567
1568
1569
1570
1571
1572
1573
1574
1575
1576
1577
1578
1579
1580
1581
1582
1583
1584
1585
1586
1587
1588
1589
1590
1591
1592
1593
1594
1595
1596
1597
1598
1599
1600
1601
1602
1603
1604
1605
1606
1607
1608
1609
1610
1611
1612
1613
1614
1615
1616
1617
1618
1619
1620
1621
1622
1623
1624
1625
1626
1627
1628
1629
1630
1631
1632
1633
1634
1635
1636
1637
1638
1639
1640
1641
1642
1643
1644
1645
1646
1647
1648
1649
1650
1651
1652
1653
1654
1655
1656
1657
1658
1659
1660
1661
1662
1663
1664
1665
1666
1667
1668
1669
1670
1671
1672
1673
1674
1675
1676
1677
1678
1679
1680
1681
1682
1683
1684
1685
1686
1687
1688
1689
1690
1691
1692
1693
1694
1695
1696
1697
1698
1699
1700
1701
1702
1703
1704
1705
1706
1707
1708
1709
1710
1711
1712
1713
1714
1715
1716
1717
1718
1719
1720
1721
1722
1723
1724
1725
1726
1727
1728
1729
1730
1731
1732
1733
1734
1735
1736
1737
1738
1739
1740
1741
1742
1743
1744
1745
1746
1747
1748
1749
1750
1751
1752
1753
1754
1755
1756
1757
1758
1759
1760
1761
1762
1763
1764
1765
1766
1767
1768
1769
1770
1771
1772
1773
1774
1775
1776
1777
1778
1779
1780
1781
1782
1783
1784
1785
1786
1787
1788
1789
1790
1791
1792
1793
1794
1795
1796
1797
1798
1799
1800
1801
1802
1803
1804
1805
1806
1807
1808
1809
1810
1811
1812
1813
1814
1815
1816
1817
1818
1819
1820
1821
1822
1823
1824
1825
1826
1827
1828
1829
1830
1831
1832
1833
1834
1835
1836
1837
1838
1839
1840
1841
1842
1843
1844
1845
1846
1847
1848
1849
1850
1851
1852
1853
1854
1855
1856
1857
1858
1859
1860
1861
1862
1863
1864
1865
1866
1867
1868
1869
1870
1871
1872
1873
1874
1875
1876
1877
1878
1879
1880
1881
1882
1883
1884
1885
1886
1887
1888
1889
1890
1891
1892
1893
1894
1895
1896
1897
1898
1899
1900
1901
1902
1903
1904
1905
1906
1907
1908
1909
1910
1911
1912
1913
1914
1915
1916
1917
1918
1919
1920
1921
1922
1923
1924
1925
1926
1927
1928
1929
1930
1931
1932
1933
1934
1935
1936
1937
1938
1939
1940
1941
1942
1943
1944
1945
1946
1947
1948
1949
1950
1951
1952
1953
1954
1955
1956
1957
1958
1959
1960
1961
1962
1963
1964
1965
1966
1967
1968
1969
1970
1971
1972
1973
1974
1975
1976
1977
1978
1979
1980
1981
1982
1983
1984
1985
1986
1987
1988
1989
1990
1991
1992
1993
1994
1995
1996
1997
1998
1999
2000
2001
2002
2003
2004
2005
2006
2007
2008
2009
2010
2011
2012
2013
2014
2015
2016
2017
2018
2019
2020
2021
2022
2023
2024
2025
2026
2027
2028
2029
2030
2031
2032
2033
2034
2035
2036
2037
2038
2039
2040
2041
2042
2043
2044
2045
2046
2047
2048
2049
2050
2051
2052
2053
2054
2055
2056
2057
2058
2059
2060
2061
2062
2063
2064
2065
2066
2067
2068
2069
2070
2071
2072
2073
2074
2075
2076
2077
2078
2079
2080
2081
2082
2083
2084
2085
2086
2087
2088
2089
2090
2091
2092
2093
2094
2095
2096
2097
2098
2099
2100
2101
2102
2103
2104
2105
2106
2107
2108
2109
2110
2111
2112
2113
2114
2115
2116
2117
2118
2119
2120
2121
2122
2123
2124
2125
2126
2127
2128
2129
2130
2131
2132
2133
2134
2135
2136
2137
2138
2139
2140
2141
2142
2143
2144
2145
2146
2147
2148
2149
2150
2151
2152
2153
2154
2155
2156
2157
2158
2159
2160
2161
2162
2163
2164
2165
2166
2167
2168
2169
2170
2171
2172
2173
2174
2175
2176
2177
2178
2179
2180
2181
2182
2183
2184
2185
2186
2187
2188
2189
2190
2191
2192
2193
2194
2195
2196
2197
2198
2199
2200
2201
2202
2203
2204
2205
2206
2207
2208
2209
2210
2211
2212
2213
2214
2215
2216
2217
2218
2219
2220
2221
2222
2223
2224
2225
2226
2227
2228
2229
2230
2231
2232
2233
2234
2235
2236
2237
2238
2239
2240
2241
2242
2243
2244
2245
2246
2247
2248
2249
2250
2251
2252
2253
2254
2255
2256
2257
2258
2259
2260
2261
2262
2263
2264
2265
2266
2267
2268
2269
2270
2271
2272
2273
2274
2275
2276
2277
2278
2279
2280
2281
2282
2283
2284
2285
2286
2287
2288
2289
2290
2291
2292
2293
2294
2295
2296
2297
2298
2299
2300
2301
2302
2303
2304
2305
2306
2307
2308
2309
2310
2311
2312
2313
2314
2315
2316
2317
2318
2319
2320
2321
2322
2323
2324
2325
2326
2327
2328
2329
2330
2331
2332
2333
2334
2335
2336
2337
2338
2339
2340
2341
2342
2343
2344
2345
2346
2347
2348
2349
2350
2351
2352
2353
2354
2355
2356
2357
2358
2359
2360
2361
2362
2363
2364
2365
2366
2367
2368
2369
2370
2371
2372
2373
2374
2375
2376
2377
2378
2379
2380
2381
2382
2383
2384
2385
2386
2387
2388
2389
2390
2391
2392
2393
2394
2395
2396
2397
2398
2399
2400
2401
2402
2403
2404
2405
2406
2407
2408
2409
2410
2411
2412
2413
2414
2415
2416
2417
2418
2419
2420
2421
2422
2423
2424
2425
2426
2427
2428
2429
2430
2431
2432
2433
2434
2435
2436
2437
2438
2439
2440
2441
2442
2443
2444
2445
2446
2447
2448
2449
2450
2451
2452
2453
2454
2455
2456
2457
2458
2459
2460
2461
2462
2463
2464
2465
2466
2467
2468
2469
2470
2471
2472
2473
2474
2475
2476
2477
2478
2479
2480
2481
2482
2483
2484
2485
2486
2487
2488
2489
2490
2491
2492
2493
2494
2495
2496
2497
2498
2499
2500
2501
2502
2503
2504
2505
2506
2507
2508
2509
2510
2511
2512
2513
2514
2515
2516
2517
2518
2519
2520
2521
2522
2523
2524
2525
2526
2527
2528
2529
2530
2531
2532
2533
2534
2535
2536
2537
2538
2539
2540
2541
2542
2543
2544
2545
2546
2547
2548
2549
2550
2551
2552
2553
2554
2555
2556
2557
2558
2559
2560
2561
2562
2563
2564
2565
2566
2567
2568
2569
2570
2571
2572
2573
2574
2575
2576
2577
2578
2579
2580
2581
2582
2583
2584
2585
2586
2587
2588
2589
2590
2591
2592
2593
2594
2595
2596
2597
2598
2599
2600
2601
2602
2603
2604
2605
2606
2607
2608
2609
2610
2611
2612
2613
2614
2615
2616
2617
2618
2619
2620
2621
2622
2623
2624
2625
2626
2627
2628
2629
2630
2631
2632
2633
2634
2635
2636
2637
2638
2639
2640
2641
2642
2643
2644
2645
2646
2647
2648
2649
2650
2651
2652
2653
2654
2655
2656
2657
2658
2659
2660
2661
2662
2663
2664
2665
2666
2667
2668
2669
2670
2671
2672
2673
2674
2675
2676
2677
2678
2679
2680
2681
2682
2683
2684
2685
2686
2687
2688
2689
2690
2691
2692
2693
2694
2695
2696
2697
2698
2699
2700
2701
2702
2703
2704
2705
2706
2707
2708
2709
2710
2711
2712
2713
2714
2715
2716
2717
2718
2719
2720
2721
2722
2723
2724
2725
2726
2727
2728
2729
2730
2731
2732
2733
2734
2735
2736
2737
2738
2739
2740
2741
2742
2743
2744
2745
2746
2747
2748
2749
2750
2751
2752
2753
2754
2755
2756
2757
2758
2759
2760
2761
2762
2763
2764
2765
2766
2767
2768
2769
2770
2771
2772
2773
2774
2775
2776
2777
2778
2779
2780
2781
2782
2783
2784
2785
2786
2787
2788
2789
2790
2791
2792
2793
2794
2795
2796
2797
2798
2799
2800
2801
2802
2803
2804
2805
2806
2807
2808
2809
2810
2811
2812
2813
2814
2815
2816
2817
2818
2819
2820
2821
2822
2823
2824
2825
2826
2827
2828
2829
2830
2831
2832
2833
2834
2835
2836
2837
2838
2839
2840
2841
2842
2843
2844
2845
2846
2847
2848
2849
2850
2851
2852
2853
2854
2855
2856
2857
2858
2859
2860
2861
2862
2863
2864
2865
2866
2867
2868
2869
2870
2871
2872
2873
2874
2875
2876
2877
2878
2879
2880
2881
2882
2883
2884
2885
2886
2887
2888
2889
2890
2891
2892
2893
2894
2895
2896
2897
2898
2899
2900
2901
2902
2903
2904
2905
2906
2907
2908
2909
2910
2911
2912
2913
2914
2915
2916
2917
2918
2919
2920
2921
2922
2923
2924
2925
2926
2927
2928
2929
2930
2931
2932
2933
2934
2935
2936
2937
2938
2939
2940
2941
2942
2943
2944
2945
2946
2947
2948
2949
2950
2951
2952
2953
2954
2955
2956
2957
2958
2959
2960
2961
2962
2963
2964
2965
2966
2967
2968
2969
2970
2971
2972
2973
2974
2975
2976
2977
2978
2979
2980
2981
2982
2983
2984
2985
2986
2987
2988
2989
2990
2991
2992
2993
2994
2995
2996
2997
2998
2999
3000
3001
3002
3003
3004
3005
3006
3007
3008
3009
3010
3011
3012
3013
3014
3015
3016
3017
3018
3019
3020
3021
3022
3023
3024
3025
3026
3027
3028
3029
3030
3031
3032
3033
3034
3035
3036
3037
3038
3039
3040
3041
3042
3043
3044
3045
3046
3047
3048
3049
3050
3051
3052
3053
3054
3055
3056
3057
3058
3059
3060
3061
3062
3063
3064
3065
3066
3067
3068
3069
3070
3071
3072
3073
3074
3075
3076
3077
3078
3079
3080
3081
3082
3083
3084
3085
3086
3087
3088
3089
3090
3091
3092
3093
3094
3095
3096
3097
3098
3099
3100
3101
3102
3103
3104
3105
3106
3107
3108
3109
3110
3111
3112
3113
3114
3115
3116
3117
3118
3119
3120
3121
3122
3123
3124
3125
3126
3127
3128
3129
3130
3131
3132
3133
3134
3135
3136
3137
3138
3139
3140
3141
3142
3143
3144
3145
3146
3147
3148
3149
3150
3151
3152
3153
3154
3155
3156
3157
3158
3159
3160
3161
3162
3163
3164
3165
3166
3167
3168
3169
3170
3171
3172
3173
3174
3175
3176
3177
3178
3179
3180
3181
3182
3183
3184
3185
3186
3187
3188
3189
3190
3191
3192
3193
3194
0.9172964761201167 -0.1285871255287507 0
0.9172949008422052 -0.1286210890259396 0
0.9172917502863824 -0.1286890160203174 0
0.9172854491747366 -0.128824870009073 0
0.9172728469514451 -0.1290965779865842 0
0.9172476425048621 -0.1296399939416066 0
0.9171972336116962 -0.1307268258516515 0
0.9170964158253643 -0.1329004896717413 0
0.9168947802527004 -0.1372478173119208 0
0.8873795090386618 -0.1271337968225575 0
0.8873777865733812 -0.1271677531723651 0
0.8873743416428201 -0.1272356658719801 0
0.8873674517816981 -0.1273714912712102 0
0.8873536720594539 -0.1276431420696703 0
0.8873261126149655 -0.1281864436665907 0
0.8872709937259888 -0.1292730468604313 0
0.8871607559480352 -0.1314462532481126 0
0.8869402803921282 -0.1357926660234753 0
0.8774086031418704 -0.1266209044292216 0
0.8774068330415019 -0.1266548583288995 0
0.8774032928407648 -0.1267227661282552 0
0.8773962124392907 -0.1268585817269666 0
0.8773820516363423 -0.1271302129243894 0
0.8773537300304457 -0.1276734753192351 0
0.8772970868186525 -0.1287600001089264 0
0.8771838003950659 -0.130933049688309 0
0.876957227547893 -0.1352791488470742 0
0.8674384202787819 -0.1260941496256712 0
0.8674366031759265 -0.1261281010422283 0
0.8674329689702158 -0.1261960038753426 0
0.8674257005587944 -0.1263318095415712 0
0.8674111637359515 -0.1266034208740285 0
0.8673820900902658 -0.127146643538943 0
0.8673239427988941 -0.1282330888687719 0
0.867207648216151 -0.1304059795284299 0
0.8669750590506649 -0.1347517608477457 0
0.8574689731032497 -0.1255536533362653 0
0.8574671094070709 -0.1255876022269123 0
0.8574633820147137 -0.1256555000082063 0
0.8574559272299991 -0.1257912955707943 0
0.8574410176605697 -0.1260628866959702 0
0.857411198521711 -0.1266060689463222 0
0.8573515602439936 -0.1276924334470261 0
0.8572322836885589 -0.1298651624484338 0
0.8569937305776896 -0.1342106204512494 0
0.9272701844118597 -0.1290423108776245 0
0.9272686598068189 -0.1290762766872601 0
0.9272656105967372 -0.1291442083065313 0
0.9272595121765737 -0.1292800715450736 0
0.9272473153362468 -0.1295517980221584 0
0.9272229216555929 -0.1300952509763278 0
0.9271741342942854 -0.1311821568846668 0
0.9270765595716701 -0.1333559687013446 0
0.9268814101264398 -0.1377035923347003 0
0.5290104295117817 -0.1000807861150514 0
0.5290069377983735 -0.1001146063604525 0
0.5289999543715571 -0.1001822468512548 0
0.5289859875179244 -0.1003175278328594 0
0.5289580538106589 -0.1005880897960686 0
0.5289021863961277 -0.1011292137224869 0
0.5287904515670656 -0.1022114615753236 0
0.5285669819089415 -0.1043759572809969 0
0.528120042592693 -0.1087049486923436 0
0.5190801140938813 -0.09904588158205074 0
0.5190765566241686 -0.09907969497486957 0
0.5190694416847433 -0.09914732176050721 0
0.5190552118058926 -0.0992825753317825 0
0.5190267520481914 -0.09955308247433309 0
0.5189698325327888 -0.1000940967594342 0
0.5188559935019837 -0.1011761253296366 0
0.5186283154403736 -0.1033401824700412 0
0.5181729593171532 -0.1076682967508505 0
0.5091518586888264 -0.09799138928152858 0
0.5091482335334186 -0.09802519548570687 0
0.509140983222603 -0.09809280789406347 0
0.5091264826009718 -0.09822803271077667 0
0.5090974813577093 -0.09849848234420307 0
0.5090394788711844 -0.09903938161105587 0
0.5089234738981345 -0.1001211801447615 0
0.5086914639520347 -0.1022847772121727 0
0.5082274440598352 -0.1066119713469951 0
0.499225765069391 -0.09691673004402915 0
0.4992220702325272 -0.09695052870443102 0
0.4992146805587995 -0.09701812602523478 0
0.4991999012113441 -0.09715332066684229 0
0.4991703425164334 -0.09742370995005732 0
0.4991112251266119 -0.09796448851648736 0
0.498992990346969 -0.09904604564934745 0
0.4987565207876832 -0.1012091599150676 0
0.4982835816691116 -0.105535388446508 0
0.4893019399987384 -0.09582131085203377 0
0.489298173371747 -0.09585510158842739 0
0.4892906401177641 -0.09592268306121464 0
0.4892755736097983 -0.09605784600678913 0
0.4892454405938669 -0.09632817189793812 0
0.489185174562004 -0.09686882368023608 0
0.4890646424982781 -0.097950127244832 0
0.4888235783708265 -0.1001127343740239 0
0.4883414501159231 -0.1044379486324076 0
0.4793805001270386 -0.09470448604324924 0
0.4793766594838066 -0.09473826844827958 0
0.4793689781973427 -0.09480583325834024 0
0.4793536156244148 -0.09494096287846157 0
0.4793228904785588 -0.09521122211870424 0
0.479261440186847 -0.09575174059918956 0
0.4791385396034233 -0.09683277756016022 0
0.4788927384365761 -0.09899485148210153 0
0.4784011361028815 -0.1033189993259842 0
0.4694615681078712 -0.09356559380616716 0
0.4694576511174827 -0.09359936744544849 0
0.4694498171367055 -0.09366691472401112 0
0.4694341491751512 -0.0938020092811364 0
0.4694028132520426 -0.09407219839538696 0
0.4693401414058255 -0.09461257662388806 0
0.4692147977133912 -0.09569333308089026 0
0.4689641103285226 -0.09785484599489468 0
0.4684627355587855 -0.1021778718229035 0
0.7478570283710737 -0.1187320398215486 0
0.7478546722433687 -0.1187659580932822 0
0.7478499599879587 -0.1188337946367493 0
0.7478405354771386 -0.1189694677236837 0
0.7478216864554985 -0.1192408138975523 0
0.7477839884122183 -0.1197835062452896 0
0.7477085923256578 -0.1208688909407643 0
0.7475578001525369 -0.1230396603317136 0
0.7472562158062952 -0.1273811991136121 0
0.7378974001397075 -0.1180336130768649 0
0.7378949994866157 -0.1180675282263669 0
0.737890198180432 -0.1181353585253709 0
0.7378805955680647 -0.118271019123379 0
0.73786139034333 -0.1185423403193951 0
0.7378229798938607 -0.1190849827114274 0
0.737746158994922 -0.1201702674954919 0
0.7375925171970446 -0.1223408370636209 0
0.7372852336012898 -0.126681976199879 0
0.7279387000124435 -0.1173220734523409 0
0.7279362545712995 -0.1173559854019272 0
0.7279313636890116 -0.1174238093010998 0
0.7279215819244356 -0.117559457099445 0
0.7279020183952836 -0.1178307526961354 0
0.7278628913369795 -0.1183733438895163 0
0.7277846372203715 -0.1194585262762781 0
0.7276281289871553 -0.1216288910498015 0
0.727315112520723 -0.1259696205968485 0
0.7179809510563885 -0.1165973423282231 0
0.7179784605556243 -0.1166312509984921 0
0.7179734795540962 -0.1166990683390302 0
0.7179635175510397 -0.1168347030201063 0
0.717943593544927 -0.1171059723822586 0
0.7179037455327013 -0.1176485111065632 0
0.7178240495082501 -0.1187335885551723 0
0.7176646574593476 -0.1209037434523906 0
0.7173458733615425 -0.1252440532468272 0
0.7080241768377186 -0.1158593388209257 0
0.7080216409747617 -0.1158932441290671 0
0.7080165692488478 -0.1159610547453498 0
0.7080064257970202 -0.1160966759779154 0
0.7079861388933648 -0.1163679184430464 0
0.7079455650860541 -0.1169104033733084 0
0.7078644174714328 -0.1179953732338325 0
0.7077021222421901 -0.1201653129548807 0
0.7073775317837047 -0.1245051923969771 0
0.9571952919772047 -0.1303171111402768 0
0.9571939245705747 -0.1303510836427938 0
0.9571911897573151 -0.1304190286478278 0
0.9571857201307956 -0.1305549186578957 0
0.9571747808777565 -0.1308266986780316 0
0.9571529023716785 -0.1313702587183034 0
0.9571091453595225 -0.1324573787988469 0
0.9570216313352105 -0.1346316189599341 0
0.9568466032865864 -0.1389800992821083 0
0.9073234575664432 -0.1281170776845931 0
0.9073218323692632 -0.1281510388291723 0
0.9073185819749034 -0.1282189611183308 0
0.9073120811861837 -0.1283548056966476 0
0.9072990796087442 -0.1286264948532814 0
0.9072730764538652 -0.129169873166549 0
0.9072210701441075 -0.1302566297930841 0
0.9071170575245919 -0.1324301430461544 0
0.9069090322855609 -0.1367771695522949 0
0.8475002740006243 -0.1249995349262926 0
0.8474983641767262 -0.1250334812530484 0
0.8474945445289299 -0.1251013739065601 0
0.8474869052333374 -0.1252371592135834 0
0.8474716266421523 -0.1255087298276301 0
0.847441069459782 -0.1260518710557235 0
0.8473799550950416 -0.1271381535119104 0
0.8472577263655608 -0.129310718424284 0
0.8470132689065992 -0.1336558482490312 0
0.8375323328708535 -0.1244319486528818 0
0.8375303773823526 -0.1244658923795948 0
0.8375264664053508 -0.1245337798330209 0
0.8375186444513472 -0.1246695547398731 0
0.8375030005433399 -0.1249411045535774 0
0.8374717127273255 -0.125484204180986 0
0.8374091370952967 -0.1265704034358032 0
0.837283985831239 -0.1287428019454377 0
0.8370336833031236 -0.1330875989647066 0
0.8275651610527415 -0.1238510120648053 0
0.8275631602776612 -0.123884953152141 0
0.8275591587275009 -0.1239528353268123 0
0.82755115562718 -0.124088599676155 0
0.8275351494265384 -0.1243601283748404 0
0.8275031370252552 -0.1249031857722112 0
0.827439112222689 -0.1259893005669528 0
0.8273110626175563 -0.128161530156436 0
0.8270549634072909 -0.1325059893354024 0
0.380329249101558 -0.08219372040150995 0
0.3803245182074905 -0.08222738969715586 0
0.3803150564193556 -0.08229472828844767 0
0.3802961328430858 -0.08242940547103129 0
0.3802582856905462 -0.08269875983619857 0
0.380182591385467 -0.08323746856653308 0
0.3800312027753084 -0.08431488602720212 0
0.3797284255549914 -0.0864697209485402 0
0.3791228711143575 -0.09077939079121637 0
0.3704444531387062 -0.08078895368589259 0
0.3704396149740003 -0.08082260773775966 0
0.3704299386445886 -0.08088991584149381 0
0.370410585985765 -0.08102453204896212 0
0.3703718806681181 -0.08129376446389873 0
0.3702944700328242 -0.08183222929377196 0
0.3701396487622364 -0.0829091589535184 0
0.3698300062210608 -0.0850630182730113 0
0.3692107211387095 -0.0893707369119971 0
0.3605642672519221 -0.07935210953611356 0
0.3605593178582533 -0.07938574741323917 0
0.3605494190709158 -0.07945302316749039 0
0.3605296214962407 -0.07958757467599284 0
0.3604900263468904 -0.07985667769299773 0
0.3604108360481899 -0.08039488372700751 0
0.3602524554507889 -0.08147129579502707 0
0.3599356942559869 -0.08362411993106619 0
0.359302171866383 -0.08792976820314446 0
0.3506889725925658 -0.07788201233908891 0
0.3506839077953287 -0.07791563303753585 0
0.3506737782008545 -0.07798287443442972 0
0.3506535190119062 -0.07811735722821747 0
0.3506130006340096 -0.07838632281579297 0
0.3505319638782164 -0.07892425399094398 0
0.35036989036663 -0.080000116341246 0
0.3500457433434572 -0.08215184104185004 0
0.3493974492971115 -0.08645529044305812 0
0.3408188780527666 -0.07637738551002558 0
0.3408136933720534 -0.07641098793416456 0
0.3408033240106269 -0.07647819278244253 0
0.340782585287774 -0.07661260247899847 0
0.3407411078420682 -0.07688142187211035 0
0.3406581529506567 -0.07741906065833409 0
0.3404922431678336 -0.0784943382307816 0
0.3401604236021873 -0.08064489337567661 0
0.3394967844708949 -0.08494600366546663 0
0.3309543186185434 -0.0748368742471968 0
0.3309490093418715 -0.07487045721483024 0
0.330938390788528 -0.07493762315009711 0
0.3309171536818409 -0.07507195502063083 0
0.3308746794684668 -0.07534061876169829 0
0.3307897310417185 -0.07587794624383321 0
0.3306198341882218 -0.07695260120810304 0
0.3302800404812286 -0.07910191113664269 0
0.3296004530672422 -0.08340053099372202 0
0.3210956539398805 -0.07325906546558311 0
0.3210902150807391 -0.07329262769574561 0
0.3210793373624564 -0.07335975215607063 0
0.3210575819258911 -0.07349400107672066 0
0.3210140710527603 -0.07376249891802072 0
0.3209270493064987 -0.07429949460062084 0
0.3207530058139756 -0.07537348596582109 0
0.3204049188289294 -0.07752146869622158 0
0.319708744858837 -0.08181743415702256 0
0.3112432773125117 -0.07164244325011275 0
0.3112377036342494 -0.07167598335993285 0
0.3112265562777249 -0.07174306357957305 0
0.3112042615646758 -0.07187722401885345 0
0.3111596721385778 -0.07214554489741426 0
0.3110704932863817 -0.07268218665453587 0
0.3108921355819894 -0.07375547016877906 0
0.3105354201732049 -0.07590203719726549 0
0.3098219893556359 -0.08019517125423832 0
0.30139760792704 -0.06998544786316795 0
0.301391893877186 -0.07001896435039197 0
0.3013804657774779 -0.07008599732484001 0
0.3013576095780619 -0.0702200632737361 0
0.3013118971792297 -0.0704881951715283 0
0.3012204723815655 -0.07102445896711267 0
0.301037622786237 -0.07209698655828141 0
0.30067192359558 -0.07424204174061889 0
0.299940525214266 -0.07853215210529385 0
0.897351131162117 -0.1276325768422703 0
0.8973494570408604 -0.1276665356100717 0
0.8973461087983473 -0.1277344531456746 0
0.897339412313321 -0.1278702882168804 0
0.8973260193432685 -0.128141958359292 0
0.8972992334031633 -0.1286852986441151 0
0.8972456615229532 -0.1297719792137614 0
0.8971385177625326 -0.1319453403530539 0
0.8969242302416915 -0.1362920626316391 0
0.9372445618199425 -0.1294825987952134 0
0.937243088585932 -0.12951656687227 0
0.9372401421179111 -0.1295845030263831 0
0.937234249181869 -0.1297203753346093 0
0.9372224633097852 -0.1299921199510616 0
0.9371988915656174 -0.1305356091839664 0
0.9371517480772819 -0.1316225876497759 0
0.9370574611006107 -0.1337965445813949 0
0.9368688871472686 -0.138144458444633 0
0.5886306366606757 -0.1059078880743208 0
0.5886275044586631 -0.1059417435035639 0
0.5886212400546376 -0.10600945436205 0
0.5886087112465865 -0.1061448760790221 0
0.5885836536304845 -0.1064157195129664 0
0.5885335383982805 -0.1069574063808549 0
0.5884333079338725 -0.1080407801166321 0
0.5882328470050564 -0.1102075275881863 0
0.5878319251474242 -0.1145410225312949 0
0.5786897626425184 -0.1049799182720982 0
0.5786865741871793 -0.1050137684503889 0
0.5786801972765011 -0.1050814688069702 0
0.5786674434551449 -0.1052168695201329 0
0.5786419358124322 -0.1054876709464583 0
0.578590920527007 -0.106029273799109 0
0.5784888899561564 -0.1071124795044104 0
0.5782848288144554 -0.1092788909150132 0
0.5778767065310535 -0.1136117137362189 0
0.5687504630366531 -0.1040352277268654 0
0.5687472169455999 -0.1040690724273591 0
0.5687407247634937 -0.1041367618283465 0
0.5687277403992813 -0.1042721406303214 0
0.5687017716708563 -0.104542898234271 0
0.5686498342140065 -0.1050844134421704 0
0.5685459593003069 -0.1061674438579691 0
0.5683382094729076 -0.1083335046895666 0
0.567922709818109 -0.1126656263527615 0
0.5588128058661764 -0.1030734064207797 0
0.5588095007164996 -0.1031072454055127 0
0.5588028904171459 -0.1031749233749787 0
0.5587896698184386 -0.1033102793139107 0
0.558763228621024 -0.1035809911917747 0
0.5587103462261946 -0.1041224149475028 0
0.5586045814365361 -0.105205262458959 0
0.558393051857219 -0.1073709574818712 0
0.5579699926985847 -0.1117023475276958 0
0.5488768628966021 -0.1020940286191305 0
0.548873497218812 -0.1021278616379287 0
0.5488667658632317 -0.1021955276755251 0
0.548853303152071 -0.102330859750718 0
0.5488263777297497 -0.1026015239011037 0
0.5487725268851072 -0.1031428522018752 0
0.5486648251958223 -0.1042255088034182 0
0.5484494218172522 -0.1063908220065041 0
0.5480186150601121 -0.110721448412676 0
0.5389427092653031 -0.1010966569624911 0
0.5389392814548417 -0.1011304837435645 0
0.538932425833919 -0.1011981373057114 0
0.5389187145920734 -0.1013334444300052 0
0.5388912921083823 -0.1016040586785929 0
0.538836447141 -0.1021452871757682 0
0.5387267572062355 -0.1032277441701187 0
0.5385073773367065 -0.1053926581588198 0
0.5380686175976485 -0.109722486136222 0
0.2034359062293323 -0.05076471445885077 0
0.2034283884006628 -0.05079787310603179 0
0.2034133527433237 -0.05086419040039385 0
0.2033832814286455 -0.05099682498911794 0
0.2033231387992892 -0.05126209416656613 0
0.2032028535405765 -0.05179263252146252 0
0.2029622830231511 -0.05285370923125528 0
0.2024811419883004 -0.05497586265084081 0
0.2015188599185989 -0.05922016949001187 0
0.1937065398869178 -0.04852351418877002 0
0.1936987878075167 -0.04855661887965693 0
0.1936832836487146 -0.04862282826143076 0
0.1936522753311103 -0.04875524702497842 0
0.1935902586959017 -0.04902008455207373 0
0.1934662254254845 -0.04954975960626434 0
0.1932181588846502 -0.05060910971464557 0
0.1927220258029816 -0.05272780993140804 0
0.1917297596396444 -0.05696521036493297 0
0.1839937299919418 -0.0462115959703018 0
0.1839857300286175 -0.04624464166282584 0
0.1839697301019689 -0.04631073304787392 0
0.1839377302486718 -0.04644291581797008 0
0.1838737305420775 -0.0467072813581624 0
0.1837457311288888 -0.04723601243854704 0
0.1834897323025114 -0.04829347459931631 0
0.1829777346497567 -0.05040839892085487 0
0.1819537393442472 -0.05463824756393198 0
0.1742990437920054 -0.04382479924505555 0
0.1742907810286849 -0.04385778024269497 0
0.174274255502044 -0.04392374223797381 0
0.1742412044487621 -0.04405566622853149 0
0.1741751023421982 -0.04431951420964685 0
0.1740428981290706 -0.04484721017187758 0
0.1737784897028152 -0.04590260209633903 0
0.1732496728503046 -0.04801338594526193 0
0.1721920391452832 -0.05223495364310773 0
0.1646242656072405 -0.04135852385367496 0
0.1646157234498867 -0.04139143363502227 0
0.1645986391351791 -0.0414572531977169 0
0.1645644705057641 -0.04158889232310616 0
0.1644961332469338 -0.04185217057388468 0
0.1643594587292734 -0.04237872707544171 0
0.1640861096939525 -0.04343184007855577 0
0.1635394116233107 -0.04553806608478389 0
0.1624460154820271 -0.04975051809724014 0
0.1549714490519615 -0.03880762385445271 0
0.1549626088784192 -0.03884045488780023 0
0.1549449285313348 -0.03890611695449527 0
0.1549095678371659 -0.03903744108788534 0
0.1548388464488282 -0.03930008935466549 0
0.1546974036721527 -0.0398253858882258 0
0.1544145181188018 -0.04087597895534641 0
0.1538487470120999 -0.04297716508958762 0
0.1527172047986961 -0.04717953735807005 0
0.1453429737430295 -0.0361663081819299 0
0.1453338143178163 -0.03619905164541418 0
0.1453154954673898 -0.03626453857238274 0
0.1452788577665369 -0.03639551242631987 0
0.1452055823648312 -0.03665746013419412 0
0.1450590315614196 -0.03718135554994264 0
0.1447659299545965 -0.03822914638143966 0
0.1441797267409503 -0.04032472804443372 0
0.1430073203136579 -0.04451589137042181 0
0.1357416553973227 -0.0334278963096241 0
0.1357321525741991 -0.03346054184159736 0
0.1357131469279521 -0.03352583290554387 0
0.1356751356354579 -0.0336564150334369 0
0.1355991130504696 -0.03391757928922297 0
0.1354470678804929 -0.0344399078007951 0
0.1351429775405397 -0.03548456482393935 0
0.1345347968606331 -0.03757387887022786 0
0.13331843550082 -0.04175250696280489 0
0.1261707795201434 -0.03058488898815926 0
0.1261609055831406 -0.03061742429304417 0
0.1261411577091353 -0.03068249490281398 0
0.1261016619611244 -0.03081263612235359 0
0.1260226704651027 -0.03107291856143283 0
0.1258646874730592 -0.03159348343959129 0
0.1255487214889724 -0.03263461319590822 0
0.1249167895207987 -0.03471687270854208 0
0.1236529255844512 -0.03888139173380979 0
0.1166343058901211 -0.02762850981942686 0
0.1166240286327432 -0.02766092010562326 0
0.1166034741179875 -0.02772574067801604 0
0.116562365088476 -0.02785538182280162 0
0.1164801470294531 -0.02811466411237278 0
0.1163157109114072 -0.02863322869151508 0
0.1159868386753154 -0.0296703578497997 0
0.1153290942031318 -0.03174461616636894 0
0.1140136052587646 -0.03589313279950741 0
0.1071369924814163 -0.02454862490814534 0
0.107126273809943 -0.02458089206471777 0
0.1071048364669964 -0.02464542637786262 0
0.1070619617811031 -0.02477449500415232 0
0.1069762124093165 -0.02503263225673172 0
0.1068047136657434 -0.02554890676189052 0
0.1064617161785971 -0.02658145577220812 0
0.1057757212043046 -0.02864655379284333 0
0.1044037312557196 -0.03277674983411375 0
0.09768476560219408 -0.02133300335358084 0
0.09767355979489672 -0.02136510480841215 0
0.09765114818030196 -0.02142930771807477 0
0.09760632495111249 -0.02155771353740001 0
0.09751667849273349 -0.02181452517605049 0
0.09733738557597549 -0.02232814845335145 0
0.09697879974245949 -0.02335539500795338 0
0.09626162807542754 -0.02540988811715723 0
0.09482728474136359 -0.02951887433556493 0
0.08828501925844773 -0.01796703792373743 0
0.08827327128175427 -0.01799894525840509 0
0.08824977532836731 -0.01806275992774043 0
0.08820278342159343 -0.0181903892664111 0
0.08810879960804568 -0.01844564794375244 0
0.08792083198095019 -0.01895616529843512 0
0.08754489672675919 -0.01997720000780047 0
0.0867930262183772 -0.02201926942653119 0
0.08528928520161327 -0.02610340826399262 0
0.07894714467225777 -0.01443304048362835 0
0.07893478606886078 -0.01446471675496864 0
0.07891006886206681 -0.0145280692976492 0
0.07886063444847891 -0.01465477438301034 0
0.07876176562130305 -0.01490818455373261 0
0.07856402796695133 -0.01541500489517715 0
0.07816855265824785 -0.01642864557806623 0
0.07737760204084099 -0.0184559269438444 0
0.07579570080602716 -0.02251048967540073 0
0.06968360475262614 -0.01070854169917766 0
0.06967054848312942 -0.01073993751173653 0
0.06964443594413594 -0.01080272913685428 0
0.06959221086614903 -0.01092831238708977 0
0.06948776071017521 -0.01117947888756075 0
0.0692788603982275 -0.01168181188850271 0
0.0688610597743321 -0.01268647789038664 0
0.06802545852654129 -0.0146958098941545 0
0.06635425603095974 -0.01871447390169021 0
0.06051118764970431 -0.006764981118937263 0
0.06049732071423763 -0.006796028458757942 0
0.06046958684330422 -0.006858123138399301 0
0.06041411910143746 -0.006982312497682017 0
0.06030318361770398 -0.00723069121624745 0
0.06008131265023692 -0.007727448653378316 0
0.05963757071530285 -0.008720963527640048 0
0.05875008684543476 -0.01070799327616351 0
0.05697511910569847 -0.01468205277321044 0
0.05145347348808221 -0.002564732919896566 0
0.0514386437913692 -0.002595333899277797 0
0.05140898439794322 -0.002656535858040258 0
0.05134966561109128 -0.002778939775565179 0
0.05123102803738744 -0.003023747610615023 0
0.05099375288997965 -0.00351336328071471 0
0.05051920259516413 -0.004492594620914083 0
0.04957010200553308 -0.006451057301312829 0
0.04767190082627093 -0.01036798266211032 0
0.04254514822561484 0.001943523775233892 0
0.04252914321233497 0.001913517446782454 0
0.0424971331857753 0.001853504789879578 0
0.04243311313265596 0.001733479476073825 0
0.04230507302641723 0.00149342884846232 0
0.04204899281393981 0.00101332759323931 0
0.04153683238898492 5.312508279328937e-05 0
0.0405125115390752 -0.001867279938098751 0
0.0384638698392557 -0.005708089979882832 0
0.03384014147207431 0.00683243387374892 0
0.03382264836609361 0.006803263039352348 0
0.0337876621541322 0.006744921370559202 0
0.03371768973020939 0.006628238032972912 0
0.03357774488236376 0.006394871357800332 0
0.03329785518667255 0.00592813800745517 0
0.03273807579529009 0.004994671306764847 0
0.03161851701252522 0.003127737905384201 0
0.02937939944699547 -0.0006061288973770902 0
0.02542935167702159 0.01221078428299261 0
0.0254098794155771 0.0121828785424525 0
0.02537093489268805 0.01212706706137227 0
0.02529304584691 0.01201544409921181 0
0.02513726775535385 0.01179219817489091 0
0.02482571157224162 0.01134570632624909 0
0.02420259920601714 0.01045272262896546 0
0.02295637447356819 0.008666755234398202 0
0.02046392500867023 0.005094820445263683 0
0.01748269510015332 0.01825127396769722 0
0.0174604105918244 0.01822550469637708 0
0.01741584157516657 0.01817396615373681 0
0.01732670354185084 0.01807088906845628 0
0.01714842747521939 0.0178647348978952 0
0.01679187534195642 0.01745242655677305 0
0.0160787710754306 0.01662780987452876 0
0.01465256254237896 0.01497857651004016 0
0.01180014547627561 0.01168010978106298 0
0.01036737128997428 0.02524377460898055 0
0.01034078488535395 0.02522222893890701 0
0.01028761207611317 0.02517913759875991 0
0.01018126645763173 0.02509295491846573 0
0.009968575220668741 0.02492058955787736 0
0.009543192746742868 0.02457585883670062 0
0.008692427798891067 0.02388639739434715 0
0.006990897903187465 0.02250747450964021 0
0.003587838111780317 0.01974962874022632 0
0.005024545550280646 0.03363714465877515 0
0.004991790907776406 0.03362526921203677 0
0.00492628162276787 0.03360151831856001 0
0.004795263052750742 0.03355401653160648 0
0.004533225912716599 0.03345901295769943 0
0.004009151632648256 0.03326900580988532 0
0.002961003072511514 0.03288899151425712 0
0.0008647059522381428 0.03212896292300069 0
-0.003327888288308656 0.03060890574048786 0
0.003780526698928754 0.04341510839484152 0
0.003745456602890163 0.04342123635105896 0
0.003675316410813034 0.04343349226349384 0
0.003535036026658722 0.04345800408836359 0
0.003254475258350153 0.0435070277381031 0
0.002693353721732961 0.0436050750375821 0
0.001571110648498575 0.04380116963654012 0
-0.0006733754979700857 0.04419335883445616 0
-0.005162347790907518 0.04497773723028822 0
0.008293767278732711 0.05217793364782931 0
0.00826699989700741 0.05220023611667003 0
0.008213465133556808 0.05224484105435147 0
0.008106395606655659 0.05233405092971436 0
0.007892256552853361 0.05251247068044013 0
0.007463978445248709 0.05286931018189168 0
0.006607422230039406 0.05358298918479478 0
0.0048943097996208 0.05501034719060097 0
0.001468084938783643 0.05786506320221335 0
0.0161850910409525 0.05823778728680688 0
0.01616744374415807 0.05826710666138078 0
0.01613214915056915 0.05832574541052858 0
0.01606155996339137 0.05844302290882419 0
0.0159203815890358 0.05867757790541541 0
0.01563802484032467 0.05914668789859785 0
0.01507331134290241 0.06008490788496273 0
0.01394388434805788 0.06196134785769249 0
0.01168503035836882 0.06571422780315199 0
0.9472196020241191 -0.1299076158524214 0
0.9472181812231881 -0.1299415861633477 0
0.9472153396213263 -0.1300095267852004 0
0.9472096564176025 -0.1301454080289059 0
0.9471982900101548 -0.1304171705163168 0
0.9471755571952596 -0.1309606954911386 0
0.9471300915654691 -0.1320477454407823 0
0.9470391603058881 -0.1342218453400697 0
0.9468572977867262 -0.1385700451386444 0
0.9671716199542324 -0.1307107713545506 0
0.9671703072064337 -0.1307447460136548 0
0.9671676817108363 -0.1308126953318631 0
0.9671624307196415 -0.1309485939682799 0
0.9671519287372519 -0.1312203912411133 0
0.9671309247724726 -0.1317639857867803 0
0.9670889168429142 -0.1328511748781142 0
0.9670049009837974 -0.1350255530607821 0
0.9668368692655638 -0.1393743094261178 0
0.8175987703039633 -0.1232568295609521 0
0.8175967246362563 -0.1232907679719994 0
0.8175926333008422 -0.1233586447940939 0
0.8175844506300141 -0.123494398438283 0
0.8175680852883578 -0.1237659057266611 0
0.8175353546050452 -0.1243089203034174 0
0.8174698932384201 -0.1253949494569299 0
0.8173389705051699 -0.1275670077639549 0
0.8170771250386694 -0.131911124378005 0
0.8076331704988811 -0.1226495282214888 0
0.8076310802937932 -0.1226834639185843 0
0.8076268998836176 -0.1227513353127754 0
0.8076185390632662 -0.1228870781011576 0
0.8076018174225637 -0.123158563677922 0
0.8075683741411583 -0.1237015348314508 0
0.8075014875783479 -0.1247874771385084 0
0.807367714452727 -0.1269593617526236 0
0.8071001682014852 -0.1313031309808539 0
0.7976683738013477 -0.1220291893689721 0
0.7976662391424691 -0.1220631222988296 0
0.797661969824712 -0.1221309881585446 0
0.7976534311891978 -0.1222667198779747 0
0.7976363539181697 -0.1225381833168348 0
0.797602199376113 -0.1230811101945551 0
0.7975338902919997 -0.1241669639499957 0
0.7973972721237732 -0.1263386714608768 0
0.7971240357873201 -0.1306820864826391 0
0.6483056055134159 -0.1111450320510296 0
0.6483027864494776 -0.1111789149890497 0
0.648297148321601 -0.1112466808650897 0
0.648285872065848 -0.1113822126171698 0
0.6482633195543417 -0.11165327612133 0
0.6482182145313291 -0.1121954031296504 0
0.6481280044853042 -0.1132796571462912 0
0.6479475843932543 -0.1154481651795727 0
0.6475867442091543 -0.1197851812461358 0
0.6383565010296679 -0.1103099495156969 0
0.6383536322792481 -0.1103438282834424 0
0.6383478947784085 -0.1104115858189335 0
0.6383364197767292 -0.1105471008899156 0
0.6383134697733707 -0.1108181310318798 0
0.6382675697666536 -0.1113601913158082 0
0.6381757697532193 -0.1124443118836651 0
0.6379921697263509 -0.1146125530193789 0
0.637624969672614 -0.1189490352908064 0
0.6284086428094917 -0.1094601443405903 0
0.628405723451111 -0.1094940187852925 0
0.6283998847343496 -0.1095617676746969 0
0.6283882073008267 -0.1096972654535056 0
0.6283648524337809 -0.109968261011123 0
0.6283181426996893 -0.1105102521263579 0
0.6282247232315062 -0.1115942343568276 0
0.62803788429514 -0.113762198817767 0
0.6276642064224076 -0.1180981277396459 0
0.6184620770344615 -0.1085953383749661 0
0.6184591061051234 -0.1086292083360189 0
0.6184531642464473 -0.1086969482581244 0
0.6184412805290948 -0.1088324281023354 0
0.6184175130943899 -0.1091033877907574 0
0.6183699782249801 -0.1096453071676015 0
0.6182749084861604 -0.1107291459212896 0
0.6180847690085212 -0.1128968234286658 0
0.6177044900532427 -0.1172321784434183 0
0.6085168518104667 -0.1077152441507559 0
0.6085138282716533 -0.1077491094563829 0
0.6085077811940266 -0.107816840067637 0
0.6084956870387732 -0.1079523012901451 0
0.6084714987282663 -0.1082232237351613 0
0.6084231221072527 -0.1087650686251937 0
0.6083263688652254 -0.1098487584052586 0
0.6081328623811709 -0.1120161379653883 0
0.6077458494130618 -0.1163508970856477 0
0.5985730199027758 -0.1068195390358656 0
0.5985699426349144 -0.1068533995019843 0
0.5985637880991915 -0.1069211204342218 0
0.5985514790277457 -0.1070565622986967 0
0.5985268608848543 -0.1073274460276466 0
0.5984776245990714 -0.1078692134855463 0
0.5983791520275057 -0.1089527484013457 0
0.5981822068843741 -0.1111198182329446 0
0.5977883165981109 -0.1154539578961424 0
0.7877043993576719 -0.1213957802044804 0
0.7877022201903925 -0.1214297103050878 0
0.7876978618558339 -0.1214975705063025 0
0.7876891451867165 -0.1216332909087321 0
0.7876717118484819 -0.1219047317135911 0
0.7876368451720126 -0.1224476133233092 0
0.7875671118190739 -0.1235333765427454 0
0.7874276451131965 -0.1257049029816178 0
0.787148711701442 -0.1300479558593626 0
0.7777412644035646 -0.1207493016205814 0
0.7777390408714702 -0.120783228842631 0
0.7777345938072815 -0.1208510832867303 0
0.7777256996789038 -0.120986792174929 0
0.7777079114221486 -0.1212582099513263 0
0.7776723349086382 -0.1218010455041209 0
0.7776011818816173 -0.12288671660971 0
0.7774588758275756 -0.1250580588208883 0
0.7771742637194922 -0.129400743243245 0
0.7677789806328958 -0.1200898374651711 0
0.7677767129499575 -0.1201237617647515 0
0.7677721775840809 -0.1201916103639121 0
0.7677631068523275 -0.1203273075622334 0
0.7677449653888209 -0.120598701958876 0
0.7677086824618076 -0.1211414907521611 0
0.767636116607781 -0.1222270683387314 0
0.7674909848997278 -0.124398223511872 0
0.7672007214836213 -0.1287405338581533 0
0.7578175621603442 -0.1194174293457582 0
0.7578152503343332 -0.1194513506657699 0
0.757810626682311 -0.1195191933057931 0
0.7578013793782667 -0.1196548785858396 0
0.7577828847701782 -0.1199262491459327 0
0.757745895554001 -0.1204689902661187 0
0.7576719171216466 -0.1215544725064908 0
0.7575239602569379 -0.123725436987235 0
0.7572280465275205 -0.1280673659487234 0
0.9771485721917315 -0.1310881675287046 0
0.9771473061029825 -0.131122143952606 0
0.9771447739254844 -0.1311900968004089 0
0.9771397095704881 -0.1313260024960145 0
0.9771295808604955 -0.1315978138872257 0
0.9771093234405104 -0.1321414366696483 0
0.9770688086005404 -0.1332286822344934 0
0.9769877789206001 -0.1354031733641836 0
0.9768257195607196 -0.139752155623564 0
0.2915591097631602 -0.06828637750586054 0
0.29155324945943 -0.06831986873724551 0
0.2915415288519696 -0.06838685120001543 0
0.2915180876370488 -0.06852081612555529 0
0.2914712052072073 -0.06878874597663499 0
0.2913774403475242 -0.06932460567879441 0
0.291189910628158 -0.07039632508311325 0
0.2908148511894257 -0.07253976389175092 0
0.2900647323119611 -0.07682664150902624 0
0.2817282785387594 -0.06654347914345142 0
0.2817222657546531 -0.06657694334352396 0
0.2817102401864406 -0.06664387174366904 0
0.2816861890500157 -0.06677772854395918 0
0.2816380867771657 -0.06704544214453947 0
0.2815418822314659 -0.06758086934570005 0
0.2813494731400661 -0.06865172374802121 0
0.2809646549572666 -0.07079343255266354 0
0.2801950185916675 -0.07507685016194819 0
0.2719056623006589 -0.06475484840647849 0
0.2718994904061074 -0.06478828363558146 0
0.2718871466170045 -0.06485515409378742 0
0.2718624590387988 -0.06498889501019933 0
0.2718130838823872 -0.06525637684302316 0
0.2717143335695641 -0.06579134050867079 0
0.2715168329439178 -0.06686126783996607 0
0.2711218316926254 -0.06900112250255665 0
0.2703318291900405 -0.07328083182773777 0
0.2620918529246307 -0.06291849554357404 0
0.262085514828132 -0.06295189967521907 0
0.2620728386351345 -0.06301870793850914 0
0.2620474862491395 -0.06315232446508928 0
0.2619967814771497 -0.06341955751824956 0
0.2618953719331699 -0.06395402362457012 0
0.2616925528452103 -0.06502295583721122 0
0.2612869146692912 -0.06716082026249345 0
0.260475638317453 -0.07143654911305791 0
0.2522875087989126 -0.06103224479245923 0
0.2522809968162194 -0.06106561547260141 0
0.252267972850833 -0.06113235683288577 0
0.2522419249200604 -0.06126583955345448 0
0.2521898290585148 -0.06153280499459192 0
0.252085637335424 -0.06206673587686679 0
0.2518772538892421 -0.06313459764141652 0
0.2514604869968785 -0.065270321170516 0
0.2506269532121512 -0.06954176822871494 0
0.242493355443886 -0.05909375842226619 0
0.2424866613558226 -0.05912709306217345 0
0.242473273179696 -0.05919376234198795 0
0.2424464968274427 -0.05932710090161696 0
0.242392944122936 -0.05959377802087499 0
0.2422858387139227 -0.06012713225939104 0
0.242071627895896 -0.06119384073642314 0
0.2416432062598426 -0.06332725769048733 0
0.2407863629877359 -0.06759409159861572 0
0.2327101891824394 -0.05710054659663038 0
0.2327033041919462 -0.05713384234511693 0
0.2326895342109599 -0.05720043384209005 0
0.2326619942489872 -0.05733361683603626 0
0.2326069143250418 -0.05759998282392869 0
0.2324967544771511 -0.05813271479971356 0
0.2322764347813696 -0.0591981787512833 0
0.2318357953898065 -0.06132910665442276 0
0.2309545166066804 -0.0655909624607017 0
0.2229388900509897 -0.05504993210879175 0
0.2229318047108894 -0.05508318581484709 0
0.222917634030689 -0.05514969322695775 0
0.2228892926702882 -0.05528270805117909 0
0.2228326099494866 -0.05554873769962176 0
0.2227192445078832 -0.05608079699650712 0
0.2224925136246766 -0.05714491559027781 0
0.2220390518582633 -0.05927315277781921 0
0.2211321283254368 -0.063529627152902 0
0.2131804306609887 -0.05293904334301068 0
0.2131731346926 -0.05297225149075404 0
0.2131585427558226 -0.05303866778624076 0
0.2131293588822676 -0.05317150037721419 0
0.2130709911351578 -0.05343716555916107 0
0.2129542556409381 -0.05396849592305482 0
0.2127207846524986 -0.0550311566508423 0
0.2122538426756198 -0.05715647810641728 0
0.211319958721862 -0.06140712101756724 0
0.6980684023436678 -0.1151079660266116 0
0.6980658206945214 -0.1151418678793757 0
0.6980606573962284 -0.1152096715849039 0
0.6980503307996424 -0.1153452789959602 0
0.6980296776064705 -0.115616493818073 0
0.6979883712201267 -0.1161589234622985 0
0.6979057584474392 -0.1172437827507494 0
0.6977405329020641 -0.1194135013276514 0
0.6974100818113138 -0.1237529384814553 0
0.6881136573557134 -0.1143430715580951 0
0.688111029382752 -0.1143769698516266 0
0.6881057734368294 -0.1144447664386896 0
0.6880952615449842 -0.1145803596128156 0
0.6880742377612939 -0.1148515459610676 0
0.6880321901939133 -0.1153939186575716 0
0.6879480950591517 -0.1164786640505795 0
0.6877799047896288 -0.1186481548365954 0
0.687443524250583 -0.1229871364086271 0
0.678159973092355 -0.1135644920000831 0
0.6781572982523449 -0.113598386627825 0
0.6781519485723247 -0.1136661758833089 0
0.6781412492122845 -0.1138017543942767 0
0.6781198504922037 -0.1140729114162123 0
0.6780770530520424 -0.1146152254600836 0
0.6779914581717197 -0.115699853547826 0
0.6778202684110743 -0.1178691097233109 0
0.6774778888897837 -0.1222076220742806 0
0.6682073808909643 -0.1127720717633332 0
0.6682046586537183 -0.1128059626174977 0
0.6681992141792262 -0.1128737443258268 0
0.6681883252302422 -0.1130093077424848 0
0.668166547332274 -0.1132804345758009 0
0.6681229915363376 -0.113822688242433 0
0.6680358799444648 -0.1149071955756973 0
0.6678616567607191 -0.1170762102422258 0
0.6675132103932279 -0.1214142395752829 0
0.6582559126766192 -0.1119656550532602 0
0.6582531424200685 -0.1119995420163532 0
0.658247601906967 -0.1120673159425393 0
0.6582365208807639 -0.1122028637949114 0
0.6582143588283577 -0.1124739594996556 0
0.6581700347235453 -0.113016150909144 0
0.6580813865139207 -0.1141005337281208 0
0.6579040900946714 -0.1162692993660745 0
0.6575494972561728 -0.1206068306419818 0
0.4595452764690899 -0.09240392677978228 0
0.4595412806562088 -0.09243769118568367 0
0.4595332890304466 -0.09250521999748643 0
0.4595173057789222 -0.09264027762109196 0
0.4594853392758734 -0.09291039286830304 0
0.4594214062697758 -0.09345062336272519 0
0.4592935402575806 -0.09453108435156948 0
0.4590378082331902 -0.09669200632925809 0
0.4585263441844094 -0.1010138502846353 0
0.4496317674220173 -0.0912187383702759 0
0.4496276902084604 -0.09125249304498866 0
0.4496195357813466 -0.09132000239441418 0
0.4496032269271189 -0.09145502109326521 0
0.4495706092186637 -0.09172505849096727 0
0.4495053738017531 -0.09226513328637138 0
0.4493749029679322 -0.09334528287717964 0
0.4491139613002902 -0.09550558205879613 0
0.4485920779650063 -0.09982618042202911 0
0.4397211911621293 -0.09000926089925401 0
0.439717029841909 -0.09004300531019747 0
0.4397087072014684 -0.09011049413208438 0
0.4396920619205872 -0.09024547177585822 0
0.4396587713588249 -0.09051542706340589 0
0.4395921902353003 -0.0910553376385012 0
0.4394590279882511 -0.09213515878869184 0
0.4391927034941526 -0.09429480108907314 0
0.4386600545059557 -0.09861408568983569 0
0.4298137104504924 -0.08877467256211252 0
0.4298094621983091 -0.08880840614087948 0
0.4298009656939424 -0.08887587329841341 0
0.4297839726852091 -0.08901080761348126 0
0.4297499866677426 -0.08928067624361695 0
0.4296820146328093 -0.08982041350388834 0
0.4295460705629429 -0.09089988802443112 0
0.4292741824232101 -0.09305883706551668 0
0.4287304061437446 -0.0973767351476878 0
0.4199094963947197 -0.08751413578641794 0
0.4199051582395191 -0.08754785792358472 0
0.419896481929118 -0.08761530219791824 0
0.4198791293083158 -0.08775019074658533 0
0.4198444240667114 -0.08801996784391948 0
0.4197750135835026 -0.08855952203858779 0
0.4196361926170849 -0.08963863042792442 0
0.4193585506842496 -0.09179684720659766 0
0.4188032668185789 -0.09611328076394413 0
0.4100087360066384 -0.08622674291177741 0
0.4100043047912274 -0.0862604529490032 0
0.4099954423604054 -0.08632787302345477 0
0.4099777174987613 -0.08646271317235792 0
0.4099422677754732 -0.08673239347016423 0
0.4098713683288969 -0.08727175406577684 0
0.4097295694357445 -0.08835047525700204 0
0.4094459716494395 -0.09050791763945247 0
0.4088787760768297 -0.09482280240435333 0
0.4001116290617489 -0.08491154719557491 0
0.4001071014892238 -0.08494524442890157 0
0.4000980463441736 -0.0850126388955549 0
0.4000799360540732 -0.08514742782886155 0
0.4000437154738725 -0.08541700569547485 0
0.399971274313471 -0.08595616142870145 0
0.3998263919926681 -0.08703447289515466 0
0.3995366273510622 -0.08919109582806108 0
0.3989570980678505 -0.09350434169387391 0
0.390218389364842 -0.08356755890619437 0
0.3902137619496503 -0.08360124257672868 0
0.3902045071192667 -0.08366860991779734 0
0.3901859974584996 -0.08380334459993463 0
0.3901489781369655 -0.08407281396420924 0
0.390074939493897 -0.08461175269275842 0
0.3899268622077602 -0.08568963014985681 0
0.3896307076354867 -0.08784538506405357 0
0.3890383984909395 -0.09215689489244709 0
0.02526289099269891 0.06237501064854802 0
0.02525074391537396 0.06240683993016567 0
0.02522644976072408 0.06247049849340095 0
0.02517786145142442 0.06259781561987152 0
0.025080684832825 0.06285244987281266 0
0.02488633159562614 0.06336171837869495 0
0.02449762512122849 0.06438025539045951 0
0.0237202121724332 0.06641732941398863 0
0.0221653862748426 0.07049147746104688 0
0.03479627810436153 0.06533329967481782 0
0.03478751122766816 0.06536617886571265 0
0.0347699774742814 0.06543193724750232 0
0.03473490996750789 0.06556345401108164 0
0.03466477495396086 0.06582648753824029 0
0.03452450492686682 0.06635255459255759 0
0.03424396487267867 0.06740468870119221 0
0.03368288476430248 0.06950895691846143 0
0.03256072454754999 0.07371749335299987 0
0.04453934126493453 0.06751063718141015 0
0.04453287062831951 0.06754402995305374 0
0.04451992935508947 0.0676108154963409 0
0.04449404680862934 0.06774438658291525 0
0.04444228171570913 0.06801152875606391 0
0.04433875152986866 0.06854581310236126 0
0.04413169115818771 0.06961438179495595 0
0.04371757041482582 0.07175151918014533 0
0.04288932892810204 0.07602579395052408 0
0.05439147874005662 0.06912742267342403 0
0.05438669447362288 0.06916109240748765 0
0.05437712594075544 0.06922843187561488 0
0.05435798887502058 0.06936311081186934 0
0.0543197147435508 0.06963246868437827 0
0.05424316648061128 0.07017118442939611 0
0.05409006995473226 0.07124861591943182 0
0.05378387690297415 0.07340347889950323 0
0.05317149079945799 0.07771320485964604 0
0.06430448158936303 0.07031697175735339 0
0.06430100661300708 0.07035079873450205 0
0.0642940566602952 0.07041845268879934 0
0.06428015675487148 0.07055376059739395 0
0.06425235694402404 0.07082437641458315 0
0.06419675732232916 0.07136560804896157 0
0.06408555807893934 0.07244807131771838 0
0.06386315959215977 0.07461299785523204 0
0.06341836261860062 0.07894285093025932 0
0.0742525187487319 0.07116599342675156 0
0.07425010215520655 0.07119991081587441 0
0.07424526896815575 0.07126774559412012 0
0.07423560259405426 0.07140341515061153 0
0.07421626984585117 0.07167475426359438 0
0.07417760434944509 0.07221743248956006 0
0.07410027335663294 0.07330278894149141 0
0.07394561137100852 0.0754735018453541 0
0.0736362873997598 0.07981492765307951 0
0.08422054893802039 0.07173457686995076 0
0.0842190140420917 0.07176854460926163 0
0.08421594425023438 0.07183648008788338 0
0.08420980466651962 0.07197235104512686 0
0.08419752549909015 0.07224409295961383 0
0.08417296716423128 0.07278757678858774 0
0.08412385049451349 0.0738745444465356 0
0.08402561715507789 0.07604847976243131 0
0.08382915047620665 0.08039635039422274 0
0.09419928292702073 0.07206614369363122 0
0.09419850009751513 0.072100136463773 0
0.09419693443850402 0.07216812200405658 0
0.0941938031204817 0.07230409308462372 0
0.09418754048443712 0.07257603524575804 0
0.09417501521234795 0.07311991956802663 0
0.09414996466816961 0.07420768821256384 0
0.09409986357981287 0.07638322550163824 0
0.0939996614030994 0.08073430007978705 0
0.1041827132954938 0.07219327383973706 0
0.1041825837257637 0.07222727495991964 0
0.1041823245863034 0.07229527720028479 0
0.104181806307383 0.07243128168101508 0
0.1041807697495422 0.07270329064247567 0
0.1041786966338605 0.07324730856539687 0
0.1041745504024972 0.07433534441123923 0
0.1041662579397705 0.07651141610292399 0
0.1041496730143171 0.08086355948629348 0
0.1141668137187606 0.07214134414775537 0
0.1141672603507064 0.07217534229534281 0
0.114168153614598 0.07224333859051769 0
0.1141699401423813 0.07237933118086746 0
0.1141735131979479 0.07265131636156701 0
0.114180659309081 0.07319528672296609 0
0.1141949515313472 0.07428322744576424 0
0.1142235359758797 0.07645910889136055 0
0.1142807048649446 0.08081087178255317 0
0.124148809049853 0.07193018801836926 0
0.1241497703885124 0.07196417529745135 0
0.1241516930658311 0.07203214985561555 0
0.1241555384204684 0.07216809897194394 0
0.1241632291297431 0.07243999720460073 0
0.1241786105482926 0.0729837936699143 0
0.1242093733853915 0.07407138660054144 0
0.1242708990595893 0.07624657246179574 0
0.1243939504079849 0.08059694418430431 0
0.1341267471706327 0.07157606066086165 0
0.1341281724851651 0.07161003148877365 0
0.1341310231142297 0.07167797314459767 0
0.134136724372359 0.07181385645624569 0
0.1341481268886177 0.07208562307954174 0
0.1341709319211349 0.07262915632613381 0
0.1342165419861694 0.07371622281931799 0
0.1343077621162384 0.07589035580568632 0
0.1344902023763764 0.08023862177842299 0
0.1440992423905611 0.07109248228071449 0
0.1441010896501084 0.07112643266109604 0
0.1441047841692029 0.07119433342185916 0
0.1441121732073918 0.07133013494338539 0
0.1441269512837697 0.07160173798643783 0
0.1441565074365256 0.07214494407254274 0
0.1442156197420373 0.07323135624475254 0
0.1443338443530607 0.07540418058917213 0
0.1445702935751075 0.07974982927801133 0
0.154065289679709 0.07049060294836713 0
0.1540675235347973 0.07052452999210188 0
0.1540719912449738 0.07059238407957136 0
0.154080926665327 0.07072809225451031 0
0.1540987975060332 0.07099950860438822 0
0.1541345391874457 0.07154234130414404 0
0.1542060225502706 0.07262800670365567 0
0.1543489892759205 0.07479933750267895 0
0.1546349227272203 0.07914199910072549 0
0.1640241697692565 0.06978002410516312 0
0.1640267599458159 0.06981392573427699 0
0.1640319402989347 0.06988172899250472 0
0.1640423010051724 0.07001733550896019 0
0.1640630224176477 0.07028854854187112 0
0.1641044652425983 0.07083097460769298 0
0.1641873508924995 0.07191582673933673 0
0.164353122192302 0.0740855310026242 0
0.164684664791907 0.07842493952919916 0
0.1739753601927039 0.06896891644968918 0
0.1739782804410395 0.06900279118317271 0
0.1739841209377108 0.06907054065013979 0
0.1739958019310534 0.06920603958407393 0
0.1740191639177385 0.06947703745194223 0
0.1740658878911087 0.0700190331876788 0
0.1741593358378491 0.07110302465915197 0
0.17434623173133 0.07327100760209829 0
0.1747200235182916 0.07760697348799095 0
0.1839184999158388 0.06806452065575878 0
0.183921727247181 0.06809836746495836 0
0.1839281819098655 0.06816606108335749 0
0.1839410912352345 0.06830144832015578 0
0.1839669098859725 0.06857222279375233 0
0.1840185471874485 0.06911377174094545 0
0.1841218217904004 0.07019686963533169 0
0.1843283709963044 0.07236306542410416 0
0.1847414694081123 0.07669545700164909 0
0.1938533334935581 0.06707309242190682 0
0.1938568478206476 0.06710691059702154 0
0.1938638764748266 0.06717454694725097 0
0.1938779337831845 0.06730981964770985 0
0.1939060483999004 0.06758036504862761 0
0.1939622776333322 0.06812145585046311 0
0.1940747361001957 0.06920363745413413 0
0.1942996530339227 0.07136800066147617 0
0.1947494869013768 0.07569672707616024 0
0.2037796911763214 0.06600016972921716 0
0.2037834746651616 0.06603395881650552 0
0.2037910416428417 0.06610153699108223 0
0.2038061755982022 0.06623669334023566 0
0.203836443508923 0.06650700603854251 0
0.2038969793303647 0.06704763143515623 0
0.2040180509732482 0.06812888222838365 0
0.2042601942590149 0.07029138381483849 0
0.2047444808305485 0.07461638698774817 0
0.2136974695998253 0.06485068558702031 0
0.2137015062773094 0.06488444533418536 0
0.2137095796322776 0.06495196482851547 0
0.213725726342214 0.06508700381717566 0
0.2137580197620867 0.06535708179449605 0
0.2138226066018322 0.06589723774913685 0
0.2139517802813231 0.06697754965841843 0
0.2142101276403048 0.06913817347698159 0
0.2147268223582684 0.07345942111410791 0
0.223606619028982 0.06362908567160809 0
0.2236108943536338 0.06366281600261597 0
0.2236194450029376 0.06373027666463174 0
0.2236365463015451 0.06386519798866327 0
0.2236707488987601 0.06413504063672633 0
0.2237391540931901 0.06467472593285245 0
0.22387596448205 0.06575409652510469 0
0.2241495852597699 0.06791283770960917 0
0.2246968268152097 0.07223032007861811 0
0.2335071410379335 0.06233946283625594 0
0.2335116418349601 0.06237316380148542 0
0.2335206434290135 0.06244056573194439 0
0.2335386466171202 0.06257536959286232 0
0.2335746529933336 0.06284497731469818 0
0.2336466657457604 0.0633841927583699 0
0.2337906912506141 0.06446262364571335 0
0.2340787422603214 0.06661948542040025 0
0.2346548442797359 0.07093320896977405 0
0.2433990598235483 0.06098545975310313 0
0.2434037741850337 0.06101913148912217 0
0.2434132029080044 0.06108647496116024 0
0.2434320603539458 0.06122116190523639 0
0.2434697752458286 0.06149053579338867 0
0.2435452050295941 0.06202928356969325 0
0.2436960645971253 0.06310677912230241 0
0.2439977837321876 0.06526177022752071 0
0.2446012220023122 0.06957175243795732 0
0.2532824289995766 0.05957042592540918 0
0.2532873460588222 0.05960406864363684 0
0.2532971801773135 0.05967135408009217 0
0.2533168484142959 0.05980592495300283 0
0.2533561848882607 0.06007506669882416 0
0.2534348578361905 0.06061335019046682 0
0.2535922037320499 0.06168991717375213 0
0.2539068955237689 0.06384305114032275 0
0.2545362791072069 0.06814931907346398 0
0.2631573167615243 0.05809739244195412 0
0.263162426559747 0.05813100641218778 0
0.2631726461561922 0.05819823435265511 0
0.2631930853490827 0.05833269023358979 0
0.2632339637348638 0.05860160199545913 0
0.2633157205064259 0.05913942551919781 0
0.2634792340495501 0.06021507256667516 0
0.2638062611357986 0.06236636666162988 0
0.2644603153082955 0.06666895485153931 0
0.2730238118043832 0.05656917604440505 0
0.2730291050964193 0.05660276159592901 0
0.2730396916804915 0.05666993269897693 0
0.2730608648486358 0.05680427490507278 0
0.2731032111849245 0.05707295931726446 0
0.273187903857502 0.05761032814164781 0
0.273357289202657 0.05868506579041454 0
0.2736960598929669 0.060834541087948 0
0.2743736012735866 0.0651334916830149 0
0.2828820174039225 0.05498838877209117 0
0.2828874855780432 0.05502194628317249 0
0.2828984219262843 0.05508906130533513 0
0.2829202946227668 0.0552232913496604 0
0.2829640400157316 0.05549175143831095 0
0.2830515308016613 0.05602867161561205 0
0.2832265123735207 0.05710251197021426 0
0.2835764755172395 0.05925019267941866 0
0.2842764018046772 0.06354555409782747 0
0.2927320513449707 0.05335747551609982 0
0.2927376863722468 0.05339100540269551 0
0.2927489564267989 0.05345806517588692 0
0.2927714965359033 0.05359218472226972 0
0.2928165767541119 0.05386042381503533 0
0.2929067371905293 0.05439690200056654 0
0.2930870580633639 0.05546985837162896 0
0.2934476998090333 0.0576157711137538 0
0.294168983300372 0.06190759659800349 0
0.3025740390992958 0.0516787060063043 0
0.3025798335852466 0.05171220869562573 0
0.3025914225571484 0.05177921407426858 0
0.3026146005009519 0.05191322483155429 0
0.3026609563885589 0.05218124634612571 0
0.302753668163773 0.05271728937526856 0
0.3029390917142011 0.05378937543355425 0
0.3033099388150572 0.05593354755012562 0
0.3040516330167695 0.06022189178326837 0
0.3124081050215167 0.04995415243070575 0
0.3124140520708998 0.04998762836748318 0
0.312425946169666 0.05005458024103804 0
0.3124497343671983 0.05018848398814777 0
0.3124973107622628 0.05045629148236722 0
0.3125924635523921 0.05099190647080611 0
0.3127827691326505 0.05206313644768389 0
0.3131633802931673 0.05420559640143946 0
0.3139246026142009 0.0584905163089506 0
0.3222343854482485 0.04818579175441277 0
0.3222404786001079 0.04821924139988158 0
0.3222526649038269 0.04828614069081922 0
0.3222770375112648 0.04841993927269449 0
0.3223257827261405 0.04868753643644504 0
0.3224232731558922 0.04922273076394613 0
0.3226182540153955 0.05029311941894832 0
0.323008215734402 0.0524338967289527 0
0.3237881391724149 0.05671545134896146 0
0.3320530141310975 0.04637544083660779 0
0.3320592472982918 0.04640886466766952 0
0.3320717136326806 0.04647571232979296 0
0.3320966463014581 0.04660940765403986 0
0.332146511639013 0.04687679830253364 0
0.3322462423141229 0.04741157959952121 0
0.3324457036643427 0.04848114219349635 0
0.3328446263647823 0.05062026738144662 0
0.3336424717656614 0.05489851775734718 0
0.3418641371205093 0.04452485753571214 0
0.3418705045691011 0.04455825603988033 0
0.3418832394662845 0.0446250530482167 0
0.3419087092606514 0.04475864706488945 0
0.3419596488493851 0.04502583509823493 0
0.3420615280268526 0.04556021116492592 0
0.3422652863817875 0.04662896329830789 0
0.3426728030916575 0.04876646756507184 0
0.3434878365113972 0.05304147609859973 0
0.351667893968686 0.04263565089714882 0
0.3516743903040143 0.0426690245658286 0
0.3516873829746709 0.04273577190318815 0
0.3517133683159842 0.04286926657790727 0
0.3517653389986107 0.0431362559273455 0
0.3518692803638638 0.04367023462622195 0
0.3520771630943699 0.04473819202397485 0
0.3524929285553822 0.04687410681948066 0
0.3533244594774068 0.05114593641049228 0
0.3614644335715275 0.04070937993029881 0
0.3614710536678569 0.0407427292653252 0
0.3614842938605159 0.04080942793537798 0
0.361510774245834 0.04094282527548353 0
0.36156373501647 0.04120961995569464 0
0.3616696565577421 0.04174320931611687 0
0.3618814996402863 0.04281038803696132 0
0.3623051858053745 0.04494474547865022 0
0.3631525581355511 0.04921346036202803 0
0.3712539012725194 0.03874749550820817 0
0.3712606402961589 0.03878082101038742 0
0.3712741183434379 0.03884747201474592 0
0.3713010744379958 0.03898077402346292 0
0.3713549866271116 0.03924737804089692 0
0.3714628110053432 0.03978058607576494 0
0.3716784597618064 0.04084700214550095 0
0.3721097572747327 0.042979834284973 0
0.3729723523005855 0.04724549856391708 0
0.381036445657089 0.03675138530007495 0
0.3810432990221783 0.03678468747210861 0
0.3810570057523569 0.03685129181617591 0
0.3810844192127141 0.03698450050431053 0
0.3811392461334285 0.03725091788057976 0
0.3812488999748572 0.03778375263311822 0
0.3814682076577148 0.03884942213819514 0
0.3819068230234299 0.040980761148349 0
0.3827840537548602 0.0452434391686567 0
0.3908122130791106 0.03472235455059249 0
0.390819176517669 0.03475563387703154 0
0.3908331033947858 0.03482219252990963 0
0.3908609571490194 0.0349553098356658 0
0.3909166646574865 0.03522154444717816 0
0.3910280796744208 0.03575401367020288 0
0.3912509097082893 0.03681895211625231 0
0.3916965697760264 0.03894882900835116 0
0.3925878899115006 0.04320858279254888 0
0.4005813414267098 0.03266160413401024 0
0.4005884109002112 0.03269486109376877 0
0.4006025498472143 0.03276137501328582 0
0.4006308277412205 0.03289440285231991 0
0.4006873835292327 0.03316045853038811 0
0.4008004951052573 0.03369256988652449 0
0.4010267182573065 0.03475679259879726 0
0.4014791645614047 0.0368852380233428 0
0.4023840571696012 0.04114212887243388 0
0.4103439740096039 0.03057030486762452 0
0.4103511456565243 0.03060353994115341 0
0.4103654889503651 0.0306700100882112 0
0.4103941755380468 0.03080295038232678 0
0.4104515487134101 0.03106883097055792 0
0.4105662950641366 0.03160059214702023 0
0.4107957877655897 0.03266411449994483 0
0.4112547731684958 0.03479115920579404 0
0.412172743974308 0.03904524861749245 0
0.4201002494249069 0.02844955348527114 0
0.4201075195501764 0.02848276715302114 0
0.4201220598007154 0.02854919448852114 0
0.4201511403017935 0.02868204915952113 0
0.4202093013039495 0.02894775850152112 0
0.4203256233082614 0.0294791771855211 0
0.4205582673168854 0.03054201455352105 0
0.4210235553341334 0.03266768928952096 0
0.4219541313686294 0.03691903876152078 0
0.429850311224004 0.02630042325771021 0
0.4298576762915303 0.02633361599878588 0
0.4298724064265828 0.02640000148093722 0
0.4299018666966878 0.0265327724452399 0
0.4299607872368979 0.02679831437384526 0
0.430078628317318 0.02732939823105597 0
0.4303143104781584 0.02839156594547741 0
0.430785674799839 0.03051590137432027 0
0.4317284034432002 0.03476457223200601 0
0.43959429700447 0.02412391735394533 0
0.4396017536746434 0.02415708963447537 0
0.4396166670149902 0.02422343419553544 0
0.4396464936956839 0.02435612331765559 0
0.4397061470570711 0.02462150156189589 0
0.4398254537798456 0.02515225805037649 0
0.4400640672253947 0.02621377102733768 0
0.4405412941164928 0.02833679698126008 0
0.441495747898689 0.03258284888910486 0
0.4493323428438214 0.02192099374827059 0
0.4493398879239888 0.02195414602946372 0
0.4493549780843234 0.02202045059184999 0
0.4493851584049928 0.02215305971662251 0
0.4494455190463315 0.02241827796616755 0
0.4495662403290089 0.02294871446525764 0
0.4498076828943637 0.02400958746343782 0
0.4502905680250732 0.02613133345979817 0
0.4512563382864924 0.03037482545251889 0
0.4590645834463056 0.01969256932433661 0
0.4590722139349461 0.01972570204983579 0
0.4590874749122272 0.01979196750083413 0
0.4591179968667893 0.01992449840283082 0
0.4591790407759135 0.02018956020682421 0
0.4593011285941618 0.02071968381481097 0
0.4595453042306586 0.0217799310307845 0
0.4600336555036523 0.02390042546273156 0
0.4610103580496395 0.02814141432662569 0
0.46879114449046 0.01743948966493061 0
0.4687988575379541 0.01747260326687461 0
0.4688142836329424 0.01753883047076262 0
0.4688451358229189 0.01767128487853863 0
0.468906840202872 0.01793619369409066 0
0.4690302489627782 0.01846601132519472 0
0.4692770664825904 0.01952564658740285 0
0.469770701522215 0.02164491711181909 0
0.4707579716014642 0.02588345816065157 0
0.4785121541043221 0.01516258268141657 0
0.4785199469847856 0.0151956775849598 0
0.4785355327457125 0.01526186739204627 0
0.4785667042675665 0.0153942470062192 0
0.4786290473112745 0.01565900623456507 0
0.4787537333986904 0.0161885246912568 0
0.4790031055735221 0.01724756160464027 0
0.4795018499231857 0.01936563543140719 0
0.4804993386225128 0.02360178308494106 0
0.4882277337120622 0.01286262112533487 0
0.4882356038321526 0.01289569774447545 0
0.4882513440723335 0.01296185098275662 0
0.4882828245526952 0.01309415745931895 0
0.4883457855134185 0.01335877041244362 0
0.4884717074348652 0.01388799631869296 0
0.4887235512777586 0.01494644813119163 0
0.4892272389635453 0.01706335175618898 0
0.4902346143351187 0.02129715900618367 0
0.4979380050287249 0.01054035520456404 0
0.4979459499017674 0.01057341394656078 0
0.4979618396478525 0.01063953143055424 0
0.4979936191400228 0.01077176639854118 0
0.4980571781243632 0.01103623633451504 0
0.498184296093044 0.01156517620646278 0
0.4984385320304058 0.01262305595035825 0
0.4989470039051292 0.01473881543814918 0
0.4999639476545761 0.01897033441373105 0
0.5076430854505264 0.008196494948233227 0
0.5076511027368256 0.008229536202224462 0
0.5076671373094239 0.008295618710206933 0
0.5076992064546205 0.008427783726171876 0
0.5077633447450137 0.00869211375810176 0
0.5078916213258001 0.009220773821961528 0
0.5081481744873729 0.01027809394968106 0
0.5086612808105185 0.01239273420512014 0
0.5096874934568099 0.01662201471599829 0
0.5173430860739142 0.005831704205672705 0
0.517351173541992 0.005864728350241516 0
0.5173673484781477 0.005930776639379135 0
0.5173996983504591 0.006062873217654375 0
0.5174643980950819 0.006327066374204855 0
0.5175937975843274 0.006855452687305814 0
0.5178525965628186 0.007912225313507732 0
0.5183701945198008 0.01002577056591157 0
0.5194053904337652 0.01425286107071924 0
0.5270381181127936 0.003446629597759827 0
0.5270462736502053 0.003479636996963665 0
0.5270625847250288 0.003545651795371341 0
0.5270952068746757 0.003677681392186694 0
0.5271604511739696 0.0039417405858174 0
0.5272909397725573 0.004469858973078811 0
0.5275519169697326 0.005526095747601635 0
0.5280738713640833 0.007638569296647281 0
0.5291177801527848 0.01186351639473857 0
0.5367282840668669 0.001041864893757479 0
0.5367365056764972 0.001074855896466761 0
0.5367529488957578 0.001140837901885323 0
0.5367858353342789 0.001272801912722448 0
0.5368516082113212 0.001536729934396698 0
0.5369831539654056 0.002064585977745198 0
0.5372462454735745 0.003120298064442197 0
0.5377724284899124 0.005231722237836198 0
0.5388247945225881 0.009454570584624197 0
0.5464136863885379 -0.001382010856706829 0
0.5464219721419794 -0.001349035906344062 0
0.5464385436488621 -0.001283086005618527 0
0.5464716866626278 -0.001151186204167457 0
0.546537972690159 -0.0008873866012653171 0
0.5466705447452214 -0.0003597873954610375 0
0.5469356888553463 0.0006954110161475219 0
0.547465977075596 0.002805807839364641 0
0.5485265535160954 0.007026601485798879 0
0.5560944246778617 -0.003824444263374365 0
0.556102772724796 -0.003791485029239871 0
0.5561194688186648 -0.003725566560970882 0
0.5561528610064023 -0.003593729624432904 0
0.5562196453818771 -0.003330055751356949 0
0.5563532141328268 -0.002802708005205037 0
0.5566203516347262 -0.001748012512901215 0
0.557154626638525 0.0003613784717064299 0
0.5582231766461226 0.004580160440921718 0
0.5657705967401669 -0.00628490212703608 0
0.5657790053146768 -0.006251958283564201 0
0.5657958224636966 -0.006186070596620445 0
0.5658294567617361 -0.006054295222732931 0
0.5658967253578151 -0.005790744474957905 0
0.566031262549973 -0.005263642979407851 0
0.5663003369342891 -0.004209439988307745 0
0.5668384857029211 -0.002101034006107533 0
0.567914783240185 0.002115777958292891 0
0.575442295969015 -0.008762880673062636 0
0.575450763469215 -0.008729951926616551 0
0.5754676984696149 -0.00866409443372438 0
0.5755015684704147 -0.008532379447940039 0
0.5755693084720143 -0.008268949476371353 0
0.5757047884752134 -0.007742089533233986 0
0.5759757484816119 -0.00668836964695925 0
0.5765176684944088 -0.004580929874409778 0
0.5776015085200026 -0.0003660503293108335 0
0.5851096013445701 -0.01125794321964921 0
0.5851181263038221 -0.0112250293027084 0
0.5851351762223259 -0.01115920146882676 0
0.5851692760593337 -0.01102754580106349 0
0.5852374757333491 -0.01076423446553695 0
0.5853738750813798 -0.01023761179448386 0
0.5856466737774415 -0.009184366452377687 0
0.5861922711695647 -0.007077875768165339 0
0.5872834659538112 -0.002864894399740647 0
0.5947725910391214 -0.01376966516176859 0
0.5947811720386674 -0.01373676581124992 0
0.5947983340377595 -0.01367096711021258 0
0.5948326580359437 -0.0135393697081379 0
0.5949013060323119 -0.01327617490398854 0
0.5950386020250485 -0.01274978529568981 0
0.5953131940105216 -0.01169700607909237 0
0.5958623779814679 -0.009591447645897484 0
0.5969607459233606 -0.005380330779507711 0
0.604431341366293 -0.01629763794342584 0
0.6044399770293825 -0.01626475289968734 0
0.6044572483555616 -0.01619898281221034 0
0.6044917910079196 -0.01606744263725634 0
0.6045608763126358 -0.01580436228734833 0
0.6046990469220682 -0.01527820158753233 0
0.604975388140933 -0.01422588018790033 0
0.6055280705786626 -0.01212123738863632 0
0.6066334354541218 -0.007911951790108295 0
0.6140859285275944 -0.01884146160418978 0
0.6140946175409029 -0.0188085906171192 0
0.6141119955675198 -0.01874284864297805 0
0.6141467516207537 -0.01861136469469574 0
0.6142162637272215 -0.01834839679813113 0
0.614355287940157 -0.01782246100500189 0
0.6146333363660281 -0.01677058941874343 0
0.6151894332177703 -0.0146668462462265 0
0.6163016269212548 -0.01045935990119264 0
0.6237364231881859 -0.0214007649321312 0
0.6237451643511474 -0.02136790777488581 0
0.6237626466770704 -0.02130219346039503 0
0.6237976113289163 -0.02117076483141346 0
0.6238675406326083 -0.02090790757345033 0
0.6240073992399922 -0.02038219305752407 0
0.62428711645476 -0.01933076402567153 0
0.6248465508842955 -0.01722790596196647 0
0.6259654197433667 -0.01302218983455636 0
0.6333828878986532 -0.02397521424107623 0
0.6333916800960419 -0.02394237070369175 0
0.6334092644908192 -0.02387668362892279 0
0.6334444332803739 -0.02374530947938487 0
0.6335147708594834 -0.02348256118030904 0
0.6336554460177022 -0.02295706458215738 0
0.6339367963341398 -0.02190607138585404 0
0.634499496967015 -0.01980408499324738 0
0.6356248982327656 -0.01560011220803405 0
0.6430253834223505 -0.0265644883091905 0
0.6430342256189416 -0.02653165819775786 0
0.6430519100121239 -0.02646599797489258 0
0.6430872787984886 -0.02633467752916203 0
0.6431580163712178 -0.02607203663770093 0
0.6432994915166763 -0.02554675485477872 0
0.6435824418075933 -0.02449619128893432 0
0.6441483423894272 -0.0223950641572455 0
0.645280143553095 -0.01819280989386786 0
0.6526639628746111 -0.02916830055172395 0
0.6526728541103932 -0.02913548368777883 0
0.6526906365819576 -0.02906984995988858 0
0.6527262015250862 -0.0289385825041081 0
0.6527973314113436 -0.02867604759254714 0
0.6529395911838582 -0.02815097776942521 0
0.6532241107288875 -0.02710083812318135 0
0.6537931498189461 -0.02500055883069364 0
0.6549312279990633 -0.02080000024571821 0
0.6622986779920611 -0.0317863737974331 0
0.6623076173486229 -0.03175357000931923 0
0.6623254960617462 -0.03168796243309149 0
0.662361253487993 -0.03155674728063599 0
0.6624327683404865 -0.03129431697572501 0
0.6625757980454736 -0.03076945636590305 0
0.6628618574554477 -0.02971973514625912 0
0.663433976275396 -0.02762029270697127 0
0.6645782139152927 -0.02342140782839557 0
0.671929577806852 -0.03441844590028498 0
0.6719385644082848 -0.03438565502375334 0
0.6719565376111504 -0.03432007327069005 0
0.6719924840168815 -0.03418890976456349 0
0.6720643768283439 -0.03392658275231034 0
0.6722081624512684 -0.03340192872780404 0
0.6724957336971175 -0.03235262067879147 0
0.6730708761888158 -0.0302540045807663 0
0.6742211611722122 -0.02605677238471597 0
0.6815567098143945 -0.03706426465383442 0
0.6815657428735939 -0.03703148654508599 0
0.6815838089919928 -0.03696593032758912 0
0.6816199412287902 -0.03683481789259539 0
0.6816922057023853 -0.03657259302260792 0
0.6818367346495754 -0.036048143282633 0
0.6821257925439557 -0.03499924380268314 0
0.682703908332716 -0.03290144484278343 0
0.6838601399102369 -0.028705846922984 0
0.691180110948013 -0.03972362021617752 0
0.6911891898393504 -0.03969085477262903 0
0.6912073476220252 -0.03962532388553206 0
0.6912436631873746 -0.03949426211133811 0
0.6913162943180737 -0.03923213856295022 0
0.6914615565794717 -0.03870789146617444 0
0.6917520811022679 -0.03765939727262288 0
0.6923331301478601 -0.03556240888551976 0
0.6934952282390447 -0.03136843211131352 0
0.7007998044932746 -0.04239635526939257 0
0.7008089286816643 -0.04236360241100644 0
0.7008271770584438 -0.04229809669423418 0
0.7008636738120027 -0.04216708526068967 0
0.7009366673191204 -0.04190506239360064 0
0.7010826543333559 -0.04138101665942257 0
0.7013746283618268 -0.04033292519106645 0
0.7019585764187688 -0.03823674225435418 0
0.7031264725326527 -0.03404437638092967 0
0.7104158142174035 -0.0450823128894231 0
0.7104249831560522 -0.04504957253057944 0
0.7104433210333495 -0.04498409181289213 0
0.710479996787944 -0.04485313037751752 0
0.7105533482971331 -0.04459120750676829 0
0.7107000513155115 -0.04406736176526983 0
0.710993457352268 -0.0430196702822729 0
0.7115802694257811 -0.04092428731627905 0
0.7127538935728072 -0.03673352138429135 0
0.7200281666757734 -0.04778132883872477 0
0.7200373798237738 -0.04774860089309688 0
0.7200558061197744 -0.0476831450018411 0
0.7200926587117757 -0.04755223321932955 0
0.7201663638957784 -0.04729040965430643 0
0.7203137742637837 -0.04676676252426022 0
0.7206085949997942 -0.04571946826416777 0
0.7211982364718155 -0.04362487974398288 0
0.7223775194158578 -0.03943570270361309 0
0.7296368860020739 -0.05049324973421505 0
0.7296461429281955 -0.05046053414416615 0
0.7296646567804388 -0.05039510296406832 0
0.7297016844849255 -0.05026424060387267 0
0.7297757398938987 -0.05000251588348137 0
0.7299238507118451 -0.04947906644269878 0
0.7302200723477379 -0.04843216756113358 0
0.7308125156195234 -0.0463383697980032 0
0.7319974021630946 -0.04215077427174244 0
0.7392419818593727 -0.05321797597002543 0
0.7392512822507037 -0.05318527270981756 0
0.7392698830333656 -0.05311986618940182 0
0.7393070845986895 -0.05298905314857034 0
0.7393814877293372 -0.05272742706690738 0
0.7395302939906327 -0.05220417490358147 0
0.7398279065132238 -0.05115767057692963 0
0.740423131558406 -0.04906466192362597 0
0.7416135816487703 -0.04487864461701865 0
0.7488434597666367 -0.05595542348037173 0
0.7488528033407907 -0.05592273253173088 0
0.748871490489099 -0.0558573506344492 0
0.7489088647857154 -0.05572658683988582 0
0.7489836133789481 -0.05546505925075908 0
0.7491331105654138 -0.05494200407250559 0
0.749432104938345 -0.0538958937159986 0
0.7500300936842076 -0.05180367300298463 0
0.7512260711759327 -0.04761923157695669 0
0.7584413249374091 -0.05870551049743476 0
0.758450711420942 -0.05867283184351445 0
0.7584694843880077 -0.05860747453567385 0
0.7585070303221391 -0.05847675991999263 0
0.7585821221904019 -0.0582153306886302 0
0.7587323059269275 -0.05769247222590534 0
0.7590326733999788 -0.05664675530045563 0
0.7596334083460814 -0.05455532144955619 0
0.7608348782382865 -0.05037245374775733 0
0.7680355820620844 -0.06146815821337272 0
0.7680450112191743 -0.06143549184707022 0
0.7680638695333544 -0.06137015911446522 0
0.7681015861617144 -0.06123949364925522 0
0.7681770194184343 -0.06097816271883522 0
0.7683278859318741 -0.06045550085799522 0
0.7686296189587536 -0.05941017713631521 0
0.7692330850125129 -0.05731952969295521 0
0.7704400171200312 -0.0531382348062352 0
0.777626230615031 -0.06424330703906639 0
0.777635702272822 -0.06421065297061215 0
0.777654645588404 -0.06414534483370368 0
0.7776925322195681 -0.06401472855988675 0
0.7777683054818965 -0.06375349601225289 0
0.7779198520065529 -0.06323103091698513 0
0.778222945055866 -0.06218610072644965 0
0.7788291311544921 -0.06009624034537868 0
0.7800415033517445 -0.05591651958323673 0
0.7872132651851647 -0.0670309151614161 0
0.7872227793301412 -0.0669982734467499 0
0.7872418076200939 -0.06693299001741748 0
0.7872798641999994 -0.06680242315875266 0
0.7873559773598107 -0.06654128944142301 0
0.787508203679433 -0.06601902200676373 0
0.7878126563186776 -0.06497448713744515 0
0.7884215615971669 -0.06288541739880799 0
0.7896393721541455 -0.05870727792153366 0
0.7967966582787219 -0.06983101685127105 0
0.7968062150962452 -0.06979838760463422 0
0.7968253287312914 -0.06973312911136056 0
0.7968635560013841 -0.06960261212481325 0
0.7969400105415696 -0.06934157815171862 0
0.7970929196219405 -0.06881951020552937 0
0.7973987377826823 -0.06777537431315087 0
0.7980103741041658 -0.06568710252839384 0
0.7992336467471328 -0.0615105589588798 0
0.8063763702304092 -0.0726436869006402 0
0.8063859698398941 -0.07261107021786922 0
0.8064051690588636 -0.07254583685232727 0
0.8064435674968028 -0.07241537012124337 0
0.8065203643726812 -0.07215443665907557 0
0.8066739581244379 -0.07163256973473997 0
0.8069811456279512 -0.07058883588606878 0
0.807595520634978 -0.06850136818872639 0
0.8088242706490315 -0.0643264327940416 0
0.8159523845382782 -0.07546892025318708 0
0.8159620268677468 -0.07543631617403904 0
0.8159813115266836 -0.07537110801574295 0
0.8160198808445576 -0.07524069169915081 0
0.8160970194803052 -0.07497985906596648 0
0.8162512967518007 -0.07445819379959785 0
0.8165598512947916 -0.07341486326686059 0
0.8171769603807735 -0.07132820220138605 0
0.8184111785527373 -0.06715488007043699 0
0.825524694427373 -0.07830667953922717 0
0.825534379535292 -0.07827408814181346 0
0.8255537497511301 -0.07820890534698605 0
0.825592490182806 -0.07807853975733121 0
0.8256699710461579 -0.07781780857802156 0
0.825824932772862 -0.07729634621940225 0
0.8261348562262698 -0.07625342150216363 0
0.8267547031330855 -0.07416757206768637 0
0.8279943969467172 -0.06999587319873188 0
0.8350932606540151 -0.08115703701684573 0
0.835102988860583 -0.08112445845783185 0
0.8351224452737189 -0.08105930133980412 0
0.8351613580999908 -0.08092898710374861 0
0.8352391837525346 -0.08066835863163763 0
0.835394835057622 -0.08014710168741566 0
0.8357061376677969 -0.07910458779897171 0
0.8363287428881467 -0.07701956002208382 0
0.8375739533288463 -0.07284950446830803 0
0.84465803047592 -0.08402010872527223 0
0.8446678021390784 -0.08398754317418577 0
0.8446873454653954 -0.08392241207201284 0
0.844726432118029 -0.083792149867667 0
0.8448046054232964 -0.08353162545897531 0
0.8449609520338311 -0.08301057664159193 0
0.8452736452549007 -0.08196847900682518 0
0.8458990316970398 -0.07988428373729164 0
0.8471498045813179 -0.07571589319822461 0
0.854218957137673 -0.08689598874592337 0
0.8542287725989832 -0.08686343636894714 0
0.8542484035216038 -0.08679833161499467 0
0.8542876653668448 -0.08666812210708974 0
0.8543661890573269 -0.08640770309127987 0
0.854523236438291 -0.08588686505966013 0
0.8548373312002192 -0.08484518899642064 0
0.8554655207240758 -0.08276183686994168 0
0.8567218997717887 -0.07859513261698374 0
0.863775989780044 -0.08978478366035512 0
0.8637858494617356 -0.08975224464966725 0
0.8638055688251192 -0.08968716662829149 0
0.863845007551886 -0.08955701058553996 0
0.8639238850054198 -0.08929669850003691 0
0.8640816399124873 -0.0887760743290308 0
0.8643971497266223 -0.08773482598701859 0
0.8650281693548922 -0.08565232930299417 0
0.8662902086114324 -0.08148733593494534 0
0.8733290663416621 -0.09268663503704729 0
0.8733389706688393 -0.09265410958774692 0
0.8733587793231938 -0.09258905868914619 0
0.8733983966319028 -0.09245895689194474 0
0.8734776312493207 -0.09219875329754183 0
0.8736361004841566 -0.09167834610873601 0
0.8739530389538286 -0.09063753173112439 0
0.8745869158931723 -0.08855590297590114 0
0.8758546697718597 -0.08439264546545465 0
0.8828781343584744 -0.09560165080655189 0
0.8828880837009676 -0.09556913909877454 0
0.8829079823859542 -0.09550411568321984 0
0.8829477797559273 -0.09537406885211046 0
0.8830273744958737 -0.09511397518989168 0
0.8831865639757663 -0.0945937878654541 0
0.8835049429355515 -0.09355341321657897 0
0.884141700855122 -0.09147266391882869 0
0.8854152166942628 -0.08731116532332812 0
0.8924231405801494 -0.09852994027240584 0
0.8924331355190369 -0.09849744255286237 0
0.8924531253968122 -0.09843244711377543 0
0.8924931051523627 -0.09830245623560155 0
0.8925730646634635 -0.09804247447925378 0
0.8927329836856654 -0.09752251096655823 0
0.8930528217300692 -0.09648258394116714 0
0.8936924978188766 -0.09440272989038498 0
0.8949718499964914 -0.09024302178882064 0
0.9019639931193625 -0.1014717359957618 0
0.9019740343111888 -0.101439252537521 0
0.9019941166948413 -0.1013742856210393 0
0.9020342814621465 -0.1012443517880761 0
0.9021146109967567 -0.1009844841221497 0
0.9022752700659772 -0.1004647487902968 0
0.9025965882044181 -0.09942527812659106 0
0.9032392244813001 -0.09734633679917956 0
0.9045244970350639 -0.09318845414435657 0
0.9115006236997608 -0.1044271906349628 0
0.9115107116753907 -0.1043947216750981 0
0.9115308876266501 -0.1043297837553687 0
0.9115712395291693 -0.1041999079159097 0
0.9116519433342074 -0.1039401562369918 0
0.9118133509442838 -0.1034206528791561 0
0.9121361661644365 -0.1023816461634847 0
0.912781796604742 -0.1003036327321418 0
0.9140730574853531 -0.096147605869456 0
0.9210329614693846 -0.1073964633783039 0
0.9210430971519165 -0.1073640092786952 0
0.9210633685169802 -0.1072991010794777 0
0.9211039112471076 -0.1071692846810429 0
0.9211849967073624 -0.1069096518841732 0
0.9213471676278722 -0.1063903862904338 0
0.9216715094688914 -0.1053518551029549 0
0.9223201931509302 -0.1032747927279973 0
0.9236175605150077 -0.099120667978082 0
0.9305608641110501 -0.1103799382040421 0
0.9305710482009713 -0.1103474992620555 0
0.9305914163808137 -0.1102826213780823 0
0.9306321527404986 -0.110152865610136 0
0.9307136254598682 -0.1098933540742434 0
0.9308765708986078 -0.1093743310024582 0
0.9312024617760866 -0.1083362848588878 0
0.9318542435310444 -0.1062601925717469 0
0.9331578070409599 -0.1021080079974651 0
0.9400843002920836 -0.1133776408864268 0
0.9400945334245783 -0.1133452173814233 0
0.9401149996895677 -0.1132803703714162 0
0.9401559322195465 -0.113150676351402 0
0.9402377972795042 -0.1128912883113736 0
0.9404015273994196 -0.1123725122313169 0
0.9407289876392504 -0.1113349600712035 0
0.9413839081189119 -0.1092598557509766 0
0.9426937490782349 -0.1051096471105229 0
0.9496031363568542 -0.1163899201735408 0
0.9496134195204367 -0.1163575125008929 0
0.9496339858476016 -0.116292697155597 0
0.9496751185019314 -0.1161630664650053 0
0.9497573838105912 -0.1159038050838218 0
0.9499219144279105 -0.1153852823214549 0
0.9502509756625493 -0.114348236796721 0
0.9509090981318269 -0.1122741457472532 0
0.952225343070382 -0.1081259636483177 0
0.9591172742276004 -0.1194170073798213 0
0.9591276083100622 -0.1193846159076746 0
0.9591482764749858 -0.1193198329633812 0
0.9591896128048329 -0.1191902670747944 0
0.9592722854645273 -0.1189311352976207 0
0.9594376307839158 -0.1184128717432733 0
0.9597683214226929 -0.1173763446345786 0
0.9604297027002471 -0.1153032904171892 0
0.9617524652553556 -0.1111571819824103 0
0.968626595729674 -0.1224591929046248 0
0.9686369819054577 -0.1224268180977432 0
0.968657754257025 -0.1223620684839801 0
0.9686992989601598 -0.1222325692564538 0
0.9687823883664295 -0.1219735708014013 0
0.9689485671789686 -0.1214555738912962 0
0.969280924804047 -0.1204195800710861 0
0.9699456400542038 -0.1183475924306659 0
0.9712750705545173 -0.1142036171498255 0
0.9781309412599714 -0.1255168751519667 0
0.9781413719669395 -0.1254845146712225 0
0.9781622333808758 -0.1254197937097342 0
0.9782039562087484 -0.1252903517867576 0
0.9782874018644938 -0.1250314679408043 0
0.9784542931759843 -0.1245137002488977 0
0.9787880757989653 -0.1234781648650846 0
0.9794556410449275 -0.1214070940974584 0
0.980790771536852 -0.1172649525622058 0
0.9885847402303614 -0.1295451270010997 0
0.9886212484971636 -0.1295336151802413 0
0.988694265030768 -0.1295105915385246 0
0.9888402980979769 -0.1294645442550912 0
0.9891323642323946 -0.1293724496882244 0
0.9897164965012299 -0.1291882605544908 0
0.9908847610389007 -0.1288198822870237 0
0.993221290114242 -0.1280831257520893 0
0.9978943482649247 -0.1266096126822205 0
0.9883497329012865 -0.1308781804929596 0
0.9883802217309396 -0.1309013279945689 0
0.9884411993902462 -0.1309476229977874 0
0.9885631547088591 -0.1310402130042245 0
0.9888070653460852 -0.1312253930170986 0
0.9892948866205373 -0.1315957530428468 0
0.9902705291694415 -0.1323364730943432 0
0.9922218142672499 -0.133817913197336 0
0.9961243844628664 -0.1367807934033216 0
0.9871300794519162 -0.1314545465444134 0
0.9871371549341014 -0.1314888190764479 0
0.9871513058984718 -0.1315573641405169 0
0.9871796078272125 -0.1316944542686548 0
0.987236211684694 -0.1319686345249307 0
0.987349419399657 -0.1325169950374825 0
0.9875758348295829 -0.133613716062586 0
0.9880286656894349 -0.1358071581127931 0
0.9889343274091389 -0.1401940422132072 0
0.9876357990702269 -0.1285864680672629 0
0.9876541697449435 -0.1285566823792456 0
0.9876909110943765 -0.1284971110032108 0
0.9877643937932424 -0.1283779682511413 0
0.9879113591909743 -0.1281396827470022 0
0.9882052899864382 -0.1276631117387242 0
0.9887931515773658 -0.1267099697221681 0
0.9899688747592212 -0.1248036856890558 0
0.992320321122932 -0.1209911176228313 0
0.9424789240128412 -0.09334609611761102 0
0.8545369717190857 -0.06851574964498987 0
0.768650935377409 -0.04216778036750844 0
0.6805318493879433 -0.01989460263840144 0
0.5939710550336694 0.005553223181545809 0
0.5165499228460187 0.02552339172735485 0
0.4389941013443779 0.04290042855928397 0
0.3600684699246792 0.0586224456554546 0
0.2807000559152945 0.07291472718910511 0
0.2107897787414898 0.08314284720105994 0
0.1399533666055854 0.08871996164960251 0
0.06706965174045409 -0.02999419962149616 0
0.1357705063502528 -0.05152225128895158 0
0.204525738268819 -0.06880037065300741 0
0.2836146360080101 -0.08449846745062031 0
0.3631550073816819 -0.09711598525239064 0
0.4415940066881675 -0.1101586480787906 0
0.5221879792114581 -0.1173987904869982 0
0.6019488773487414 -0.1249816468606731 0
0.6817856320973694 -0.1312278119878719 0
0.7616314034949923 -0.1370405397591065 0
0.8415313601476573 -0.1420142568352069 0
0.9208804330356757 -0.1481700637158395 0
1.752564170347303 0.285714285714283 0
-0.7677937178569738 -0.2637808464604714 0
-0.7695309303418791 0.3207805727562756 0
1.745902829082247 -0.2954429090739399 0
0.9629476252944323 0.7655465249311473 0
-0.2486527603226669 0.7995036024381765 0
0.06776801142457217 0.08868752960896362 0
0.003486639406245107 -0.7563875119120231 0
1.299332402618649 -0.7708372534995382 0
0.3509097648951159 0.7702220021292094 0
0.65 -0.7401923788646684 0
1.526002489806066 0.7493231355040878 0
-0.55 -0.7401923788646685 0
0.9594485824285099 -0.811483584080174 0
1.091684696777662 -0.5501737998669413 0
0.3373608887564927 -0.8184635943008557 0
0.1892137098500125 -0.5483799382778765 0
0.04601980215933776 0.794728434158086 0
-0.1026737872002185 0.5566740232435808 0
0.02446491546678842 0.08154742256995069 0
0.6949072112525271 0.7713642944251343 0
0.8022088136099152 0.5503093580337932 0
1.008776989382949 0.5415953139660973 0
0.9237930036549041 0.398437587210161 0
1.068108654444706 0.3625476003336658 0
0.7313439464766891 0.4037859704008848 0
0.8077793828290836 0.2779067569957289 0
1.182897982488269 0.5092877387207617 0
1.229623377242398 0.3450525795857618 0
1.140972416674136 0.2252100900036117 0
1.274671171916903 0.1999150217586905 0
1.173226910263269 0.09686119834134138 0
1.065172097741984 0.1345534572570634 0
1.110949562024598 0.02521842711701911 0
0.9903711766255944 -0.1114388961969411 0
0.9694688974508003 -0.1026729810084829 0
1.31153870291411 0.0770700109280562 0
1.411573697436245 0.1826578444793384 0
1.451726952953452 0.04104261702121545 0
1.323306738539739 -0.05390567347873883 0
1.472475027852898 -0.1109429620741094 0
1.35731061318475 -0.2053924214934456 0
1.246501298562821 -0.1517488385760515 0
1.245554939683211 -0.2844498627525522 0
1.393522760423188 -0.3715031670428084 0
1.127402237618731 -0.259440894558132 0
0.9980982664807387 -0.1436208308767544 0
0.9720620658874302 -0.1533699326342333 0
0.9506278779529762 -0.1492998030666913 0
1.119781177037054 -0.1503173245375333 0
1.004609171752803 -0.1332655212186312 0
1.609937710605902 -0.01066753982875808 0
1.026335715492495 0.2286586233214064 0
0.9790117547428632 0.1257147092306662 0
1.020465710029341 0.06527236978235428 0
0.922599906172563 0.07010339428731477 0
0.9022989696923949 -0.08344297777341468 0
0.922016286732673 -0.0856213516223872 0
0.8832849693356675 -0.07717019702390981 0
0.9588552125767953 0.0014703116715531 0
0.9027970760821931 0.1304679823369841 0
0.8674864442280742 0.07447887594777916 0
0.8064675707620025 -0.05461279309402452 0
0.82566315751071 -0.06027607435376749 0
0.8393594630585122 0.1237271743589229 0
0.8111727256231065 0.06612128603413378 0
0.7199058512774603 -0.02975035347649151 0
0.7006990317782651 -0.02411032390926035 0
0.7376936347587736 -0.03326736763881375 0
0.7825646965205028 0.118017877104801 0
0.7588330060335811 0.07038114139024632 0
0.643325746203369 -0.01005018396539771 0
0.7326371865352422 0.1134289161833085 0
0.6234543055808917 -0.00298876176682395 0
0.7111809648395129 0.06720202962609019 0
0.6859755852068652 0.1091607559914004 0
0.6700834340386426 0.06455161802671538 0
0.5566815741078672 0.01538531850854694 0
0.6395785343490672 0.1008666710609825 0
0.5361460518855226 0.01942352879224009 0
0.6608124078725713 0.147060047890849 0
0.6128159196549465 0.1417821119054875 0
0.5925834941469634 0.09857770973863249 0
0.5641578861594303 0.1332374892502324 0
0.4776961874503757 0.03357123389292797 0
0.5808287006522024 0.1800240331824516 0
0.5294921052502337 0.1698352180959596 0
0.5453835102640077 0.2256537416754242 0
0.4837770681400629 0.2068730161287869 0
0.4580674679921252 0.03770503894063776 0
0.5043121814502382 0.2790229340654599 0
0.4332354344602215 0.2624146817814978 0
0.4220667420754888 0.1949242472767733 0
0.3631638911643621 0.2330062793283749 0
0.3211812887888413 0.06630028785721348 0
0.3992754866216568 0.05065866595251425 0
0.3005700436076292 0.06962262098825267 0
0.3802111742062938 0.05509639867386311 0
0.3749866438964675 0.2989682379862714 0
0.3039842006677091 0.2890654178891666 0
0.2964671986988917 0.2138065824266388 0
0.2460588236239389 0.259002924079365 0
0.2425124559986049 0.3331106913798312 0
0.1792175658726676 0.2854833951094749 0
0.1724881074543747 0.38609714948191 0
0.5236026570013472 0.1195002006680035 0
0.1544339262674357 0.2109463011475415 0
0.1101031145031625 0.2538092973000639 0
0.1087049704937826 0.206114453593179 0
0.0601246408249147 0.2166799921380045 0
0.09969109347214944 0.09044849677553853 0
0.05144413358352312 0.2863840945403142 0
-0.003369824091407514 0.2481417062348708 0
0.8411088157603598 0.02710168764476335 0
0.004496582824794981 0.1866289463486192 0
-0.05480141548622242 0.2087997850747052 0
-0.0006559197546862627 0.07081321456927742 0
-0.06618968191824104 0.2602788539428733 0
-0.1203181709629292 0.2232140713402923 0
-0.09484614814645553 0.1558429582084423 0
-0.170295341775536 0.1706321929343778 0
-0.009542026952656713 0.01782805256885549 0
-0.1479082380784721 0.1029802978647124 0
-0.2201480183379386 0.1151204509243189 0
-0.1879456774023008 0.03722786033497198 0
-0.2025308614245438 0.2454063686875229 0
-0.2842254889819944 0.0590430735360143 0
-0.2511692986336146 -0.02218251390742434 0
-0.1728896606192595 -0.04224061154264531 0
0.02002258167853299 -0.00541711984931496 0
-0.2265205833395989 -0.108648599409341 0
-0.1460112614597389 -0.1184611953351439 0
-0.1919887678559205 -0.1951458494449466 0
0.03951954969832805 -0.01760651086409385 0
-0.09288071410192622 -0.1921893011739328 0
-0.1597348494689239 -0.303060253432444 0
-0.3640780908542154 -0.009730842968388689 0
-0.3227404060739636 -0.1783409021813993 0
-0.3107805818769661 0.1492835522930246 0
0.1603089821290604 0.1638200139155577 0
0.180562790311477 0.08631495566270848 0
0.1590319040274967 0.08895660631497052 0
0.7367865238375806 0.0379473704693712 0
-0.03708306767142511 -0.144645042753582 0
-0.001453341290958754 -0.2132355844401849 0
0.04227970636109324 -0.162641493801727 0
0.07307430056809999 -0.2171141786690575 0
0.1167141557055178 -0.1736894933710816 0
0.1442152735283255 -0.2158143990230987 0
0.2440099975952986 -0.07851437973840084 0
0.2227340198314931 -0.07414246639819871 0
0.179541197338377 -0.1806699572337957 0
0.2060630098019222 -0.2187573055911246 0
0.2400951223455941 -0.1783845973414039 0
0.2645673580502413 -0.2312135419124085 0
0.3242754248975847 -0.09269975878377874 0
0.3030241882275681 -0.08816840862861422 0
0.294081022047777 -0.1771119087160556 0
0.3195243788899909 -0.2343369568229626 0
0.4027761655658024 -0.1027556287995762 0
0.3828877377633517 -0.100054834699971 0
0.3453243727685321 -0.1831371092603994 0
0.3793765411066502 -0.2335214052256296 0
0.3425591890934101 -0.2917366054001588 0
0.4088628119608911 -0.2925291444498789 0
0.4376350546854212 -0.2328563006649714 0
0.4737858960035923 -0.2809290855407848 0
0.4835384206549621 -0.111373139381055 0
0.4622231947300357 -0.109327917417241 0
0.5054078947586119 -0.2426883067304418 0
0.5422564496409333 -0.2785405167705555 0
0.5620667293159727 -0.1212678107086711 0
0.5421319013736887 -0.1192981841075613 0
0.5035573798122542 -0.3579460970935343 0
0.5843554697427149 -0.3512903865602471 0
0.6025108197967549 -0.278677642079609 0
0.6577065551365269 -0.3250368575990244 0
0.6429833822498516 -0.1268550385711053 0
0.6218616674938209 -0.1271337366582269 0
0.6888741401123134 -0.2757430606309996 0
0.7296922633891494 -0.3123673944709952 0
0.7228016412125244 -0.1329380673408525 0
0.7010354041125472 -0.1345147658660899 0
0.7579648977975096 -0.265278653043071 0
0.7901892301339031 -0.291169845002436 0
0.8015628192129862 -0.1398176398351765 0
0.8215508783772554 -0.1408495794581432 0
0.7991449071728129 -0.3722902491508682 0
0.64222690313582 -0.4267836890365565 0
0.236573940076247 -0.2879510305273218 0
0.1153393760450052 -0.3002598968662508 0
0.822450361839959 -0.2558288162057908 0
0.8805656059422219 -0.1429743480920155 0
0.8557321925786769 -0.2924604251621997 0
0.9014965194462359 -0.1451816445187314 0
0.3684469161259109 -0.3820785040285804 0
0.6454825023699171 -0.2145489562846797 0
0.8886457427932037 -0.2382235244260845 0
0.9313874450342274 -0.28434250487538 0
0.8995223061666452 -0.3704752829935397 0
0.1586730035469207 -0.1206123436065996 0
0.1653360483332714 -0.06061862456492692 0
0.715759302117559 -0.2078799845406082 0
0.9908829022529848 -0.3542483810424129 0
0.4661982993985689 -0.1893395804353294 0
0.08525874335368655 -0.1058439195380469 0
0.09675865978176057 -0.04167136155607594 0
0.7825593496156524 -0.201183285374309 0
0.6075838857920762 0.2378104302717211 0
0.8670923416747657 -0.4800245470061448 0
-0.08530470077908625 0.09011426657017771 0
0.95688345784302 -0.2293935572463645 0
0.2650349674000259 0.4367666546562837 0
0.3278542206830578 -0.1487031981595113 0
0.2855784070398985 -0.1445408327878195 0
0.3732573004679993 -0.1545435078591696 0
0.2153856443196949 -0.1324567259175941 0
0.02276975920490998 -0.08795254480092426 0
0.8502568388165068 -0.1960915623128832 0
0.7918623139765686 0.03015626226074456 0
0.8178877577416647 -0.003562602699691761 0
0.1711426802234909 0.5162266269814312 0
0.06438429214610414 0.4380888987745843 0
0.7530306294068 0.1631990034696013 0
0.6911545918552569 0.03691477003939416 0
0.6500710728828099 0.03747682757966243 0
0.6693254151176985 0.01050264522891067 0
0.6621279948532998 -0.0133760292212284 0
0.9170431820375218 -0.1993619960142774 0
1.160848636352152 -0.3635969661763215 0
0.3089856457838478 -0.1165745308792652 0
0.8868441257966584 0.02919219087486337 0
0.8677235934901387 -0.006280287969962328 0
0.9000314116205183 -0.007691407893411092 0
0.8806176396155868 -0.03490473402930667 0
0.9096301436933515 -0.03596848020895781 0
0.8529391832219979 -0.03446415364219462 0
0.635266056806991 0.06276945485044642 0
0.6251559798090006 0.03456328635746119 0
0.3894906113673667 -0.186583848930145 0
0.4021615311538272 -0.1539750269336852 0
-0.04737428351190687 0.1287315211805875 0
0.3461434764500294 -0.1276294035432263 0
0.3431401127473312 -0.09427437212480018 0
0.6132394280174889 0.5833433537968614 0
1.386654776547116 0.4852487374463253 0
1.201144406195422 -0.06001764558628187 0
0.6401526822732017 0.01872838340821487 0
0.608657954098594 0.05617399980828548 0
0.6000055544188757 0.03181047255124017 0
0.5848252384401523 0.05141592292873202 0
0.5745476952495778 0.009486584053367575 0
0.389597324832111 -0.1290639965386343 0
-0.04074241406885615 0.08813642366633075 0
-0.05886169344678371 0.05775212812855055 0
-0.1240684108537278 0.04922795744509471 0
-0.01217183265603838 0.1127851217054855 0
0.8936562828589425 -0.05636570367885016 0
0.9191374336376492 -0.05912125514414261 0
0.9345582137572837 -0.04077788538415492 0
0.9414835437153084 -0.06347307517335564 0
0.9584341914799446 -0.04573292593032898 0
0.9657690422646468 -0.06676846758520061 0
0.983194503838404 -0.04978001593436522 0
0.9895697632127425 -0.07786068464860192 0
1.010302315720146 -0.05381942421192651 0
1.020127903480967 -0.08370040862698673 0
1.044232723579701 -0.05529173268490513 0
1.052903010527213 -0.0896130902221559 0
1.085489149806916 -0.06455516366128211 0
1.029296021913114 -0.0252314766634698 0
0.8736167305705529 -0.05748557474413707 0
-0.7829105558605227 -0.05081113939799367 0
-0.5343874491765264 0.1080787404884727 0
-0.5894333859913294 -0.1460924618246782 0
-0.5578832140918766 -0.3493034770874686 0
1.028958196843291 -0.1112710173790625 0
1.000222452634155 -0.1169861665425401 0
1.001414842392808 -0.1054903492431808 0
1.057753293357232 -0.1221813492422073 0
1.03704624323054 -0.1454098165773306 0
-0.05904721884289532 -0.05207446582207812 0
0.4127820854241223 -0.1306613333255536 0
0.4287527431450098 -0.145867045428856 0
0.4222591625162513 -0.1042191076845836 0
0.4261186296660174 -0.1842066302342233 0
0.4537981230595222 0.1527680055911665 0
0.4036698316608208 0.137844914705143 0
0.4517028173098926 0.1099877346916514 0
0.372231835351956 0.1681141818544258 0
0.369506604369684 0.1344257621441639 0
0.402427519484388 0.1032456101617552 0
0.3398626861815445 0.1439653823244089 0
0.3287095783471973 0.1102996057213924 0
0.3061072888036721 0.1307966522632459 0
0.2508004589438956 0.07746346471400535 0
0.2323128095626943 0.08134856301022067 0
0.361182123971349 0.09069872656481555 0
0.3401732888798559 0.06249574701767693 0
0.3044955788914228 0.100706309600944 0
0.2817244446167159 0.1163843830219563 0
0.2806057781882131 0.1464347972613067 0
0.2546522997635594 0.1283206187724427 0
0.2529862172859377 0.1635500877454067 0
0.2251122690643101 0.1452046145197612 0
0.2262641129266648 0.1129888376941998 0
0.2012242857336779 0.1282019326479428 0
0.2500410069404829 0.1026475530251705 0
0.6136598724115118 0.01578973699035839 0
0.2717829558468787 0.0956123773490625 0
0.220135746867646 0.1790372108429492 0
0.7420736619560928 -0.4832200916405467 0
-0.7121427951410633 -0.491769084222486 0
-0.2446544380584523 -0.7665064383190012 0
-0.09801197612908896 -0.5460219369056376 0
-0.3234012916278698 -0.5564368022316787 0
0.827578713773948 -0.5841969787875992 0
0.5769549913697439 0.03143455041444113 0
0.5617111612540614 0.04799971385703887 0
0.5685823503048322 0.06898236789709331 0
0.5441250077027401 0.0650972456132 0
0.5520037340473875 0.09550820788693373 0
0.8507444336132268 0.1984127305165247 0
0.5406802408437354 0.04121977205778075 0
0.5250258529119942 0.05389910645330646 0
0.4971269884001647 0.02861262614847867 0
1.066166733441303 -0.1539664239399015 0
1.042701619924863 -0.1791620449035046 0
0.3222627025224585 0.08810850080545113 0
1.561336983055313 -0.7276855709059871 0
0.6294095980209893 -0.538422960302582 0
1.778313303950849 -0.56131024052226 0
1.288757708392934 0.6516495537908179 0
1.621934449092914 0.4996081208749548 0
-0.5996026311103873 0.7661518496730706 0
-0.3999999999999999 0.5358779991990855 0
0.05721853599729432 0.1651784776109416 0
0.107120587202274 0.1420924221161146 0
-0.7586185151592606 0.5655375514383641 0
0.04007362468870213 0.592992676786933 0
-0.07354797844757266 0.4135669505913618 0
0.2031555088550713 0.1041643315581435 0
0.1824494410961232 0.1111135846818898 0
-0.03052613953660177 0.05825796785936097 0
-0.0417045546735304 0.03160590197251872 0
-0.07027386886766174 0.02464446304470964 0
-0.04677954374596371 -0.0002261372850959238 0
0.9902463882346297 -0.09797369320696171 0
0.01912565163410118 0.1379396595379265 0
0.05095651804284035 0.1271516761747453 0
0.04567569880402161 0.08461803157191826 0
0.03277047126294474 0.1118800269991913 0
0.01213149885859155 0.07807071578017336 0
0.01474477462477197 0.08983339535332374 0
1.396718024089204 -0.5707390409755543 0
0.001254753659729269 0.08987719956184061 0
1.093918238277199 -0.1935326079980737 0
1.046416210446091 -0.2296276278344873 0
1.067856248219801 -0.3143959720391867 0
0.5295691865548554 -0.4647153771535908 0
0.4995916101589691 -0.6090494417572845 0
0.396729592935286 -0.5049654381506858 0
0.9816227508835623 -0.4647959584770461 0
0.5722156243699663 -0.2294669201811621 0
0.5307824856735394 -0.1830898878298984 0
0.5200923115557885 0.08002285659131372 0
0.4961137510492375 0.06933074801146236 0
0.4864615055563074 0.09743159344088229 0
0.4743303935645832 0.0748234909823791 0
0.4374869768666241 0.08015683914445375 0
0.4190913459716795 0.04562218905874398 0
0.4783641802122974 0.05508482955155088 0
0.4606763472801606 0.06398719242501984 0
0.4971552664680519 0.04820030085194188 0
-0.08014827446393846 -0.01110090913406712 0
-0.01779700050703692 -0.04615145780738895 0
0.43279273783767 -0.1242025194794614 0
0.4494978293124201 -0.1369360831973407 0
1.018172724795304 -0.1664039071274231 0
0.9249231098515298 0.02018449426937336 0
0.5129590569132322 0.04123929180735791 0
0.9512388075682072 -0.08056754731391333 0
0.9682490078382016 -0.08667473110243569 0
1.584823771079766 -0.4257185420579896 0
0.2829225449468702 -0.3432503462084049 0
0.1939385645443985 -0.3419540583970032 0
0.1109859649849816 -0.4112682976635917 0
0.02488286252062966 -0.3209745442064492 0
0.448795258221615 -0.1659149913445541 0
0.4697590688558786 -0.155374959914488 0
0.497079495624762 -0.1661680706792415 0
0.5038886534258401 -0.1390506508268093 0
0.5034544980991774 -0.1135641910409385 0
0.5233347847587717 -0.154335912442764 0
0.5506642899431424 -0.1622529343646151 0
0.5433047489553562 -0.140574515034466 0
0.5652641447137526 -0.1431963902940943 0
0.5761496287440528 -0.1636777299282685 0
0.5820495245225784 -0.1226976935105994 0
0.5827716620986041 -0.1472315599573351 0
0.6005131978102665 -0.1600101941525183 0
0.5897585268314445 -0.1904821849311338 0
0.6195441832148387 -0.185902497812406 0
0.6290719156602934 -0.1567630734301848 0
0.6459154874371509 -0.1763022467384229 0
0.6551482300225404 -0.1528441332013874 0
0.6704971122253628 -0.1707547532751568 0
0.6617877529052111 -0.1301900492549152 0
0.6133330424349978 -0.2259610331678319 0
0.4700203349080642 -0.1317874456665002 0
0.6753489675367483 -0.1529357300795909 0
0.69431575149289 -0.1637827702704746 0
0.6899108483860592 -0.1907749097934495 0
0.6115180961365436 -0.1437369285260675 0
0.1947810462038687 0.1570731760244803 0
0.1737179302538845 0.1380905391746764 0
0.1592575990884607 0.1184135266570154 0
0.9355674874143229 -0.08096617832357746 0
0.9541499761587839 -0.09263810409253359 0
0.05127498265195141 0.1059341463191545 0
0.07015891193986346 0.1096506423007907 0
0.2902762406121283 0.5659696187378181 0
0.3779653357182815 0.4664752804757211 0
-0.5868066679149646 0.4256287923672332 0
1.503964120157982 0.3341039701062025 0
1.583405739457399 0.1532733140934351 0
1.77066778524351 0.08678870706832928 0
0.5253518930831808 -0.133698037413339 0
-0.01599691488996235 0.03629297711708968 0
0.5554861829231937 0.03010398849724172 0
0.03538900285255936 0.08424761229162632 0
1.07733388453117 -0.4186635818517644 0
0.9557434043923896 -0.6155698479752365 0
0.0546536693895453 0.09037668782840341 0
1.271486904214541 -0.4637840012275096 0
0.07817288993087745 0.08920198567075335 0
0.4432837632076932 0.3527884041300636 0
0.5441085321854952 0.3574468863237289 0
0.5891567830166331 0.01921468530151534 0
0.5678528106284054 0.0195847993202634 0
0.9296939956156096 -0.01437655079834019 0
-0.01541736396379079 0.1484290059330914 0
0.7104624373185047 -0.1784873563769706 0
0.7178733083612449 -0.1597224874006496 0
0.7413119376771596 -0.1377250665905429 0
0.7343166863302028 -0.1797330430936905 0
0.6823651741039869 -0.2256753715933035 0
0.7350641990454523 -0.1526465789428921 0
0.7537146961630411 -0.161585018077775 0
0.780678562376089 -0.1402518543082272 0
0.7596997051917704 -0.1855636417779217 0
0.778081573240716 -0.1701974651855093 0
0.8042561167685506 -0.1840732443878095 0
0.8013348546230192 -0.1603745581330084 0
0.8198022733253981 -0.1670679117011287 0
0.7507106099050853 -0.2158272329280088 0
-0.01710225950056032 0.07831433325587162 0
-0.02189691392642301 0.3151245796731365 0
0.979567808373482 -0.1066800198756922 0
0.8643042621579694 -0.0708079914557756 0
0.8448481039239455 -0.06597687477195437 0
0.8527931358435922 -0.05504949587592512 0
0.8389639739721551 -0.05157353739930969 0
0.8330826541114132 -0.03489083928829893 0
0.7696319295350567 -0.1493115112836632 0
0.08871261988222695 0.09014870757246327 0
0.09444113982140107 0.1017680114069671 0
0.1195224762440464 0.08945665118137582 0
0.1095668631809059 0.1006967121936615 0
0.0997260486204099 0.1173960230763939 0
0.120248974576191 0.1153825291707201 0
0.1311349439722324 0.1423841210724294 0
0.08125188724369947 0.129940821526766 0
0.8417343254698333 -0.01404968303423152 0
0.8076561145424648 -0.02972960272376427 0
0.7879497890119227 -0.04600543459440012 0
0.4449329951988079 -0.4200850632198058 0
0.931367613143161 -0.09223246040782457 0
0.6894446984648045 -0.1428862575950463 0
0.8741532658816916 -0.07282858354295199 0
0.8350087171364748 -0.06413437283841429 0
0.8169728758887475 -0.05654260163194101 0
0.8138289120075768 -0.04477614078337744 0
0.8012475819209137 -0.04213833952706456 0
0.7902658149253876 -0.02898754180144916 0
0.8004612054918824 -0.01389996750015348 0
0.7802301940686527 -0.01077413696902267 0
0.7783524858902156 -0.03810522768349009 0
0.7686599432806209 -0.02654204460302143 0
0.7587400052757561 -0.008101556498620707 0
0.7728072298666897 0.01019441565834119 0
0.7571068274782917 -0.03539094063588379 0
0.7490399606148866 0.01264197208198955 0
0.736874452078623 -0.004967949296856872 0
0.7653197898038204 0.03585090927348047 0
0.7478934415113078 -0.02396777698758426 0
0.7252635584633842 0.01465471168841551 0
0.7135936321849063 -0.006050620559019483 0
0.7034284717103039 0.01408595292230825 0
0.6964064055369034 -0.001074596163305915 0
0.8928694942534001 -0.0800551435532821 0
0.9010396734249284 -0.07144182868738297 0
0.9135944022960341 -0.07607714765797283 0
0.1293790952461048 0.09026688525475954 0
0.1332969893219375 0.1032962790787396 0
0.1497423437063926 0.09914874065953876 0
0.5834751654978357 0.008427770814101728 0
0.604462086126845 0.003448757280859594 0
0.6525861412907115 -0.01095159373607637 0
0.646635903167306 0.0009768937032273129 0
0.6339567097034697 -0.005848279188764211 0
0.6721737553127449 -0.01567561869569797 0
0.6704032782015553 -0.004245738645134049 0
0.7089278562665174 -0.02811701504251692 0
0.467944599631474 0.03591338141481095 0
0.4645888925367523 0.0479157218356582 0
0.6138182818240211 -0.0004005679945981064 0
0.263723741519194 -0.4504410528489566 0
0.06182630810525613 -0.5560979279712177 0
0.9753009579497292 -0.02376154398862459 0
0.6897749629582809 -0.02088672807054132 0
0.7279220614481219 -0.03306158599028398 0
0.7968642155313546 -0.05180005519775945 0
0.5465241080230971 0.01826816523925956 0
0.4874616883398476 0.0313052676032782 0
0.9118614589250572 -0.08639879508255206 0
0.2701302588906128 0.07854216984434532 0
0.3358610428322334 0.1907621679553204 0
0.4475068945222991 0.03907995216500739 0
0.5263356096651486 0.02148884052980093 0
0.5258143947055477 0.03537145873663262 0
0.3513717344843138 0.06217525337004746 0
0.3483132271080132 0.0745829575991102 0
0.3316902891355715 0.07417112848290085 0
0.3409745555886083 0.09143819318754345 0
0.3642920442734441 0.07138974749285684 0
0.3808139753488932 0.0868568510300613 0
0.632143289458299 0.006181950364101284 0
0.2007112560504033 0.0839760542534671 0
0.4091005820189746 0.04860002259220744 0
0.4077252972503091 0.06146778980233257 0
0.3929702333741066 0.06181536595260619 0
0.4006777261091279 0.07836615411329938 0
0.4182128380567404 0.0745672866800946 0
0.3106943474927754 0.06837877222496896 0
0.3081118485672155 0.08074569599498636 0
0.2935747875377833 0.08167733985250637 0
0.2906580544331512 0.06993356774513902 0
0.1093274170205573 0.08928815184170555 0
0.4285494749322755 0.04555787183151695 0
0.436537480659888 0.052762243361258 0
0.3895657675736836 0.05120449050803783 0
0.3801642506942802 0.06912809910814727 0
0.3701434749224723 0.05844927497604449 0
0.506793462467343 0.02705874226190591 0
0.194671782240893 -0.06656889140561534 0
0.1971323719288527 -0.0785759185645329 0
0.1823172728787345 -0.07472015723172996 0
0.1864648463169515 -0.0916755469612489 0
0.166996118601648 -0.0853121743536495 0
0.2049832723631483 -0.09572980872582332 0
0.19154782393347 -0.1143127702876889 0
0.2337736134908262 -0.1074119778270442 0
0.211406539280881 -0.07940116594205475 0
-0.4446437420850191 -0.2402827312552739 0
0.1495865661283606 0.08714342740056971 0
0.1649998229362105 0.1014337104546293 0
0.3302438045314868 0.063999555426087 0
0.2598354712781874 0.07581617516210339 0
0.257657225560105 0.08658391734792542 0
0.2434817448261427 0.08769234566359366 0
0.2411702159229561 0.07740186695911021 0
0.2316492137683426 0.09323360761071355 0
0.2737081624601381 -0.08271986631067714 0
0.276696271392288 -0.09455455904623727 0
0.2632913945158952 -0.09064419061926099 0
0.2668955605410146 -0.107388566603096 0
0.2919311371150874 -0.09505022772756773 0
0.2218644244677457 0.08276549869328967 0
0.1704181839508338 0.08679836161945662 0
0.3537795619010687 -0.09761920334080716 0
0.3438239075704143 -0.1093937970945266 0
0.3313507124753939 -0.1022453151760834 0
0.317698611079323 -0.104361379521028 0
0.3260577509341893 -0.1215101457327118 0
0.3605310810778673 -0.1102541477597468 0
0.1906500764163739 0.08542792631711095 0
0.1851329096646312 -0.06295625748130645 0
0.2643435117509642 -0.07941978811847406 0
0.4304085557372485 -0.1085866076372826 0
0.5124142304645423 -0.1161279579678664 0
0.5931232847470476 -0.1225663520405128 0
0.3718792816998269 -0.09966041525192551 0
0.3771443840120308 -0.1136783562415935 0
0.3912101103569962 -0.1111406031463472 0
0.2142236768856984 -0.06945615023274603 0
0.2232486477208205 -0.08964931315706556 0
0.2936609534255452 -0.08507696321469066 0
0.1752783188750727 -0.06221956397714942 0
1.499244118735969 -0.2626382295787124 0
0.2550779281054935 -0.08038850432642296 0
0.2489033687254215 -0.09470218846940059 0
0.4526619908264599 -0.1109413128904058 0
0.4471398090236373 -0.1210616581907376 0
0.5319887095368324 -0.1197086818496595 0
0.4725631383029799 -0.1150303135493373 0
0.6119382947190721 -0.1256833373001292 0
0.4923621310776954 -0.1135965720017795 0
0.4873731195750282 -0.1252848404974467 0
0.3333046222740571 -0.0924230296039095 0
0.1544911595399125 -0.05769143213075963 0
0.157716303806282 -0.07067291703822391 0
0.1428774021941084 -0.06509336126377384 0
0.1467714803913331 -0.08278970224495519 0
0.1268264252802961 -0.07544416730962591 0
0.1162465063323829 -0.04573145198201313 0
0.1336942540623285 -0.09868136693808165 0
0.1455561441797052 -0.05425429059404532 0
0.5520839786311117 -0.1204478452644909 0
0.572028737214383 -0.122302292925037 0
0.8515223062786442 -0.1425899999552703 0
0.8458813512785841 -0.1535032613520181 0
0.8610064760605429 -0.1539833263076356 0
0.8308084304106507 -0.1519046645920446 0
0.852526338766163 -0.1689177714605285 0
0.8741267102241319 -0.1719097976680375 0
0.8811561107511519 -0.2017617992344804 0
0.6717555057258124 -0.1311002362791058 0
0.751621785105211 -0.1366049500978873 0
0.7714867782047903 -0.1374396421029365 0
0.412902813471676 -0.1049035135814376 0
0.6319076892594452 -0.1271497528980919 0
0.6258308409991316 -0.1398102420725336 0
0.9410571323814148 0.2112393542181414 0
0.9724465419718833 0.3031241285459578 0
0.6519936983515205 -0.1291954764579032 0
0.3929739020489881 -0.09992246064644308 0
0.691520935416815 -0.1313387784763748 0
0.8315958631291955 -0.1400724178371007 0
0.711721832823311 -0.1335074259102882 0
0.7067221875818078 -0.1465704661623065 0
0.7316200423821997 -0.1368283999337176 0
0.8115346520436969 -0.140711536177417 0
0.23310228745665 -0.07709060310823697 0
0.3130399683986143 -0.09153093286890893 0
0.7914725458607438 -0.1397235023010652 0
0.7856814953649325 -0.1526057390939523 0
0.861601251852632 -0.1418419377593486 0
0.4216579668678653 0.09363262361857347 0
0.8712473495044433 -0.1437698534696701 0
0.7274338722043707 -0.02100173628723736 0
0.8914990627071873 -0.1447027621355554 0
0.8927955879312992 -0.1576829219371358 0
0.9091924667124865 -0.1549547526132035 0
0.924168014025734 -0.1677919786286441 0
0.8997470119470542 -0.1755772076826298 0
0.9465036735977571 -0.1845221471748436 0
0.982328310344582 -0.1987434314214488 0
0.9699366036535766 -0.1752072692721681 0
0.9318901139383177 -0.1504535394698081 0
-0.4222698622690518 -0.1089344204412017 0
-0.2960737821859769 -0.2935871554961861 0
0.8158959214876992 -0.1517498684316035 0
1.022951111377086 -0.1308660404470336 0
0.5560422545564059 -0.1314408741201263 0
1.768298623598051 0.6622678973372834 0
-0.1244871568702598 0.3090149781381021 0
-0.2272688950532302 0.3413588679198378 0
-0.3091930736229165 0.2543807850126867 0
-0.4179946077062158 0.196641790229903 0
-0.4302418395299574 0.3481613954236973 0
-0.0123854514173326 0.05684328695507451 0
0.3077916249727255 0.1625157295596052 0
1.747460201709635 -0.1050798231321997 0
0.484948706865056 0.04206025560443431 0
0.3042824496905666 -0.1017650905759484 0
0.2901720728260535 -0.1155041739377145 0
0.9604788926040292 -0.1481067342387863 0
0.9565554907665863 -0.1616896167642007 0
0.9858478486708713 -0.1625889806769414 0
-0.5190512823963918 -0.532604829819165 0
1.002594831156495 0.003067745389543644 0
1.051838211916811 0.02056756502067775 0
0.9995112976835171 -0.2740068924523394 0
1.074277044512912 -0.02233077090330962 0
1.12822140662773 -0.0339890194566007 0
1.126862239786806 -0.0955537664619269 0
0.6430290080534612 -0.1389361867485506 0
0.600251070201507 0.01516337506110386 0
0.9416305006129094 -0.1613664132152315 0
1.777816240487771 -0.7761572782384998 0
0.5760165578296859 -0.1333617072959778 0
0.1039054452299445 0.3338132516773256 0
0.2167506787991667 0.09474404288834404 0
-0.08433099611310935 -0.3896883592927896 0
0.5943199515091775 0.07138963276141695 0
-0.7866416821403832 0.7851001350815431 0
0.1865510939180247 0.09659649183668674 0
1.087392771561946 -0.09909182186671306 0
0.5593303507869697 -0.1918047108598153 0
1.012965537473406 -0.1460067750577289 0
1.011843700400719 -0.1231930719421163 0
0.7462820884464203 -0.1475653536978667 0
0.8821093946264112 -0.06608278902350774 0
0.8034876829927523 0.1655373583589767 0
-0.4021606250054646 0.08560684420271425 0
-0.4960003798074487 -0.003107338610804483 0
0.7092676883085094 0.1484414951254793 0
0.708278507740057 0.208698411161943 0
0.5036303111990715 -0.1233336142985036 0
-0.3173556482340889 -0.08556745578155103 0
0.640502011865447 0.1972735475537679 0
1.131018295852287 0.664721166170929 0
0.04116475359244465 0.09485891083911005 0
-0.5778477548571512 0.2546630446326562 0
0.1830703520964625 0.7066898931322463 0
0.3657061895396685 -0.130331376710095 0
0.1261919254074518 -0.04993092070306876 0
0.1181754086752815 -0.05974179840196981 0
0.1052478430451317 -0.05203699829046277 0
0.08698128204443373 -0.05449398999977715 0
0.1055890194209855 -0.06847487295494717 0
0.0860183162695205 -0.07712766420216097 0
0.0640546840577873 -0.0628007839641453 0
0.05551382828610685 -0.08609664106038145 0
0.08315929103769654 -0.03957334379204618 0
0.06921727406713601 -0.04345787939700537 0
0.04921298926500661 -0.04826130694915085 0
0.9786153293866529 -0.09459543268866781 0
0.2872342260404613 0.09636822463503096 0
-0.7739640765114018 -0.7092450061440683 0
1.61500397759733 -0.1569542927375439 0
0.6643184289660253 -0.1947270189893415 0
0.5650440079744316 0.01023052805627851 0
0.66588492199736 -0.1416863226086167 0
-0.2326331073442103 -0.4192494472935857 0
0.8189558849210462 -0.7242250617663197 0
0.9111944336786402 -0.1448117103624636 0
0.543207459363872 0.02804832835027864 0
0.3232773312975593 0.3688687511265921 0
0.443543324915611 0.6012989075626204 0
0.5079913811015522 0.466657519910928 0
0.6258079025647429 0.4385922871765732 0
0.6405208250325359 0.329453925110115 0
0.8247054454279628 -0.0469002510271993 0
0.8635988598842822 -0.04737191763464418 0
0.4235162231897757 0.05921302672181387 0
0.1071212340943442 -0.04183675587388704 0
0.2506879318729771 0.2014078909352981 0
0.06251348338307894 0.09885341871442782 0
0.2366075829978034 -0.08947369246002965 0
0.8188611790553939 -0.2139293644880997 0
0.6268052582522687 0.01731803229189618 0
0.4062845431208914 -0.114561712092832 0
0.5369588146806252 -0.1288569507724904 0
0.6726926494808286 0.2682662509101549 0
0.5951137751200611 -0.1356177998659926 0
0.9593095002161551 -0.1014821481108986 0
0.1100962800472375 -0.09258085410032976 0
0.9864473225354768 -0.1493334126873169 0
-0.0254396283219841 0.01691407025737143 0
-0.01739198348133264 -0.001814146428479534 0
0.0001712604949462015 0.006481590896272015 0
0.002663424642654566 -0.008799485091614939 0
0.7471067113146151 -0.03702479229125143 0
0.4765550928593031 -0.7644929839728468 0
-0.3277081438997497 0.4148394605528799 0
-0.213422056300957 0.4641968036907249 0
0.6846278831319436 -0.009789879451309184 0
0.6838460320782835 0.01119262037956219 0
0.7135628221412076 0.03416096694911586 0
0.02900556627052703 -0.01221597548119402 0
0.02831941281565575 -0.02686861468229232 0
0.04430281099081135 -0.03144872596321521 0
0.02960813912314064 -0.04514973884994923 0
0.008448153928929947 -0.03255230017345328 0
0.1773260698639543 -0.2742038526827437 0
-0.2415082482560501 0.1855635763522903 0
1.015645517774899 -0.1970351925998206 0
0.7770869461502645 -0.04706663940697411 0
0.884070828143654 0.2917764607257114 0
0.8777923148349648 -0.1533379341590434 0
1.366586782780741 0.2975209408580115 0
0.4447801099963709 -0.3478233244116679 0
0.6140811981821587 0.07795549364395277 0
1.00340643676241 -0.09347709446243913 0
0.2705098280995103 -0.1282331209488394 0
0.2522678374084218 -0.1218658656710626 0
0.259556447605052 -0.1492616629710819 0
0.6562147229749643 0.0159586942407692 0
-0.01303142919448685 -0.02319903394167343 0
0.4081552092063639 -0.2092920462637423 0
0.076562721353237 -0.03217913553679588 0
1.801634480029715 0.4727098525310907 0
0.2892294822113519 -0.2776976961742513 0
0.5027896385237071 -0.2033827155280994 0
0.9513685142758725 -0.02463571888597911 0
1.171525355492641 0.01190027834098321 0
1.000357403131562 -0.1573657898436698 0
0.9953814013951325 -0.176224095156912 0
0.7124344875365958 -0.3847896506453805 0
0.4591174002083792 -0.1224912516319913 0
0.05727894019361857 -0.03612638330085519 0
0.05698565612753553 -0.02565987698314232 0
0.04909100734972882 -0.01995302984915442 0
0.7817969588592691 0.05062739973965127 0
0.2812598513677502 0.08547517718641745 0
0.1842266567717807 -0.1443179815975124 0
1.222718820839011 0.8438072827781505 0
0.7768298163507141 0.2222592791201582 0
0.4897720631179849 0.1342846726903237 0
0.5683817869448706 0.2858775834892898 0
0.8216139895991901 -0.02096960600507293 0
0.1559611492509891 -0.09846728668118904 0
0.1209910657455002 -0.1269714955469745 0
0.710510530487375 -0.01927218702737471 0
0.9415354424574456 -0.1460471135459427 0
1.000137726115578 -0.0299049430817685 0
-0.7281250344733656 0.1286869765303557 0
1.167658555004893 -0.1947409597512194 0
0.515947917325142 0.748273680020257 0
0.8305704311314345 -0.1825614265762691 0
1.00115254838601 -0.2275533321295531 0
0.1411291194868231 0.1194362535709821 0
0.1531097149860922 0.1364288908781322 0
0.03764953499008128 -0.06586317635319168 0
0.05004100296268166 -0.1176760639402875 0
0.72096720190109 -0.1437022376151177 0
1.223929667423417 -0.5874414014772882 0
1.172389535317399 -0.1304757069826026 0
0.1719285883299959 -0.1020760243780752 0
0.01113511055787986 -0.05943133731444947 0
-0.01837225577207513 -0.08410456282928949 0
-0.2461091943188451 0.6249178128222247 0
0.4849101660123125 -0.1424756315504634 0
0.08159937118106209 0.1004877176734243 0
0.08551871974320163 0.1126049285818014 0
0.277707750203749 0.1775430175856511 0
0.0403452125827668 0.3541565333003744 0
0.7356810645915596 0.3023640164553413 0
0.8617699920350965 -0.05984614587109436 0
0.1224028797138371 0.0998198113758513 0
0.0177982807826127 -0.01773258915863086 0
-0.08793253252879663 0.04799415994605805 0
-0.1305009702240982 -0.0002848076978591259 0
0.1843931862538507 0.1879101200905481 0
0.6595489092675892 -0.0001891880715886064 0
0.8905501033994406 -0.07053176856864897 0
0.6219762015053985 0.00718007797698676 0
0.7871226047245838 -0.2405361995069525 0
0.8359177649824461 -0.1647910071363978 0
0.698158535171066 -0.01458472160755386 0
0.4747085133391911 0.04290908445987646 0
0.08139316244942996 -0.1506561074778625 0
0.4500397101541147 0.04980769257100699 0
0.4438367403215877 0.06521912452101533 0
0.3113787795831278 -0.6246995858654945 0
0.1891866050788025 -0.6996781632397979 0
0.5338974535427531 0.02898693956314982 0
0.3179483578564017 0.07575626748519768 0
0.7968629675718739 -0.1484528394949226 0
0.2078989141263985 0.2170941359541192 0
0.1695865298933674 -0.07266635038631808 0
1.01343629498863 -0.1016583329893302 0
1.165056757859789 -0.4767319501199649 0
0.130238579955736 -0.0618871432282201 0
0.125121048465619 0.1727711528119055 0
0.8141461732176343 0.3707633583036034 0
0.5102692477796609 0.05853846074307646 0
0.8528504043058154 -0.2330492486382564 0
0.5783974891524392 0.01762967798073783 0
0.08992361170459739 0.1721295532994851 0
0.07204253357189083 0.09737625879367195 0
0.7969508526408084 0.005374193262732203 0
0.4195716496846432 -0.1145224656335252 0
0.4254945705820528 0.1177401811236524 0
0.2645501767919092 0.110741233042158 0
1.076185890320243 0.07080121927455346 0
-0.6261713610618385 0.007350955437070403 0
1.091624044875362 -0.1295370807214135 0
-0.5507676593292303 0.5893255479790694 0
-0.04107974055564967 -0.02667778020743047 0
-0.09931886204738138 0.0209921189553502 0
0.9260320480747131 -0.07230462331390725 0
0.2140859521501667 -0.1093021157562806 0
1.238415871158508 0.01925214730346233 0
1.036677211202037 -0.1274320559114085 0
1.835743574377938 0.8478299145055428 0
0.8198873979330588 -0.03411161855892157 0
0.5143043205669506 -0.1257157109302592 0
0.502837886204282 0.03638899231216899 0
0.4939061072554805 0.0373134885040604 0
0.2059362360609074 0.09195048815976059 0
0.1974008342601561 0.09242305842503379 0
0.6073416170500144 -0.1329058784744383 0
0.7565763805489443 -0.1464214745832598 0
0.6762815448494365 -0.1398992943770148 0
1.111106926803889 -0.7090920293923613 0
0.5461529222515713 -0.1281615975313664 0
-0.04287209887543408 0.1669542891285673 0
0.56628368472604 -0.1303138150687813 0
0.0110242674602159 0.001807983236333755 0
-0.02225447384431489 0.4969376832571977 0
0.1508451642495015 -0.1558978580952955 0
0.2093671072427202 -0.1619582344441004 0
0.6555687222660187 -0.1385704336542746 0
0.9234899569269932 -0.2378303956405265 0
0.02651936303096769 0.095302297460019 0
0.1763275771891303 0.09524909241928507 0
-0.08162060805203575 -0.1112982265981458 0
0.616189041925654 -0.1345096798193288 0
0.5354637406256213 -0.2214955096499954 0
0.3785482445470326 0.1106400174262549 0
0.949955878645137 -0.1002239282906761 0
0.972297878682048 0.05081997946659895 0
0.4567695359275776 0.0862096312345472 0
0.3504875286721762 -0.1482831845955431 0
-0.1556864882878143 0.3730667544858067 0
0.693150022667209 0.4940077423520282 0
0.2360756538025051 -0.1407632801778532 0
0.7208943979042672 -0.2504619495344977 0
0.01281435791471303 0.1071772738945685 0
0.8150584955407749 0.02263474825186979 0
0.6483787056590828 -0.2576071535592413 0
0.7336035717344153 -0.6140514942723432 0
0.3059901165390335 -0.1394494855241368 0
0.6705331069683373 0.03015352719495065 0
0.3531306321675693 0.1135779478947632 0
0.007717297018450975 -0.1313238637610733 0
0.4930207455216902 0.1673625408464847 0
-0.3956144032885573 -0.3985774071972262 0
-0.4075220408468547 0.7192961353519377 0
1.011175097451921 -0.111719787619246 0
-0.1117029989436609 -0.05591003602165656 0
0.003070432673733747 -0.4448102132079372 0
-0.1018903858322817 0.7281360915748334 0
0.8056047449753496 -0.1483403128619383 0
0.4750367054547792 -0.2258435696898579 0
-0.06270340769085769 -0.2838296085091601 0
$EndNodes
$Elements
142 4403 1 4403
0 2 15 1
1 1 
0 3 15 1
2 2 
0 4 15 1
3 3 
0 5 15 1
4 4 
0 6 15 1
5 5 
0 7 15 1
6 6 
0 8 15 1
7 7 
0 9 15 1
8 8 
0 10 15 1
9 9 
0 11 15 1
10 10 
0 12 15 1
11 11 
0 13 15 1
12 12 
0 14 15 1
13 13 
0 15 15 1
14 14 
0 16 15 1
15 15 
0 17 15 1
16 16 
0 18 15 1
17 17 
0 19 15 1
18 18 
0 20 15 1
19 19 
0 21 15 1
20 20 
0 22 15 1
21 21 
0 23 15 1
22 22 
0 24 15 1
23 23 
0 25 15 1
24 24 
0 26 15 1
25 25 
0 27 15 1
26 26 
0 28 15 1
27 27 
0 29 15 1
28 28 
0 30 15 1
29 29 
0 31 15 1
30 30 
0 32 15 1
31 31 
0 33 15 1
32 32 
0 34 15 1
33 33 
0 35 15 1
34 34 
0 36 15 1
35 35 
0 37 15 1
36 36 
0 38 15 1
37 37 
0 39 15 1
38 38 
0 40 15 1
39 39 
0 41 15 1
40 40 
0 42 15 1
41 41 
0 43 15 1
42 42 
0 44 15 1
43 43 
0 45 15 1
44 44 
0 46 15 1
45 45 
0 47 15 1
46 46 
0 48 15 1
47 47 
0 49 15 1
48 48 
0 50 15 1
49 49 
0 51 15 1
50 50 
0 52 15 1
51 51 
0 53 15 1
52 52 
0 54 15 1
53 53 
0 55 15 1
54 54 
0 56 15 1
55 55 
0 57 15 1
56 56 
0 58 15 1
57 57 
0 59 15 1
58 58 
0 60 15 1
59 59 
0 61 15 1
60 60 
0 62 15 1
61 61 
0 63 15 1
62 62 
0 64 15 1
63 63 
0 65 15 1
64 64 
0 66 15 1
65 65 
0 67 15 1
66 66 
0 68 15 1
67 67 
0 69 15 1
68 68 
0 70 15 1
69 69 
0 71 15 1
70 70 
0 72 15 1
71 71 
0 73 15 1
72 72 
0 74 15 1
73 73 
0 75 15 1
74 74 
0 76 15 1
75 75 
0 77 15 1
76 76 
0 78 15 1
77 77 
0 79 15 1
78 78 
0 80 15 1
79 79 
0 81 15 1
80 80 
0 82 15 1
81 81 
0 83 15 1
82 82 
0 84 15 1
83 83 
0 85 15 1
84 84 
0 86 15 1
85 85 
0 87 15 1
86 86 
0 88 15 1
87 87 
0 89 15 1
88 88 
0 90 15 1
89 89 
0 91 15 1
90 90 
0 92 15 1
91 91 
0 93 15 1
92 92 
0 94 15 1
93 93 
0 95 15 1
94 94 
0 96 15 1
95 95 
0 97 15 1
96 96 
0 98 15 1
97 97 
0 99 15 1
98 98 
0 100 15 1
99 99 
0 101 15 1
100 100 
0 102 15 1
101 101 
0 103 15 1
102 102 
0 104 15 1
103 103 
0 105 15 1
104 104 
0 106 15 1
105 105 
0 107 15 1
106 106 
0 108 15 1
107 107 
0 109 15 1
108 108 
0 110 15 1
109 109 
0 111 15 1
110 110 
0 112 15 1
111 111 
0 113 15 1
112 112 
0 114 15 1
113 113 
0 115 15 1
114 114 
0 116 15 1
115 115 
0 117 15 1
116 116 
0 118 15 1
117 117 
0 119 15 1
118 118 
0 120 15 1
119 119 
0 121 15 1
120 120 
0 122 15 1
121 121 
0 123 15 1
122 122 
0 124 15 1
123 123 
0 125 15 1
124 124 
0 126 15 1
125 125 
0 127 15 1
126 126 
0 128 15 1
127 127 
0 130 15 1
128 128 
0 131 15 1
129 129 
0 132 15 1
130 130 
0 133 15 1
131 131 
0 134 15 1
132 132 
0 135 15 1
133 133 
0 136 15 1
134 134 
1 1 1 204
135 129 135 
136 135 136 
137 136 137 
138 137 138 
139 138 139 
140 139 140 
141 140 141 
142 141 142 
143 142 143 
144 143 144 
145 144 145 
146 145 146 
147 146 147 
148 147 148 
149 148 149 
150 149 150 
151 150 151 
152 151 152 
153 152 153 
154 153 154 
155 154 155 
156 155 156 
157 156 157 
158 157 158 
159 158 159 
160 159 160 
161 160 161 
162 161 162 
163 162 163 
164 163 164 
165 164 165 
166 165 166 
167 166 167 
168 167 168 
169 168 169 
170 169 170 
171 170 171 
172 171 172 
173 172 173 
174 173 174 
175 174 175 
176 175 176 
177 176 177 
178 177 178 
179 178 179 
180 179 180 
181 180 181 
182 181 182 
183 182 183 
184 183 184 
185 184 185 
186 185 186 
187 186 187 
188 187 188 
189 188 189 
190 189 190 
191 190 191 
192 191 192 
193 192 193 
194 193 194 
195 194 195 
196 195 196 
197 196 197 
198 197 198 
199 198 199 
200 199 200 
201 200 201 
202 201 202 
203 202 203 
204 203 204 
205 204 205 
206 205 206 
207 206 207 
208 207 208 
209 208 209 
210 209 210 
211 210 211 
212 211 212 
213 212 213 
214 213 214 
215 214 215 
216 215 216 
217 216 217 
218 217 218 
219 218 219 
220 219 220 
221 220 221 
222 221 222 
223 222 223 
224 223 224 
225 224 225 
226 225 226 
227 226 227 
228 227 228 
229 228 229 
230 229 230 
231 230 231 
232 231 232 
233 232 233 
234 233 234 
235 234 235 
236 235 236 
237 236 237 
238 237 238 
239 238 239 
240 239 240 
241 240 241 
242 241 242 
243 242 243 
244 243 244 
245 244 245 
246 245 246 
247 246 247 
248 247 248 
249 248 249 
250 249 250 
251 250 251 
252 251 252 
253 252 253 
254 253 254 
255 254 255 
256 255 256 
257 256 257 
258 257 258 
259 258 259 
260 259 260 
261 260 261 
262 261 262 
263 262 263 
264 263 264 
265 264 265 
266 265 266 
267 266 267 
268 267 268 
269 268 269 
270 269 270 
271 270 271 
272 271 272 
273 272 273 
274 273 274 
275 274 275 
276 275 276 
277 276 277 
278 277 278 
279 278 279 
280 279 280 
281 280 281 
282 281 282 
283 282 283 
284 283 284 
285 284 285 
286 285 286 
287 286 287 
288 287 288 
289 288 289 
290 289 290 
291 290 291 
292 291 292 
293 292 293 
294 293 294 
295 294 295 
296 295 296 
297 296 297 
298 297 298 
299 298 299 
300 299 300 
301 300 301 
302 301 302 
303 302 303 
304 303 304 
305 304 305 
306 305 306 
307 306 307 
308 307 308 
309 308 309 
310 309 310 
311 310 311 
312 311 312 
313 312 313 
314 313 314 
315 314 315 
316 315 316 
317 316 317 
318 317 318 
319 318 319 
320 319 320 
321 320 321 
322 321 322 
323 322 323 
324 323 324 
325 324 325 
326 325 326 
327 326 327 
328 327 328 
329 328 329 
330 329 330 
331 330 331 
332 331 332 
333 332 333 
334 333 334 
335 334 335 
336 335 336 
337 336 337 
338 337 130 
1 2 1 3
339 130 338 
340 338 339 
341 339 129 
1 3 1 10
342 131 340 
343 340 341 
344 341 342 
345 342 343 
346 343 344 
347 344 345 
348 345 346 
349 346 347 
350 347 348 
351 348 132 
1 4 1 7
352 132 349 
353 349 350 
354 350 351 
355 351 352 
356 352 353 
357 353 354 
358 354 133 
1 5 1 10
359 133 355 
360 355 356 
361 356 357 
362 357 358 
363 358 359 
364 359 360 
365 360 361 
366 361 362 
367 362 363 
368 363 134 
1 6 1 7
369 134 364 
370 364 365 
371 365 366 
372 366 367 
373 367 368 
374 368 369 
375 369 131 
2 1 2 2165
376 2417 2469 2413 
377 2272 2773 2642 
378 2585 2639 2610 
379 2612 2613 2301 
380 2451 2773 2617 
381 2285 2288 2287 
382 2460 2541 2421 
383 2476 2729 2369 
384 2906 3071 2322 
385 2370 2592 2365 
386 2765 2793 2766 
387 2443 2455 2449 
388 2501 2589 2267 
389 2240 2791 2787 
390 2348 2543 2542 
391 2466 2509 2497 
392 2621 3124 2580 
393 2761 3079 2760 
394 2458 2711 2701 
395 2287 3133 2289 
396 2751 2906 2324 
397 2647 3145 2965 
398 2857 3043 2832 
399 2267 2588 2501 
400 2361 2577 2339 
401 2647 3090 2646 
402 2276 2277 2260 
403 2488 2492 2490 
404 2908 3037 2881 
405 1989 2747 1980 
406 2309 2310 2288 
407 2617 2732 2451 
408 2509 2712 2512 
409 2448 3037 2907 
410 2295 2502 2298 
411 2740 2744 2743 
412 2321 2369 2317 
413 2881 2911 2908 
414 2401 3184 2400 
415 2460 2644 2541 
416 2628 3171 3111 
417 2330 2398 2326 
418 2332 2480 2330 
419 2488 2490 2489 
420 2302 2956 2306 
421 2638 2984 2520 
422 2576 2621 2580 
423 2500 3174 2277 
424 2317 2487 2311 
425 2623 2624 2622 
426 2369 2729 2488 
427 2369 2488 2487 
428 2542 3131 2544 
429 2604 2607 2605 
430 2466 2497 2375 
431 2569 2571 2268 
432 2912 2945 2910 
433 2257 2530 2528 
434 2543 3131 2542 
435 2362 3117 2359 
436 2348 2542 2344 
437 2910 2911 2484 
438 2492 2718 2717 
439 2280 2308 2285 
440 347 2585 2264 
441 2326 3061 2321 
442 2288 3133 2287 
443 2378 2466 2375 
444 2421 3047 2418 
445 3025 3182 2482 
446 2502 3085 2298 
447 2338 2577 2575 
448 2684 3016 2377 
449 2277 2279 2278 
450 2508 3009 2850 
451 2622 3124 2621 
452 2684 2927 2599 
453 2364 3122 2362 
454 1107 3015 2223 
455 2683 3145 2647 
456 2496 2508 2471 
457 2605 2728 2592 
458 2249 2845 2632 
459 2587 2639 2585 
460 2494 2503 2481 
461 2725 2726 2593 
462 2624 2627 2622 
463 2362 3122 2395 
464 2370 2604 2592 
465 2492 3001 2490 
466 2739 2740 2731 
467 2550 2555 2549 
468 2339 2577 2338 
469 2363 2364 2362 
470 2678 2995 2692 
471 2545 2546 2543 
472 2585 2610 2264 
473 2522 3119 2532 
474 2640 2773 2451 
475 2487 2635 2311 
476 2403 3109 2402 
477 2744 2751 2747 
478 2607 2675 2605 
479 2561 2563 2558 
480 2836 2841 2248 
481 2830 2932 2833 
482 2267 3064 2588 
483 2240 2809 2791 
484 2713 3094 2596 
485 2276 2500 2277 
486 2740 2743 2731 
487 2565 2825 2782 
488 2285 2287 2286 
489 2505 2564 2494 
490 2604 2605 2592 
491 2277 3123 2279 
492 2657 2955 2619 
493 2520 2984 2603 
494 2888 2943 2887 
495 2882 2911 2881 
496 2596 2922 2713 
497 2546 3168 2543 
498 2685 2695 2573 
499 2393 2917 2388 
500 2818 3043 2857 
501 2530 3134 2528 
502 2263 2570 2569 
503 2490 2513 2491 
504 2321 3178 2369 
505 368 2986 2568 
506 2864 2965 2863 
507 2623 3066 2544 
508 2947 3012 2654 
509 846 2981 837 
510 2281 3123 2277 
511 2638 3013 2291 
512 2682 2929 351 
513 2417 3172 2469 
514 2896 3083 2895 
515 2474 2881 2880 
516 2543 3168 2547 
517 2490 2527 2513 
518 2309 3170 2310 
519 2332 3182 2480 
520 2400 3184 2399 
521 2555 2584 2549 
522 2661 2943 2659 
523 2431 2619 2426 
524 2798 2808 2797 
525 2650 2651 2649 
526 2400 2643 2402 
527 2494 3008 2503 
528 2402 3109 2401 
529 2637 2673 2233 
530 340 2986 131 
531 2776 3024 2236 
532 2470 3044 2413 
533 2324 3020 2751 
534 2838 2840 2837 
535 2345 3110 2784 
536 2388 2917 2391 
537 2485 2690 2299 
538 2792 2808 2798 
539 2734 2893 2252 
540 341 2569 2268 
541 2429 2615 2430 
542 2680 2681 2256 
543 2511 3099 2466 
544 2512 3177 2604 
545 2560 2561 2558 
546 2469 3181 2413 
547 2484 2912 2910 
548 2683 2860 2250 
549 2463 2708 2707 
550 2715 2735 2527 
551 2452 2660 2658 
552 2361 2621 2577 
553 2646 3090 2645 
554 2620 2650 2649 
555 2696 3052 2315 
556 2349 2545 2348 
557 2413 3044 2409 
558 2475 3178 2321 
559 2538 3009 2508 
560 2513 2757 2514 
561 2311 3170 2309 
562 2303 2934 2914 
563 2280 2285 2284 
564 2621 2623 2622 
565 2295 2298 2297 
566 2600 2684 2599 
567 2913 2914 2912 
568 2620 2649 2646 
569 2933 2934 2303 
570 2481 3182 2332 
571 2402 2643 2446 
572 2751 3020 2747 
573 2964 2967 2336 
574 2610 2639 2300 
575 2612 3075 2305 
576 2665 2864 2861 
577 131 2986 369 
578 2841 2848 2248 
579 2277 2278 2260 
580 2575 2951 2338 
581 2480 3025 2754 
582 2378 2511 2466 
583 2527 2959 2513 
584 2465 2688 2618 
585 2549 3183 2548 
586 360 2971 2265 
587 2493 2494 2481 
588 2787 2791 2788 
589 2463 2707 2706 
590 2831 2857 2832 
591 358 2276 2260 
592 2368 2370 2365 
593 2817 3086 2456 
594 2294 2681 2293 
595 2308 2309 2288 
596 2580 2786 2579 
597 2700 2897 2703 
598 2235 2747 1989 
599 2763 2772 2564 
600 2592 3127 2365 
601 2649 2683 2647 
602 2504 2505 2494 
603 2832 2932 2830 
604 2561 2828 2563 
605 2273 2971 360 
606 2316 2317 2311 
607 2349 2783 2545 
608 2963 2964 2336 
609 2264 3153 346 
610 2708 2709 2707 
611 2589 2680 2256 
612 2467 2912 2484 
613 2330 3026 2398 
614 2233 2674 2637 
615 2490 2491 2489 
616 2280 2890 2308 
617 2257 2528 367 
618 2776 3107 3024 
619 2753 2906 2749 
620 2757 2758 2514 
621 2837 2840 2498 
622 2626 3002 2795 
623 2395 3101 2362 
624 2496 2538 2508 
625 2359 3117 2357 
626 2518 2638 2520 
627 2509 2512 2497 
628 2380 3100 2511 
629 2303 3015 1107 
630 2369 2487 2317 
631 2488 2489 2487 
632 2669 3012 2656 
633 2320 2321 2317 
634 2660 2661 2659 
635 2976 2977 2975 
636 2356 2783 2349 
637 2771 3110 2345 
638 2259 2987 2855 
639 2492 2719 2718 
640 2498 2840 2469 
641 2355 2356 2349 
642 347 2264 346 
643 2596 3094 2478 
644 2604 3177 2607 
645 2641 3032 2446 
646 2495 2496 2471 
647 2659 2669 2656 
648 2562 2597 2561 
649 2685 2779 2333 
650 2753 3071 2906 
651 2537 3088 2631 
652 2325 2326 2321 
653 2279 2280 2278 
654 2537 3189 3165 
655 345 2266 344 
656 369 2986 368 
657 2261 3191 361 
658 343 3113 2263 
659 2679 2926 2591 
660 2791 2809 2808 
661 2510 2599 2509 
662 423 2915 675 
663 2624 3171 2628 
664 2926 3022 2591 
665 2328 2330 2326 
666 2672 2822 2598 
667 2331 2332 2330 
668 2544 3171 2623 
669 2421 3193 2460 
670 2642 2774 2272 
671 2726 2727 2593 
672 2263 2569 342 
673 2636 2810 2238 
674 360 2265 359 
675 2752 2753 2749 
676 2656 3012 2655 
677 362 2261 361 
678 2672 3079 2761 
679 2563 2828 2826 
680 362 3187 2261 
681 2365 3127 2364 
682 343 2263 342 
683 2548 3183 2546 
684 2673 2733 2233 
685 2593 3127 2728 
686 2342 2361 2339 
687 2313 3139 2758 
688 2270 2687 2618 
689 2259 2855 2639 
690 3002 3111 2625 
691 2914 2935 2303 
692 2560 2562 2561 
693 3065 3095 2964 
694 2540 3130 2845 
695 2304 3072 2945 
696 2482 3102 2768 
697 2555 2801 2584 
698 2263 2774 2570 
699 2380 2511 2378 
700 2671 2672 2598 
701 3082 3109 2461 
702 2646 2649 2647 
703 353 2256 352 
704 2410 2413 2409 
705 351 2259 350 
706 2466 2510 2509 
707 2307 2681 2294 
708 358 2260 357 
709 2907 3037 2908 
710 2347 2348 2344 
711 2298 3075 2299 
712 2299 3075 2301 
713 2398 2750 2326 
714 356 3064 2267 
715 368 2257 367 
716 366 2258 365 
717 2673 3139 2313 
718 2619 2664 2657 
719 2659 2943 2888 
720 352 2682 351 
721 2232 2533 2290 
722 2675 2969 2689 
723 2742 2744 2740 
724 2537 3165 3088 
725 2232 2290 2196 
726 2338 3040 2334 
727 2399 3165 2390 
728 2430 2615 2444 
729 2337 2338 2334 
730 2689 3005 2675 
731 2782 3062 2565 
732 2257 2531 2530 
733 2334 2493 2332 
734 2574 2685 2573 
735 2970 3074 2529 
736 2941 2942 2502 
737 2348 2545 2543 
738 2548 2550 2549 
739 2806 3111 3002 
740 2513 2514 2491 
741 2285 2286 2284 
742 2792 2798 2547 
743 2628 2771 2627 
744 2503 2793 2765 
745 2496 2541 2539 
746 2424 3057 2861 
747 2788 2791 2553 
748 2624 2628 2627 
749 2980 3082 2461 
750 3022 3023 2591 
751 2506 2573 2505 
752 2635 2696 2315 
753 2720 2885 2253 
754 2613 2614 2301 
755 2443 2465 2455 
756 2252 3152 2734 
757 368 2568 2257 
758 2799 3002 2625 
759 2550 2556 2555 
760 2645 2665 2633 
761 2743 2744 2235 
762 2545 2548 2546 
763 2837 2841 2836 
764 2942 3085 2502 
765 2623 3171 2624 
766 2282 3065 2578 
767 2409 3160 2408 
768 2459 2687 2614 
769 2658 2659 2656 
770 2271 3113 343 
771 2728 3127 2592 
772 2279 2890 2280 
773 2909 2911 2910 
774 346 3153 2269 
775 2414 2417 2413 
776 2577 2621 2576 
777 2333 2695 2685 
778 2269 2992 345 
779 2795 3002 2796 
780 2505 2944 2564 
781 2480 3182 3025 
782 346 2269 345 
783 361 3191 2273 
784 345 2992 2266 
785 2313 2733 2673 
786 2556 2985 2555 
787 2363 2365 2364 
788 2632 2859 2249 
789 2578 3065 2960 
790 2932 3181 2486 
791 2674 3013 2638 
792 344 2271 343 
793 2430 2431 2426 
794 2692 2997 2678 
795 2369 3178 2476 
796 2880 3106 3077 
797 2544 3066 2542 
798 2968 3064 2260 
799 3111 3171 2625 
800 2259 2587 350 
801 2563 2825 2565 
802 348 2585 347 
803 361 2273 360 
804 2266 3021 344 
805 2306 2957 2205 
806 2375 3155 2371 
807 2693 2997 2692 
808 2250 3145 2683 
809 2359 2363 2362 
810 2570 2571 2569 
811 2978 3014 2977 
812 2923 3022 2924 
813 2480 3026 2330 
814 2710 2918 2709 
815 2643 3194 2950 
816 366 3074 2258 
817 359 2276 358 
818 2285 2308 2288 
819 2258 2594 365 
820 2431 2664 2619 
821 2555 2802 2801 
822 2277 3174 2281 
823 2460 2646 2645 
824 2532 3142 2535 
825 2528 3074 366 
826 344 3021 2271 
827 945 2927 2684 
828 363 2590 362 
829 2705 2885 2720 
830 2420 2421 2418 
831 2408 3160 2407 
832 2390 2400 2399 
833 2598 2953 2597 
834 2484 2911 2882 
835 2516 2637 2518 
836 2478 2948 2360 
837 2636 2786 2580 
838 837 2981 2462 
839 367 2528 366 
840 2576 2579 2574 
841 2471 3172 2417 
842 2298 2299 2297 
843 2699 2896 2667 
844 2478 3094 2948 
845 3014 3070 2872 
846 2407 3159 2404 
847 2467 2913 2912 
848 2749 2751 2745 
849 2964 3095 3011 
850 2404 3159 2403 
851 2717 3001 2492 
852 2590 3187 362 
853 2935 3015 2303 
854 2293 2681 2680 
855 2773 3112 2617 
856 2214 2306 2205 
857 2413 3181 2470 
858 2300 2690 2610 
859 2529 2961 2925 
860 2748 2749 2745 
861 2439 3176 2436 
862 2616 3112 3021 
863 2484 2882 2453 
864 2745 2751 2744 
865 2265 3076 359 
866 2435 3179 2432 
867 2474 2882 2881 
868 2332 2493 2481 
869 2355 2357 2356 
870 2647 2965 2864 
871 2571 2936 2268 
872 2501 2680 2589 
873 2527 3096 2715 
874 2953 3149 2597 
875 2309 2316 2311 
876 2602 3017 3016 
877 2400 2402 2401 
878 2730 3068 2741 
879 2981 2982 2976 
880 2644 2645 2633 
881 2299 2690 2300 
882 2845 3130 2632 
883 2861 3057 2665 
884 2627 2629 2622 
885 2754 2755 2753 
886 2617 3112 2616 
887 2438 2893 2734 
888 359 3076 2276 
889 2726 3097 2760 
890 2597 2949 2561 
891 2744 2747 2235 
892 2384 3100 2380 
893 2950 3194 2391 
894 2964 3011 2967 
895 2664 3179 2452 
896 2619 3167 2426 
897 2774 3113 2272 
898 2594 3136 2590 
899 2342 3066 2361 
900 2572 2688 2465 
901 2436 3176 2435 
902 2841 2849 2848 
903 2514 3139 2516 
904 2374 2375 2371 
905 2302 3054 2956 
906 2393 2966 2916 
907 2432 3179 2431 
908 356 2267 355 
909 341 2268 340 
910 2387 3189 2384 
911 3036 3123 2282 
912 351 2929 2259 
913 2618 2688 2270 
914 2493 2504 2494 
915 2683 3010 2860 
916 2425 3193 2422 
917 2504 2506 2505 
918 342 2569 341 
919 2544 2904 2625 
920 2301 3075 2612 
921 2440 3105 2439 
922 2553 2790 2788 
923 2799 2904 2798 
924 2376 2378 2375 
925 2658 2664 2452 
926 2418 2495 2417 
927 2735 2959 2527 
928 2258 2970 2679 
929 2937 3170 2315 
930 2614 2687 2485 
931 2514 2516 2515 
932 2319 2736 2718 
933 2289 3053 2287 
934 2698 2699 2667 
935 2256 2682 352 
936 2586 2616 2266 
937 2422 3193 2421 
938 2287 2292 2286 
939 2260 3064 357 
940 2446 2642 2641 
941 2258 3074 2970 
942 2447 3105 2440 
943 2205 2957 2533 
944 2357 3004 2356 
945 2667 2896 2734 
946 3045 3102 2482 
947 2258 2679 2594 
948 2516 2518 2517 
949 2316 2320 2317 
950 2760 3079 2726 
951 2983 3081 2979 
952 2595 3191 2274 
953 2337 2339 2338 
954 2347 2349 2348 
955 2694 2762 2237 
956 2268 2936 2568 
957 2573 2694 2505 
958 2452 2988 2660 
959 2503 3045 2481 
960 2816 3140 2852 
961 2426 3167 2425 
962 2562 2671 2598 
963 2801 3115 2584 
964 2291 2984 2638 
965 2539 2632 2538 
966 2320 2325 2321 
967 2301 2614 2485 
968 2392 2962 2916 
969 2259 2639 2587 
970 3023 3089 2591 
971 2919 2957 2306 
972 2255 2915 423 
973 2334 3040 2493 
974 3017 3137 3046 
975 2582 2612 2305 
976 2393 2916 2820 
977 2368 2371 2370 
978 2542 3185 2344 
979 2564 2944 2763 
980 2310 3133 2288 
981 2897 3083 2703 
982 2604 2697 2512 
983 2390 3165 2387 
984 2579 2685 2574 
985 2325 2328 2326 
986 2522 2532 2524 
987 2999 3067 2464 
988 2570 2991 2571 
989 2402 2404 2403 
990 2755 3107 2753 
991 2541 2644 2539 
992 2486 3181 2840 
993 2328 2331 2330 
994 2772 3104 2564 
995 2292 2295 2294 
996 3031 3098 3019 
997 2576 2580 2579 
998 2748 2752 2749 
999 2331 2334 2332 
1000 2703 2958 2700 
1001 2238 2786 2636 
1002 354 3049 353 
1003 2562 2598 2597 
1004 2383 2384 2380 
1005 2253 3151 2720 
1006 2309 2889 2316 
1007 3088 3165 2399 
1008 2758 2781 2313 
1009 2921 3049 354 
1010 2662 2666 2661 
1011 2731 2778 2739 
1012 2707 2720 2704 
1013 2315 3170 2635 
1014 2596 3173 2922 
1015 2539 2644 2633 
1016 2917 3186 2991 
1017 2677 2971 2477 
1018 2417 2495 2471 
1019 2280 2284 2283 
1020 936 2684 2377 
1021 2961 2962 2392 
1022 2301 2485 2299 
1023 2978 2980 2461 
1024 132 2946 348 
1025 2753 3107 3071 
1026 2625 3171 2544 
1027 3122 3127 2593 
1028 134 2952 363 
1029 349 2946 132 
1030 350 2587 349 
1031 2719 3000 2718 
1032 2319 3000 2737 
1033 2652 2920 2651 
1034 2510 2600 2599 
1035 2272 3112 2773 
1036 2660 2662 2661 
1037 2558 3132 2556 
1038 365 2594 364 
1039 364 2952 134 
1040 2921 3143 2267 
1041 2477 2971 2595 
1042 2572 2992 2688 
1043 2578 3036 2282 
1044 2701 2703 2699 
1045 2456 3063 2817 
1046 2490 3001 2527 
1047 2295 3141 2502 
1048 2658 2660 2659 
1049 2808 2809 2353 
1050 2461 3070 3014 
1051 2752 2754 2753 
1052 2976 2978 2977 
1053 2650 2652 2651 
1054 2292 3141 2295 
1055 2541 3047 2421 
1056 2496 2539 2538 
1057 2306 2956 2919 
1058 2798 2904 2547 
1059 2600 3016 2684 
1060 2613 3078 2939 
1061 2379 2380 2378 
1062 2704 2958 2703 
1063 2506 2574 2573 
1064 3163 3177 2609 
1065 2495 2541 2496 
1066 2266 3180 2586 
1067 2727 3122 2593 
1068 3024 3025 2768 
1069 2712 2927 2372 
1070 2852 3140 2818 
1071 2639 2855 2300 
1072 2267 3143 355 
1073 2464 3011 2999 
1074 2307 2682 2681 
1075 2602 3137 3017 
1076 2934 2945 2912 
1077 2268 2986 340 
1078 2460 2645 2644 
1079 2432 2436 2435 
1080 2305 3135 2582 
1081 2468 2995 2678 
1082 2386 2387 2384 
1083 2453 3125 2449 
1084 2924 3022 2926 
1085 2685 2994 2779 
1086 2602 3016 2600 
1087 2372 2927 954 
1088 2523 2940 2526 
1089 2461 3014 2978 
1090 2518 2520 2519 
1091 2655 3012 2947 
1092 2316 2889 2578 
1093 2430 2432 2431 
1094 2789 3115 2350 
1095 2749 2906 2751 
1096 2585 2946 2587 
1097 2458 2698 2668 
1098 3165 3189 2387 
1099 2708 2710 2709 
1100 2508 2850 2849 
1101 2653 2655 2652 
1102 2404 2408 2407 
1103 2547 3131 2543 
1104 2841 2972 2849 
1105 353 3049 2256 
1106 2976 2982 2979 
1107 2531 2820 2530 
1108 2408 2410 2409 
1109 2637 2674 2638 
1110 2828 2834 2552 
1111 2867 2869 2815 
1112 2657 2664 2658 
1113 2720 2902 2705 
1114 2353 2807 2797 
1115 2449 3125 2447 
1116 2529 2962 2961 
1117 2420 2422 2421 
1118 2584 2790 2549 
1119 2397 2835 2822 
1120 2805 3002 2626 
1121 2747 3020 1980 
1122 2295 2297 2296 
1123 2561 2949 2828 
1124 3024 3107 2755 
1125 2557 2558 2556 
1126 2241 2803 2802 
1127 2279 3123 3036 
1128 2698 2701 2699 
1129 2233 3169 2674 
1130 2849 2972 2508 
1131 2361 2623 2621 
1132 2590 2952 2594 
1133 2797 2808 2353 
1134 2422 2426 2425 
1135 2613 2939 2614 
1136 2567 3056 2444 
1137 2980 3081 2473 
1138 2350 2823 2789 
1139 2593 2728 2725 
1140 2730 2739 2738 
1141 2568 2986 2268 
1142 2820 2917 2393 
1143 2237 2944 2694 
1144 2508 2972 2471 
1145 2196 2714 2187 
1146 2699 3083 2896 
1147 2627 2930 2629 
1148 2746 3129 2475 
1149 2410 2414 2413 
1150 2706 2707 2704 
1151 2615 2732 2617 
1152 3017 3018 2377 
1153 2475 2750 2746 
1154 2470 3181 2932 
1155 2815 3118 2867 
1156 2559 2560 2558 
1157 2526 2938 2937 
1158 2945 3072 2915 
1159 2469 3172 2498 
1160 2852 2899 2406 
1161 2263 3113 2774 
1162 2485 3120 2690 
1163 2914 2934 2912 
1164 2718 3000 2319 
1165 2937 2938 2310 
1166 2456 3069 2872 
1167 2974 2977 2870 
1168 2633 2859 2632 
1169 2454 2939 2467 
1170 2726 3079 2727 
1171 2411 2900 2839 
1172 2694 2944 2505 
1173 2535 3142 2536 
1174 2405 2857 2856 
1175 2818 3140 2472 
1176 2374 2376 2375 
1177 2655 2947 2652 
1178 2488 2729 2492 
1179 2455 2618 2459 
1180 2552 2827 2826 
1181 2646 3051 2620 
1182 2603 3041 2520 
1183 2826 2828 2552 
1184 2636 3146 2810 
1185 2468 2678 2677 
1186 2706 2711 2463 
1187 2918 3192 2709 
1188 2414 2418 2417 
1189 2914 3055 2935 
1190 2367 2368 2365 
1191 348 2946 2585 
1192 2295 2296 2294 
1193 2382 2961 2392 
1194 2397 2822 2761 
1195 2444 2586 2567 
1196 2737 3000 2738 
1197 2321 3061 2475 
1198 2768 3025 2482 
1199 2786 3114 2579 
1200 2436 2440 2439 
1201 2280 2283 2278 
1202 2761 2821 2397 
1203 2429 2732 2615 
1204 2394 2961 2382 
1205 2678 2997 2996 
1206 3016 3017 2377 
1207 2279 3036 2890 
1208 2610 3084 2264 
1209 2615 2617 2616 
1210 2667 2734 2666 
1211 2310 3170 2937 
1212 2967 3011 2464 
1213 2996 2997 2500 
1214 2525 2940 2523 
1215 2669 3150 3012 
1216 2431 3179 2664 
1217 2651 2683 2649 
1218 2868 2873 2245 
1219 2734 2896 2438 
1220 2304 2945 2934 
1221 873 3059 864 
1222 2976 2979 2978 
1223 363 2952 2590 
1224 2850 3009 2415 
1225 2916 2966 2392 
1226 2982 3048 2244 
1227 2818 3006 2852 
1228 2724 2804 2723 
1229 2668 2702 2458 
1230 3168 3183 2553 
1231 2816 2852 2819 
1232 2358 2359 2357 
1233 2539 2633 2632 
1234 2564 3008 2494 
1235 2412 2853 2833 
1236 2575 2576 2574 
1237 2939 3078 2467 
1238 2979 3081 2980 
1239 2840 3181 2469 
1240 2446 2643 2642 
1241 2665 3057 2633 
1242 2637 2638 2518 
1243 2709 2902 2707 
1244 2819 2852 2406 
1245 2241 3062 2782 
1246 2631 3137 2537 
1247 2411 2839 2838 
1248 2856 2857 2831 
1249 2601 2602 2600 
1250 2516 2673 2637 
1251 2791 2808 2792 
1252 2680 3038 2293 
1253 2477 2478 2360 
1254 2822 3164 2598 
1255 2701 2704 2703 
1256 2520 2522 2521 
1257 2635 3170 2311 
1258 2514 2515 2491 
1259 2406 2851 2819 
1260 2412 2931 2900 
1261 2500 3076 2996 
1262 2765 3102 3045 
1263 2489 2635 2487 
1264 2467 3162 2454 
1265 2555 2985 2802 
1266 2675 3005 2676 
1267 2354 2355 2349 
1268 2711 3105 2463 
1269 2478 3158 2596 
1270 2341 2342 2339 
1271 2492 2729 2719 
1272 2484 3162 2467 
1273 2679 2970 2926 
1274 936 2377 927 
1275 2844 2856 2831 
1276 2727 3080 2395 
1277 2537 3137 2630 
1278 2940 2941 2289 
1279 2256 3049 2589 
1280 2532 2535 2524 
1281 1314 2608 963 
1282 2858 3057 2424 
1283 2376 2379 2378 
1284 2415 2892 2850 
1285 2370 3155 2697 
1286 2870 3121 2974 
1287 2754 3026 2480 
1288 2520 3041 2522 
1289 2249 2859 2858 
1290 2308 2889 2309 
1291 2991 3186 2571 
1292 2628 3110 2771 
1293 2516 2517 2515 
1294 2618 2687 2459 
1295 2342 3185 3066 
1296 2843 2854 2813 
1297 2274 3023 2596 
1298 2336 2337 2334 
1299 2444 2615 2586 
1300 2465 2618 2455 
1301 2880 3077 2474 
1302 2388 2390 2387 
1303 3021 3112 2271 
1304 2666 2990 2661 
1305 2343 2344 2342 
1306 2284 2501 2283 
1307 2453 3162 2484 
1308 2418 3047 2495 
1309 2900 2931 2839 
1310 2344 3185 2342 
1311 2371 3155 2370 
1312 2916 2962 2530 
1313 2489 2696 2635 
1314 2838 2865 2411 
1315 2832 3042 2932 
1316 2287 3141 2292 
1317 2741 3068 2476 
1318 2741 2742 2740 
1319 2472 3175 2818 
1320 2553 3183 2790 
1321 2276 3076 2500 
1322 2533 2534 2290 
1323 1332 2686 1323 
1324 2748 2750 2398 
1325 2790 3183 2549 
1326 2565 3132 2563 
1327 2650 2653 2652 
1328 2401 3109 3082 
1329 2589 2921 2267 
1330 2693 3067 2999 
1331 2391 3194 2390 
1332 2587 2946 349 
1333 2398 2752 2748 
1334 2518 2519 2517 
1335 2454 3162 2453 
1336 2662 2667 2666 
1337 2675 2676 2605 
1338 2497 3155 2375 
1339 2440 2449 2447 
1340 2273 3191 2595 
1341 2857 3006 2818 
1342 2932 3042 2470 
1343 2292 2294 2293 
1344 3019 3046 3031 
1345 2498 2841 2837 
1346 2434 2888 2887 
1347 3007 3125 2474 
1348 2383 2386 2384 
1349 2806 3002 2805 
1350 963 2608 2372 
1351 2705 2902 2901 
1352 2346 2347 2344 
1353 2594 2952 364 
1354 2730 2740 2739 
1355 2462 2976 2975 
1356 2872 3070 2456 
1357 2632 3130 2538 
1358 2160 2233 2151 
1359 2079 2234 2070 
1360 2070 2716 2061 
1361 2536 2956 2634 
1362 2187 2291 2178 
1363 2741 3129 2742 
1364 2752 3026 2754 
1365 846 3048 2981 
1366 2257 2568 2531 
1367 2449 2454 2453 
1368 2792 3168 2553 
1369 2653 2656 2655 
1370 2668 2698 2667 
1371 2151 2733 2142 
1372 2681 2682 2256 
1373 1350 2689 1341 
1374 2584 3115 2789 
1375 2061 2736 2052 
1376 2620 3167 2955 
1377 1323 2275 1314 
1378 2142 2313 2133 
1379 2052 2319 2043 
1380 2864 3090 2647 
1381 2088 2715 2079 
1382 2761 2822 2672 
1383 2284 3038 2501 
1384 2097 2735 2088 
1385 2106 2314 2097 
1386 2043 2737 2034 
1387 1827 2762 1818 
1388 1890 2764 1881 
1389 2631 3087 3031 
1390 1908 2767 1899 
1391 2565 2985 2556 
1392 2650 2955 2653 
1393 1872 2766 1863 
1394 1926 2776 1917 
1395 1854 2772 1845 
1396 1944 2769 1935 
1397 1962 2777 1953 
1398 1998 2235 1989 
1399 1899 2483 1890 
1400 2133 2781 2124 
1401 1836 2237 1827 
1402 1881 2327 1872 
1403 2607 3177 3163 
1404 1917 2236 1908 
1405 1953 2322 1944 
1406 1845 2763 1836 
1407 1818 2507 1809 
1408 1737 2780 1728 
1409 1935 2323 1926 
1410 1971 2324 1962 
1411 2833 2931 2412 
1412 2476 3129 2741 
1413 2115 2756 2106 
1414 1863 2329 1854 
1415 2016 2731 2007 
1416 2973 3121 2245 
1417 2025 2778 2016 
1418 2034 2318 2025 
1419 954 2927 945 
1420 1728 2340 1719 
1421 1800 2333 1791 
1422 1719 2770 1710 
1423 1791 2779 1782 
1424 1746 2581 1737 
1425 2124 2312 2115 
1426 2536 2582 2535 
1427 2512 2697 2497 
1428 2474 3077 3007 
1429 2563 3132 2558 
1430 2670 2671 2562 
1431 3045 3182 2481 
1432 2560 2670 2562 
1433 1755 2810 1746 
1434 3029 3060 2389 
1435 2445 3032 2641 
1436 864 2244 855 
1437 2608 2611 2372 
1438 2693 2999 2998 
1439 1701 2784 1692 
1440 1773 2785 1764 
1441 1782 2335 1773 
1442 2400 3194 2643 
1443 2442 2918 2879 
1444 1710 2345 1701 
1445 2443 2567 2465 
1446 1359 2262 1350 
1447 1557 2803 1548 
1448 1683 2805 1674 
1449 2236 3024 2767 
1450 1665 2795 1656 
1451 1629 2809 1620 
1452 2796 3002 2799 
1453 2688 2992 2269 
1454 801 2245 792 
1455 2818 3175 3043 
1456 1647 2807 1638 
1457 1575 2800 1566 
1458 1611 2787 1602 
1459 1674 2626 1665 
1460 1764 2238 1755 
1461 1620 2240 1611 
1462 1593 2823 1584 
1463 1548 2241 1539 
1464 1692 2239 1683 
1465 2925 2970 2529 
1466 2879 2894 2442 
1467 1656 2351 1647 
1468 1539 2782 1530 
1469 2599 2712 2509 
1470 2356 3093 2928 
1471 1638 2353 1629 
1472 1584 2350 1575 
1473 1377 2721 1368 
1474 1566 2352 1557 
1475 1530 2824 1521 
1476 1431 2821 1422 
1477 963 2372 954 
1478 1494 2834 1485 
1479 2603 2714 2290 
1480 1602 2554 1593 
1481 1413 2759 1404 
1482 1512 2827 1503 
1483 2859 3057 2858 
1484 2460 3051 2646 
1485 2282 3095 3065 
1486 603 2248 594 
1487 1476 2794 1467 
1488 2382 2383 2380 
1489 1125 2247 1116 
1490 2802 3062 2241 
1491 945 2684 936 
1492 1485 2242 1476 
1493 1395 2804 1386 
1494 1467 2842 1458 
1495 1422 2243 1413 
1496 2762 3126 2507 
1497 810 2973 801 
1498 2820 3186 2917 
1499 738 2246 1188 
1500 1449 2835 1440 
1501 1809 2989 1800 
1502 1521 2551 1512 
1503 2742 2745 2744 
1504 594 2848 585 
1505 792 2873 783 
1506 2265 2971 2677 
1507 1503 2552 1494 
1508 2476 3068 2729 
1509 1062 2251 1053 
1510 2607 3163 2969 
1511 441 2250 432 
1512 1260 2249 1251 
1513 2630 3137 2602 
1514 2723 3097 2724 
1515 1116 2853 657 
1516 612 2836 603 
1517 2550 2557 2556 
1518 2545 2783 2548 
1519 1134 2829 1125 
1520 1053 2862 1044 
1521 432 2860 729 
1522 2746 2748 2745 
1523 2629 3146 2636 
1524 2482 3182 3045 
1525 1251 2858 1242 
1526 684 2847 1062 
1527 450 2846 441 
1528 585 2416 1305 
1529 2609 3177 2611 
1530 2356 2928 2783 
1531 2474 3125 2882 
1532 729 2428 720 
1533 1188 2851 1179 
1534 1044 2434 1035 
1535 1242 2424 486 
1536 2187 2714 2291 
1537 2296 2307 2294 
1538 747 2811 738 
1539 2292 2293 2286 
1540 1269 2845 1260 
1541 720 2874 711 
1542 567 2254 558 
1543 378 2255 423 
1544 486 2861 477 
1545 576 2894 567 
1546 1098 2253 1089 
1547 1458 2396 1449 
1548 1215 2252 1206 
1549 477 2423 468 
1550 459 2648 450 
1551 711 2427 702 
1552 468 2863 459 
1553 1440 2397 1431 
1554 693 2654 684 
1555 1035 2887 1026 
1556 702 2875 693 
1557 1224 2883 1215 
1558 1206 2893 1197 
1559 1089 2885 1080 
1560 1026 2433 1017 
1561 657 2412 648 
1562 495 2884 1098 
1563 1017 2891 1233 
1564 1305 2892 1296 
1565 1233 2663 1224 
1566 1197 2438 531 
1567 999 2898 990 
1568 2445 2641 2640 
1569 2728 3092 2725 
1570 1386 2366 1377 
1571 990 2442 576 
1572 531 2895 522 
1573 1278 2540 1269 
1574 522 2437 513 
1575 504 2700 495 
1576 513 2897 504 
1577 621 2499 612 
1578 1071 2901 1008 
1579 2373 2374 2371 
1580 2955 3167 2619 
1581 1143 2844 1134 
1582 1368 2691 1359 
1583 1008 2441 999 
1584 1287 2886 1278 
1585 783 2866 774 
1586 2611 3177 2512 
1587 1179 2406 1170 
1588 1296 2415 1287 
1589 1080 2705 1071 
1590 549 2993 378 
1591 558 2876 414 
1592 918 3157 909 
1593 648 2900 639 
1594 2307 2929 2682 
1595 1341 2606 1332 
1596 2975 3003 2462 
1597 2501 3038 2680 
1598 630 2865 621 
1599 2520 2521 2519 
1600 1404 2723 1395 
1601 756 2843 747 
1602 1152 2856 1143 
1603 2463 3007 2708 
1604 1170 2899 1161 
1605 639 2411 630 
1606 2688 3153 2270 
1607 2754 3025 2755 
1608 2379 2382 2380 
1609 2462 2981 2976 
1610 765 2854 756 
1611 2363 2367 2365 
1612 1161 2405 1152 
1613 774 2457 765 
1614 2657 2658 2656 
1615 666 2450 549 
1616 2668 2988 2702 
1617 2614 2939 2459 
1618 2759 3097 2723 
1619 2909 2910 2255 
1620 2419 2420 2418 
1621 2429 2430 2426 
1622 2476 3178 3129 
1623 2466 3099 2510 
1624 2526 2940 2938 
1625 387 2907 666 
1626 2923 3023 3022 
1627 2278 2968 2260 
1628 2274 3158 2595 
1629 2924 2925 2394 
1630 414 2903 405 
1631 2676 2728 2605 
1632 2377 3018 927 
1633 819 2871 810 
1634 2501 2588 2283 
1635 405 2905 396 
1636 2472 3140 2817 
1637 2370 2697 2604 
1638 2591 3136 2679 
1639 396 2448 387 
1640 2695 2989 2507 
1641 837 2462 828 
1642 2333 2989 2695 
1643 2835 3164 2822 
1644 2457 3118 2854 
1645 2510 2601 2600 
1646 2316 2578 2320 
1647 2981 3048 2982 
1648 357 3064 356 
1649 2557 2559 2558 
1650 2455 2459 2454 
1651 2878 2905 2903 
1652 2738 2739 2318 
1653 2738 3144 2730 
1654 2395 2671 2670 
1655 2506 2575 2574 
1656 2290 2714 2196 
1657 2337 2341 2339 
1658 2473 3082 2980 
1659 2923 2924 2381 
1660 2938 2940 2289 
1661 2312 2758 2757 
1662 2386 2388 2387 
1663 2828 2949 2834 
1664 2007 3035 1998 
1665 2491 2696 2489 
1666 2315 3052 2775 
1667 2522 2524 2523 
1668 2443 3056 2567 
1669 2325 2479 2328 
1670 2878 3037 2905 
1671 2525 2954 2942 
1672 2717 2718 2716 
1673 2566 2670 2560 
1674 2297 2855 2296 
1675 2331 2336 2334 
1676 2917 2991 2391 
1677 900 3027 891 
1678 2355 2358 2357 
1679 2796 2799 2798 
1680 2750 3061 2326 
1681 2620 2955 2650 
1682 2734 3152 2666 
1683 2742 3129 2746 
1684 2959 3103 2513 
1685 2525 2942 2941 
1686 2255 2993 2909 
1687 2659 2888 2669 
1688 2791 2792 2553 
1689 2559 2566 2560 
1690 2347 2354 2349 
1691 2536 2634 2583 
1692 2796 2797 2351 
1693 2458 3176 2711 
1694 972 2304 540 
1695 2854 3118 2813 
1696 2409 3175 3160 
1697 2833 2932 2931 
1698 2575 2577 2576 
1699 2720 3151 2704 
1700 2701 2706 2704 
1701 2765 3045 2503 
1702 2625 2904 2799 
1703 2788 2789 2554 
1704 2419 2640 2451 
1705 2801 2802 2352 
1706 2820 2916 2530 
1707 2459 2939 2454 
1708 2693 2998 2997 
1709 2299 2300 2297 
1710 2477 2595 2478 
1711 2816 2819 2812 
1712 2563 2826 2825 
1713 864 3059 2244 
1714 2245 3121 2868 
1715 2724 2726 2725 
1716 2439 3105 2711 
1717 828 3003 819 
1718 2178 3013 2169 
1719 2950 2991 2570 
1720 2825 2826 2551 
1721 355 3143 133 
1722 2595 2971 2273 
1723 2817 3063 2472 
1724 540 2933 981 
1725 2438 2896 2895 
1726 2678 2996 2677 
1727 2341 2343 2342 
1728 3044 3175 2409 
1729 2702 3176 2458 
1730 2694 3126 2762 
1731 2456 3159 3063 
1732 2243 2761 2760 
1733 2924 2926 2925 
1734 2366 2724 2722 
1735 1980 3020 1971 
1736 2607 2969 2675 
1737 927 3018 918 
1738 2516 3139 2673 
1739 3089 3187 2591 
1740 2358 2360 2359 
1741 2998 2999 2281 
1742 2730 2741 2740 
1743 2599 2927 2712 
1744 2814 2816 2812 
1745 2336 2967 2337 
1746 2677 2996 2265 
1747 2942 3135 2305 
1748 2849 2850 2416 
1749 2767 3024 2768 
1750 2357 3117 3004 
1751 2499 2838 2837 
1752 2830 2833 2247 
1753 2522 2523 2521 
1754 2904 3131 2547 
1755 3023 3173 2596 
1756 2813 2815 2814 
1757 3028 3029 2389 
1758 2367 2713 2368 
1759 2536 2583 2582 
1760 2534 2603 2290 
1761 2532 3188 2957 
1762 2829 2831 2830 
1763 2866 2868 2867 
1764 981 2303 1107 
1765 2341 2464 2343 
1766 2343 2346 2344 
1767 2812 2819 2246 
1768 2346 2693 2692 
1769 2382 2392 2383 
1770 2388 2391 2390 
1771 2869 3069 2815 
1772 2312 2781 2758 
1773 2572 3180 2992 
1774 2839 2931 2486 
1775 891 2389 882 
1776 2402 2446 2404 
1777 2718 2736 2716 
1778 2811 2813 2812 
1779 2653 2955 2657 
1780 2739 2778 2318 
1781 855 3048 846 
1782 1323 2686 2275 
1783 2909 2993 2450 
1784 2868 2870 2869 
1785 2368 2373 2371 
1786 2254 2894 2879 
1787 2223 2302 2214 
1788 2866 2873 2868 
1789 882 3060 873 
1790 2703 3083 2699 
1791 2915 3072 675 
1792 2235 3035 2743 
1793 2385 3157 3019 
1794 2802 2803 2352 
1795 2743 3035 2731 
1796 2346 2692 2347 
1797 3074 3134 2529 
1798 2254 2879 2877 
1799 2568 2936 2531 
1800 909 2385 900 
1801 2852 3006 2899 
1802 2832 3043 3042 
1803 2640 3050 2445 
1804 2797 2807 2351 
1805 2789 2823 2554 
1806 2243 2821 2761 
1807 2611 2712 2372 
1808 2651 3010 2683 
1809 2729 3068 2719 
1810 2366 2804 2724 
1811 3053 3141 2287 
1812 2405 3006 2857 
1813 2886 3130 2540 
1814 2789 2790 2584 
1815 2826 2827 2551 
1816 2742 2746 2745 
1817 2408 2445 2410 
1818 2819 2851 2246 
1819 2871 2975 2974 
1820 2833 2853 2247 
1821 2938 3133 2310 
1822 2746 2750 2748 
1823 2910 2915 2255 
1824 2616 3021 2266 
1825 2395 3122 2727 
1826 2707 2902 2720 
1827 2784 3110 2239 
1828 2286 3038 2284 
1829 2419 3050 2640 
1830 2850 2892 2416 
1831 2871 3003 2975 
1832 2374 2381 2376 
1833 2544 3131 2904 
1834 2615 2616 2586 
1835 2596 3158 2274 
1836 2502 3053 2941 
1837 2499 2865 2838 
1838 2386 2393 2388 
1839 2515 2696 2491 
1840 2679 3136 2594 
1841 2354 2995 2355 
1842 2877 2878 2876 
1843 2881 3037 2878 
1844 2358 2468 2360 
1845 2974 3121 2973 
1846 2924 3033 2381 
1847 2360 2948 2359 
1848 2642 3190 2774 
1849 2414 2419 2418 
1850 2829 2844 2831 
1851 2923 3173 3023 
1852 2234 2716 2070 
1853 2641 2773 2640 
1854 2811 2843 2813 
1855 2430 2444 2432 
1856 2233 2733 2151 
1857 2783 2928 2548 
1858 2880 2881 2878 
1859 2662 2668 2667 
1860 2908 2909 2450 
1861 2531 3186 2820 
1862 2890 3036 2889 
1863 2468 2677 2477 
1864 2941 3053 2289 
1865 2422 2429 2426 
1866 2962 3134 2530 
1867 2379 2394 2382 
1868 2982 3058 2983 
1869 2556 3132 2565 
1870 2716 2736 2061 
1871 2724 3097 2726 
1872 2079 2715 2234 
1873 3160 3175 2472 
1874 3000 3144 2738 
1875 3077 3106 2710 
1876 2519 2775 2517 
1877 2419 2451 2420 
1878 2142 2733 2313 
1879 2878 2903 2876 
1880 2275 2608 1314 
1881 3007 3077 2708 
1882 2052 2736 2319 
1883 2337 2967 2341 
1884 2579 2994 2685 
1885 2931 2932 2486 
1886 3031 3046 2631 
1887 2467 3078 2913 
1888 2300 2855 2297 
1889 2088 2735 2715 
1890 2676 3092 2728 
1891 2760 3097 2759 
1892 2567 2572 2465 
1893 2314 2735 2097 
1894 2313 2781 2133 
1895 2319 2737 2043 
1896 133 3143 354 
1897 2992 3180 2266 
1898 2523 2526 2521 
1899 2513 3103 2757 
1900 2468 2477 2360 
1901 2796 2798 2797 
1902 2205 2533 2232 
1903 2548 2928 2550 
1904 2106 2756 2314 
1905 2483 2764 1890 
1906 2237 2762 1827 
1907 1899 2767 2483 
1908 1881 2764 2327 
1909 2236 2767 1908 
1910 1818 2762 2507 
1911 2327 2766 1872 
1912 1917 2776 2236 
1913 1836 2763 2237 
1914 2322 2769 1944 
1915 1953 2777 2322 
1916 1845 2772 2763 
1917 2323 2776 1926 
1918 1935 2769 2323 
1919 2262 2689 1350 
1920 1863 2766 2329 
1921 2324 2777 1962 
1922 2329 2772 1854 
1923 2034 2737 2318 
1924 2717 3096 3001 
1925 3084 3120 2270 
1926 2398 3026 2752 
1927 2606 2686 1332 
1928 2016 2778 2731 
1929 2124 2781 2312 
1930 2318 2778 2025 
1931 2813 3118 2815 
1932 1728 2780 2340 
1933 2653 2657 2656 
1934 2312 2756 2115 
1935 2581 2780 1737 
1936 2788 2790 2789 
1937 2340 2770 1719 
1938 2333 2779 1791 
1939 2355 2995 2358 
1940 2498 3172 2972 
1941 2283 2968 2278 
1942 675 3072 972 
1943 1746 2810 2581 
1944 2507 2989 1809 
1945 2839 2840 2838 
1946 2244 3058 2982 
1947 2347 2692 2354 
1948 1782 2779 2335 
1949 1710 2770 2345 
1950 1800 2989 2333 
1951 2868 3121 2870 
1952 2368 2713 2373 
1953 3001 3096 2527 
1954 2373 2922 2374 
1955 2293 3038 2286 
1956 2449 2455 2454 
1957 2335 2785 1773 
1958 2345 2784 1701 
1959 2504 2951 2506 
1960 2238 2810 1755 
1961 2867 3118 2457 
1962 2774 3190 2570 
1963 2977 3014 2870 
1964 1764 2785 2238 
1965 1692 2784 2239 
1966 3019 3098 2385 
1967 2702 2988 2452 
1968 1674 2805 2626 
1969 1548 2803 2241 
1970 2925 2961 2394 
1971 2626 2795 1665 
1972 2239 2805 1683 
1973 1620 2809 2240 
1974 3019 3157 3018 
1975 2364 3127 3122 
1976 2493 3040 2504 
1977 1341 2689 2606 
1978 2429 3039 2732 
1979 2240 2787 1611 
1980 1656 2795 2351 
1981 2291 3013 2178 
1982 2353 2809 1629 
1983 2351 2807 1647 
1984 2399 3184 3088 
1985 2352 2803 1557 
1986 1638 2807 2353 
1987 2350 2800 1575 
1988 2314 2959 2735 
1989 1359 2691 2262 
1990 2241 2782 1539 
1991 1566 2800 2352 
1992 1998 3035 2235 
1993 1584 2823 2350 
1994 2998 3174 2500 
1995 2394 3033 2924 
1996 2270 3120 2687 
1997 3004 3117 2566 
1998 2460 3193 3051 
1999 2606 2969 2686 
2000 2731 3035 2007 
2001 2245 2873 792 
2002 1602 2787 2554 
2003 2601 2630 2602 
2004 2711 3176 2439 
2005 2554 2823 1593 
2006 2507 3126 2695 
2007 2775 2937 2315 
2008 801 2973 2245 
2009 2724 2725 2722 
2010 2308 2890 2889 
2011 2566 3101 2670 
2012 2782 2824 1530 
2013 2359 2948 2363 
2014 2436 2443 2440 
2015 2524 2525 2523 
2016 1422 2821 2243 
2017 2665 3090 2864 
2018 1485 2834 2242 
2019 2320 2960 2325 
2020 2758 3139 2514 
2021 2243 2759 1413 
2022 1521 2824 2551 
2023 1971 3020 2324 
2024 2452 3179 2702 
2025 2954 3135 2942 
2026 2979 2980 2978 
2027 2361 3066 2623 
2028 2328 2963 2331 
2029 2242 2794 1476 
2030 2690 3084 2610 
2031 2714 2984 2291 
2032 2551 2827 1512 
2033 2552 2834 1494 
2034 2248 2848 594 
2035 2831 2832 2830 
2036 2700 2958 2884 
2037 2732 3039 2451 
2038 1503 2827 2552 
2039 2234 2717 2716 
2040 2603 2984 2714 
2041 2879 2918 2710 
2042 603 2836 2248 
2043 2247 2853 1116 
2044 2794 2842 1467 
2045 1125 2829 2247 
2046 2532 2957 2919 
2047 2929 2987 2259 
2048 2169 3169 2160 
2049 2397 2821 1431 
2050 2525 2941 2940 
2051 1368 2721 2691 
2052 2246 2851 1188 
2053 2366 2721 1377 
2054 738 2811 2246 
2055 2629 3124 2622 
2056 2160 3169 2233 
2057 2767 2768 2483 
2058 2777 2906 2322 
2059 2764 2765 2327 
2060 2479 2964 2963 
2061 2766 2793 2329 
2062 2763 2944 2237 
2063 2708 3077 2710 
2064 2737 2738 2318 
2065 2982 2983 2979 
2066 1458 2842 2396 
2067 2547 3168 2792 
2068 585 2848 2416 
2069 2814 2817 2816 
2070 1386 2804 2366 
2071 1440 2835 2397 
2072 2396 2835 1449 
2073 2251 2862 1053 
2074 2583 2613 2612 
2075 2250 2860 432 
2076 2249 2858 1251 
2077 1062 2847 2251 
2078 2813 2814 2812 
2079 441 2846 2250 
2080 2868 2869 2867 
2081 783 2873 2866 
2082 1404 2759 2723 
2083 2771 3108 2627 
2084 2663 2990 2883 
2085 2475 3061 2750 
2086 1260 2845 2249 
2087 2671 3080 2672 
2088 729 2860 2428 
2089 2999 3095 2281 
2090 657 2853 2412 
2091 2312 2757 2756 
2092 1242 2858 2424 
2093 1044 2862 2434 
2094 2239 3110 2806 
2095 2346 3067 2693 
2096 2636 3124 2629 
2097 2780 2930 2340 
2098 2341 2967 2464 
2099 2723 2804 1395 
2100 2588 2968 2283 
2101 2648 2846 450 
2102 2428 2874 720 
2103 2654 2847 684 
2104 2499 2836 612 
2105 2424 2861 486 
2106 3070 3159 2456 
2107 1134 2844 2829 
2108 2416 2892 1305 
2109 2434 2887 1035 
2110 477 2861 2423 
2111 2785 2786 2238 
2112 711 2874 2427 
2113 2423 2863 468 
2114 459 2863 2648 
2115 567 2894 2254 
2116 2550 2928 2557 
2117 1179 2851 2406 
2118 2427 2875 702 
2119 693 2875 2654 
2120 2535 2954 2524 
2121 1215 2883 2252 
2122 2252 2893 1206 
2123 2540 2845 1269 
2124 1098 2884 2253 
2125 1026 2887 2433 
2126 2589 3049 2921 
2127 2253 2885 1089 
2128 2244 3048 855 
2129 2663 2883 1224 
2130 2442 2894 576 
2131 1197 2893 2438 
2132 2433 2891 1017 
2133 2770 2771 2345 
2134 1233 2891 2663 
2135 747 2843 2811 
2136 2438 2895 531 
2137 2700 2884 495 
2138 990 2898 2442 
2139 522 2895 2437 
2140 2412 2900 648 
2141 1296 2892 2415 
2142 2437 2897 513 
2143 378 2993 2255 
2144 2254 2876 558 
2145 1278 2886 2540 
2146 504 2897 2700 
2147 2922 2923 2381 
2148 2441 2898 999 
2149 1080 2885 2705 
2150 2573 3126 2694 
2151 1008 2901 2441 
2152 2415 2886 1287 
2153 2670 3101 2395 
2154 621 2865 2499 
2155 2578 2960 2320 
2156 2705 2901 1071 
2157 2296 2987 2307 
2158 3017 3019 3018 
2159 2609 2611 2608 
2160 2239 2806 2805 
2161 1143 2856 2844 
2162 2870 2872 2869 
2163 2406 2899 1170 
2164 2305 3085 2942 
2165 2975 2977 2974 
2166 774 2866 2457 
2167 3009 3130 2886 
2168 639 2900 2411 
2169 2882 3125 2453 
2170 2411 2865 630 
2171 2795 2796 2351 
2172 2871 2973 810 
2173 2645 3090 2665 
2174 2495 3047 2541 
2175 756 2854 2843 
2176 2559 3004 2566 
2177 2570 3190 2950 
2178 2405 2856 1152 
2179 2926 2970 2925 
2180 3028 3031 3030 
2181 1161 2899 2405 
2182 2450 2993 549 
2183 2383 2966 2386 
2184 2479 2963 2328 
2185 2457 2854 765 
2186 2307 2987 2929 
2187 2787 2788 2554 
2188 2779 2994 2335 
2189 2800 2801 2352 
2190 2391 2991 2950 
2191 2956 3054 2634 
2192 2889 3036 2578 
2193 2876 2903 414 
2194 2363 2948 2367 
2195 2817 3140 2816 
2196 3075 3085 2305 
2197 2529 3134 2962 
2198 2877 2880 2878 
2199 666 2907 2450 
2200 2824 2825 2551 
2201 2358 2995 2468 
2202 2486 2840 2839 
2203 2506 2951 2575 
2204 2913 3055 2914 
2205 2834 2949 2242 
2206 2597 3148 2949 
2207 3028 3098 3031 
2208 2262 3005 2689 
2209 2269 3153 2688 
2210 2855 2987 2296 
2211 2660 2988 2662 
2212 2842 2953 2396 
2213 3043 3044 3042 
2214 2243 2760 2759 
2215 2448 2907 387 
2216 2903 2905 405 
2217 2479 3065 2964 
2218 3018 3157 918 
2219 2434 3166 2888 
2220 2648 2965 2846 
2221 2847 3012 2251 
2222 2829 2830 2247 
2223 2860 3010 2428 
2224 2598 3164 2953 
2225 2423 2864 2863 
2226 2874 2920 2427 
2227 2366 2722 2721 
2228 2875 2947 2654 
2229 396 2905 2448 
2230 2848 2849 2416 
2231 2920 3154 2651 
2232 819 3003 2871 
2233 2433 2943 2891 
2234 2499 2837 2836 
2235 2415 3009 2886 
2236 2631 3088 3087 
2237 3008 3104 2793 
2238 2462 3003 828 
2239 2392 2966 2383 
2240 2627 3108 2930 
2241 3013 3169 2169 
2242 2811 2812 2246 
2243 2331 2963 2336 
2244 2325 2960 2479 
2245 2386 2966 2393 
2246 2374 2922 2381 
2247 2534 3041 2603 
2248 2919 2956 2536 
2249 2275 2609 2608 
2250 2690 3120 3084 
2251 2546 3183 3168 
2252 3082 3184 2401 
2253 2866 2867 2457 
2254 2908 2911 2909 
2255 3051 3167 2620 
2256 2583 3034 2613 
2257 2376 3033 2379 
2258 2461 3109 3070 
2259 3011 3095 2999 
2260 2902 3116 2901 
2261 2595 3158 2478 
2262 2404 3032 2408 
2263 2564 3104 3008 
2264 2420 3039 2422 
2265 2769 3071 2323 
2266 2270 3153 3084 
2267 2583 2612 2582 
2268 3028 3030 3029 
2269 2960 3065 2479 
2270 2503 3008 2793 
2271 2985 3062 2802 
2272 2451 3039 2420 
2273 873 3060 3059 
2274 2898 2918 2442 
2275 2274 3089 3023 
2276 909 3157 2385 
2277 2504 3040 2951 
2278 2410 3050 2414 
2279 2899 3006 2405 
2280 2510 3099 2601 
2281 2871 2974 2973 
2282 2395 3080 2671 
2283 2289 3133 2938 
2284 3091 3092 2676 
2285 2254 2877 2876 
2286 2432 3056 2436 
2287 2498 2972 2841 
2288 2517 3052 2515 
2289 3088 3184 2473 
2290 2223 3015 2302 
2291 2950 3190 2643 
2292 2304 2933 540 
2293 2997 2998 2500 
2294 2633 3057 2859 
2295 891 3027 2389 
2296 2244 3059 3058 
2297 2775 3073 2937 
2298 2571 3186 2936 
2299 2435 3176 2702 
2300 3030 3081 2983 
2301 2687 3120 2485 
2302 2936 3186 2531 
2303 2446 3032 2404 
2304 2591 3187 3136 
2305 2972 3172 2471 
2306 2526 3073 2521 
2307 2910 2945 2915 
2308 2905 3037 2448 
2309 2907 2908 2450 
2310 972 3072 2304 
2311 2379 3033 2394 
2312 2588 3064 2968 
2313 3017 3046 3019 
2314 2261 3187 3089 
2315 2445 3050 2410 
2316 2389 3060 882 
2317 981 2933 2303 
2318 2872 3069 2869 
2319 2755 3025 3024 
2320 2524 2954 2525 
2321 2385 3027 900 
2322 3059 3060 3029 
2323 2662 2988 2668 
2324 2775 3052 2517 
2325 2580 3124 2636 
2326 2447 3125 3007 
2327 2719 3144 3000 
2328 2437 3083 2897 
2329 3129 3178 2475 
2330 2408 3032 2445 
2331 2444 3056 2432 
2332 2381 3033 2376 
2333 2464 3067 2343 
2334 2702 3179 2435 
2335 2274 3191 3089 
2336 2463 3105 3007 
2337 2672 3080 3079 
2338 2725 3092 2722 
2339 2515 3052 2696 
2340 2414 3050 2419 
2341 2528 3134 3074 
2342 2579 3114 2994 
2343 2582 3135 2535 
2344 2722 3092 3091 
2345 2815 3086 2814 
2346 3027 3028 2389 
2347 2422 3039 2429 
2348 2676 3128 3091 
2349 2521 3073 2519 
2350 2630 3189 2537 
2351 2629 3147 3146 
2352 3029 3030 2983 
2353 2343 3067 2346 
2354 2559 3093 3004 
2355 354 3143 2921 
2356 2304 2934 2933 
2357 2969 3163 2686 
2358 2390 3194 2400 
2359 2870 3014 2872 
2360 3069 3086 2815 
2361 2709 3116 2902 
2362 2643 3190 2642 
2363 2630 3138 3100 
2364 2436 3056 2443 
2365 3042 3044 2470 
2366 2715 3096 2234 
2367 2565 3062 2985 
2368 2535 3135 2954 
2369 2272 3113 3112 
2370 2937 3073 2526 
2371 2314 3103 2959 
2372 2534 3119 3041 
2373 2557 3093 2559 
2374 2519 3073 2775 
2375 2756 3103 2314 
2376 2697 3155 2497 
2377 2483 3102 2764 
2378 2879 3106 2877 
2379 2329 3104 2772 
2380 2234 3096 2717 
2381 2764 3102 2765 
2382 2810 3146 2581 
2383 2566 3117 3101 
2384 2768 3102 2483 
2385 2704 3151 2958 
2386 2793 3104 2329 
2387 3063 3160 2472 
2388 2323 3107 2776 
2389 2721 3091 2691 
2390 2757 3103 2756 
2391 3119 3188 2532 
2392 2996 3076 2265 
2393 2367 3094 2713 
2394 2340 3108 2770 
2395 2586 3180 2567 
2396 3100 3138 2511 
2397 2785 3114 2786 
2398 2913 3078 3034 
2399 2780 3147 2930 
2400 3058 3059 3029 
2401 2770 3108 2771 
2402 2930 3108 2340 
2403 2634 3034 2583 
2404 2709 3192 3116 
2405 2335 3114 2785 
2406 2990 3161 2661 
2407 3063 3159 2407 
2408 2901 3116 2441 
2409 2686 3163 2275 
2410 2350 3115 2800 
2411 2651 3154 3010 
2412 2281 3174 2998 
2413 2581 3147 2780 
2414 2695 3126 2573 
2415 2814 3086 2817 
2416 2473 3184 3082 
2417 2994 3114 2335 
2418 2958 3151 2884 
2419 2634 3055 3034 
2420 2800 3115 2801 
2421 2282 3123 3095 
2422 3041 3119 2522 
2423 2990 3152 2883 
2424 2928 3093 2557 
2425 2663 3161 2990 
2426 2502 3141 3053 
2427 2722 3091 2721 
2428 3031 3087 3030 
2429 3100 3189 2630 
2430 2948 3094 2367 
2431 3051 3193 2425 
2432 3071 3107 2323 
2433 2730 3144 3068 
2434 2877 3106 2880 
2435 2691 3128 2262 
2436 3110 3111 2806 
2437 2567 3180 2572 
2438 3068 3144 2719 
2439 2652 3156 2920 
2440 2403 3159 3070 
2441 3015 3054 2302 
2442 2983 3058 3029 
2443 2922 3173 2923 
2444 2661 3161 2943 
2445 2242 3148 2794 
2446 2884 3151 2253 
2447 3004 3093 2356 
2448 2883 3152 2252 
2449 2846 3145 2250 
2450 3054 3055 2634 
2451 2951 3040 2338 
2452 2251 3150 2862 
2453 2597 3149 3148 
2454 2842 3149 2953 
2455 2428 3154 2874 
2456 2957 3188 2533 
2457 2949 3148 2242 
2458 2427 3156 2875 
2459 2456 3086 3069 
2460 2965 3145 2846 
2461 2262 3128 3005 
2462 2396 3164 2835 
2463 3012 3150 2251 
2464 2794 3149 2842 
2465 2874 3154 2920 
2466 2674 3169 3013 
2467 3010 3154 2428 
2468 2920 3156 2427 
2469 2875 3156 2947 
2470 3084 3153 2264 
2471 2891 3161 2663 
2472 3079 3080 2727 
2473 2953 3164 2396 
2474 2943 3161 2891 
2475 3087 3088 2473 
2476 3136 3187 2590 
2477 2533 3188 2534 
2478 3030 3087 3081 
2479 2935 3055 3054 
2480 2710 3106 2879 
2481 2275 3163 2609 
2482 2888 3166 2669 
2483 2862 3166 2434 
2484 3099 3138 2601 
2485 2425 3167 3051 
2486 2601 3138 2630 
2487 2947 3156 2652 
2488 2385 3098 3027 
2489 2930 3147 2629 
2490 2919 3142 2532 
2491 2898 3192 2918 
2492 2534 3188 3119 
2493 2441 3192 2898 
2494 2384 3189 3100 
2495 3146 3147 2581 
2496 3089 3191 2261 
2497 2536 3142 2919 
2498 3043 3175 3044 
2499 3066 3185 2542 
2500 2298 3085 3075 
2501 3027 3098 3028 
2502 2538 3130 3009 
2503 2628 3111 3110 
2504 3034 3078 2613 
2505 3091 3128 2691 
2506 3034 3055 2913 
2507 3046 3137 2631 
2508 3095 3123 2281 
2509 3007 3105 2447 
2510 3070 3109 2403 
2511 3112 3113 2271 
2512 3148 3149 2794 
2513 3116 3192 2441 
2514 3150 3166 2862 
2515 2511 3138 3099 
2516 2935 3054 3015 
2517 3101 3117 2362 
2518 3081 3087 2473 
2519 2407 3160 3063 
2520 3005 3128 2676 
2521 2666 3152 2990 
2522 2669 3166 3150 
2523 2302 2306 2214 
2524 2322 3071 2769 
2525 2324 2906 2777 
2526 2765 2766 2327 
2527 2692 2995 2354 
2528 2713 2922 2373 
2529 2861 2864 2423 
2530 2887 2943 2433 
2531 2895 3083 2437 
2532 2443 2449 2440 
2533 2458 2701 2698 
2534 2512 2712 2611 
2535 2689 2969 2606 
2536 2642 2773 2641 
2537 2863 2965 2648 
2538 2654 3012 2847 
2539 2701 2711 2706 
2540 2782 2825 2824 
2 1 3 1863
2541 338 339 2206 2197 
2542 2197 2206 2207 2198 
2543 2198 2207 2208 2199 
2544 2199 2208 2209 2200 
2545 2200 2209 2210 2201 
2546 2201 2210 2211 2202 
2547 2202 2211 2212 2203 
2548 2203 2212 2213 2204 
2549 2204 2213 2214 2205 
2550 339 129 2215 2206 
2551 2206 2215 2216 2207 
2552 2207 2216 2217 2208 
2553 2208 2217 2218 2209 
2554 2209 2218 2219 2210 
2555 2210 2219 2220 2211 
2556 2211 2220 2221 2212 
2557 2212 2221 2222 2213 
2558 2213 2222 2223 2214 
2559 129 135 1099 2215 
2560 2215 1099 1100 2216 
2561 2216 1100 1101 2217 
2562 2217 1101 1102 2218 
2563 2218 1102 1103 2219 
2564 2219 1103 1104 2220 
2565 2220 1104 1105 2221 
2566 2221 1105 1106 2222 
2567 2222 1106 1107 2223 
2568 135 136 973 1099 
2569 1099 973 974 1100 
2570 1100 974 975 1101 
2571 1101 975 976 1102 
2572 1102 976 977 1103 
2573 1103 977 978 1104 
2574 1104 978 979 1105 
2575 1105 979 980 1106 
2576 1106 980 981 1107 
2577 136 137 532 973 
2578 973 532 533 974 
2579 974 533 534 975 
2580 975 534 535 976 
2581 976 535 536 977 
2582 977 536 537 978 
2583 978 537 538 979 
2584 979 538 539 980 
2585 980 539 540 981 
2586 137 138 964 532 
2587 532 964 965 533 
2588 533 965 966 534 
2589 534 966 967 535 
2590 535 967 968 536 
2591 536 968 969 537 
2592 537 969 970 538 
2593 538 970 971 539 
2594 539 971 972 540 
2595 138 139 667 964 
2596 964 667 668 965 
2597 965 668 669 966 
2598 966 669 670 967 
2599 967 670 671 968 
2600 968 671 672 969 
2601 969 672 673 970 
2602 970 673 674 971 
2603 971 674 675 972 
2604 139 140 415 667 
2605 667 415 416 668 
2606 668 416 417 669 
2607 669 417 418 670 
2608 670 418 419 671 
2609 671 419 420 672 
2610 672 420 421 673 
2611 673 421 422 674 
2612 674 422 423 675 
2613 140 141 370 415 
2614 415 370 371 416 
2615 416 371 372 417 
2616 417 372 373 418 
2617 418 373 374 419 
2618 419 374 375 420 
2619 420 375 376 421 
2620 421 376 377 422 
2621 422 377 378 423 
2622 141 142 541 370 
2623 370 541 542 371 
2624 371 542 543 372 
2625 372 543 544 373 
2626 373 544 545 374 
2627 374 545 546 375 
2628 375 546 547 376 
2629 376 547 548 377 
2630 377 548 549 378 
2631 142 143 658 541 
2632 541 658 659 542 
2633 542 659 660 543 
2634 543 660 661 544 
2635 544 661 662 545 
2636 545 662 663 546 
2637 546 663 664 547 
2638 547 664 665 548 
2639 548 665 666 549 
2640 143 144 379 658 
2641 658 379 380 659 
2642 659 380 381 660 
2643 660 381 382 661 
2644 661 382 383 662 
2645 662 383 384 663 
2646 663 384 385 664 
2647 664 385 386 665 
2648 665 386 387 666 
2649 144 145 388 379 
2650 379 388 389 380 
2651 380 389 390 381 
2652 381 390 391 382 
2653 382 391 392 383 
2654 383 392 393 384 
2655 384 393 394 385 
2656 385 394 395 386 
2657 386 395 396 387 
2658 145 146 397 388 
2659 388 397 398 389 
2660 389 398 399 390 
2661 390 399 400 391 
2662 391 400 401 392 
2663 392 401 402 393 
2664 393 402 403 394 
2665 394 403 404 395 
2666 395 404 405 396 
2667 146 147 406 397 
2668 397 406 407 398 
2669 398 407 408 399 
2670 399 408 409 400 
2671 400 409 410 401 
2672 401 410 411 402 
2673 402 411 412 403 
2674 403 412 413 404 
2675 404 413 414 405 
2676 147 148 550 406 
2677 406 550 551 407 
2678 407 551 552 408 
2679 408 552 553 409 
2680 409 553 554 410 
2681 410 554 555 411 
2682 411 555 556 412 
2683 412 556 557 413 
2684 413 557 558 414 
2685 148 149 559 550 
2686 550 559 560 551 
2687 551 560 561 552 
2688 552 561 562 553 
2689 553 562 563 554 
2690 554 563 564 555 
2691 555 564 565 556 
2692 556 565 566 557 
2693 557 566 567 558 
2694 149 150 568 559 
2695 559 568 569 560 
2696 560 569 570 561 
2697 561 570 571 562 
2698 562 571 572 563 
2699 563 572 573 564 
2700 564 573 574 565 
2701 565 574 575 566 
2702 566 575 576 567 
2703 150 151 982 568 
2704 568 982 983 569 
2705 569 983 984 570 
2706 570 984 985 571 
2707 571 985 986 572 
2708 572 986 987 573 
2709 573 987 988 574 
2710 574 988 989 575 
2711 575 989 990 576 
2712 151 152 991 982 
2713 982 991 992 983 
2714 983 992 993 984 
2715 984 993 994 985 
2716 985 994 995 986 
2717 986 995 996 987 
2718 987 996 997 988 
2719 988 997 998 989 
2720 989 998 999 990 
2721 152 153 1000 991 
2722 991 1000 1001 992 
2723 992 1001 1002 993 
2724 993 1002 1003 994 
2725 994 1003 1004 995 
2726 995 1004 1005 996 
2727 996 1005 1006 997 
2728 997 1006 1007 998 
2729 998 1007 1008 999 
2730 153 154 1063 1000 
2731 1000 1063 1064 1001 
2732 1001 1064 1065 1002 
2733 1002 1065 1066 1003 
2734 1003 1066 1067 1004 
2735 1004 1067 1068 1005 
2736 1005 1068 1069 1006 
2737 1006 1069 1070 1007 
2738 1007 1070 1071 1008 
2739 154 155 1072 1063 
2740 1063 1072 1073 1064 
2741 1064 1073 1074 1065 
2742 1065 1074 1075 1066 
2743 1066 1075 1076 1067 
2744 1067 1076 1077 1068 
2745 1068 1077 1078 1069 
2746 1069 1078 1079 1070 
2747 1070 1079 1080 1071 
2748 155 156 1081 1072 
2749 1072 1081 1082 1073 
2750 1073 1082 1083 1074 
2751 1074 1083 1084 1075 
2752 1075 1084 1085 1076 
2753 1076 1085 1086 1077 
2754 1077 1086 1087 1078 
2755 1078 1087 1088 1079 
2756 1079 1088 1089 1080 
2757 156 157 1090 1081 
2758 1081 1090 1091 1082 
2759 1082 1091 1092 1083 
2760 1083 1092 1093 1084 
2761 1084 1093 1094 1085 
2762 1085 1094 1095 1086 
2763 1086 1095 1096 1087 
2764 1087 1096 1097 1088 
2765 1088 1097 1098 1089 
2766 157 158 487 1090 
2767 1090 487 488 1091 
2768 1091 488 489 1092 
2769 1092 489 490 1093 
2770 1093 490 491 1094 
2771 1094 491 492 1095 
2772 1095 492 493 1096 
2773 1096 493 494 1097 
2774 1097 494 495 1098 
2775 158 159 496 487 
2776 487 496 497 488 
2777 488 497 498 489 
2778 489 498 499 490 
2779 490 499 500 491 
2780 491 500 501 492 
2781 492 501 502 493 
2782 493 502 503 494 
2783 494 503 504 495 
2784 159 160 505 496 
2785 496 505 506 497 
2786 497 506 507 498 
2787 498 507 508 499 
2788 499 508 509 500 
2789 500 509 510 501 
2790 501 510 511 502 
2791 502 511 512 503 
2792 503 512 513 504 
2793 160 161 514 505 
2794 505 514 515 506 
2795 506 515 516 507 
2796 507 516 517 508 
2797 508 517 518 509 
2798 509 518 519 510 
2799 510 519 520 511 
2800 511 520 521 512 
2801 512 521 522 513 
2802 161 162 523 514 
2803 514 523 524 515 
2804 515 524 525 516 
2805 516 525 526 517 
2806 517 526 527 518 
2807 518 527 528 519 
2808 519 528 529 520 
2809 520 529 530 521 
2810 521 530 531 522 
2811 162 163 1189 523 
2812 523 1189 1190 524 
2813 524 1190 1191 525 
2814 525 1191 1192 526 
2815 526 1192 1193 527 
2816 527 1193 1194 528 
2817 528 1194 1195 529 
2818 529 1195 1196 530 
2819 530 1196 1197 531 
2820 163 164 1198 1189 
2821 1189 1198 1199 1190 
2822 1190 1199 1200 1191 
2823 1191 1200 1201 1192 
2824 1192 1201 1202 1193 
2825 1193 1202 1203 1194 
2826 1194 1203 1204 1195 
2827 1195 1204 1205 1196 
2828 1196 1205 1206 1197 
2829 164 165 1207 1198 
2830 1198 1207 1208 1199 
2831 1199 1208 1209 1200 
2832 1200 1209 1210 1201 
2833 1201 1210 1211 1202 
2834 1202 1211 1212 1203 
2835 1203 1212 1213 1204 
2836 1204 1213 1214 1205 
2837 1205 1214 1215 1206 
2838 165 166 1216 1207 
2839 1207 1216 1217 1208 
2840 1208 1217 1218 1209 
2841 1209 1218 1219 1210 
2842 1210 1219 1220 1211 
2843 1211 1220 1221 1212 
2844 1212 1221 1222 1213 
2845 1213 1222 1223 1214 
2846 1214 1223 1224 1215 
2847 166 167 1225 1216 
2848 1216 1225 1226 1217 
2849 1217 1226 1227 1218 
2850 1218 1227 1228 1219 
2851 1219 1228 1229 1220 
2852 1220 1229 1230 1221 
2853 1221 1230 1231 1222 
2854 1222 1231 1232 1223 
2855 1223 1232 1233 1224 
2856 167 168 1009 1225 
2857 1225 1009 1010 1226 
2858 1226 1010 1011 1227 
2859 1227 1011 1012 1228 
2860 1228 1012 1013 1229 
2861 1229 1013 1014 1230 
2862 1230 1014 1015 1231 
2863 1231 1015 1016 1232 
2864 1232 1016 1017 1233 
2865 168 169 1018 1009 
2866 1009 1018 1019 1010 
2867 1010 1019 1020 1011 
2868 1011 1020 1021 1012 
2869 1012 1021 1022 1013 
2870 1013 1022 1023 1014 
2871 1014 1023 1024 1015 
2872 1015 1024 1025 1016 
2873 1016 1025 1026 1017 
2874 169 170 1027 1018 
2875 1018 1027 1028 1019 
2876 1019 1028 1029 1020 
2877 1020 1029 1030 1021 
2878 1021 1030 1031 1022 
2879 1022 1031 1032 1023 
2880 1023 1032 1033 1024 
2881 1024 1033 1034 1025 
2882 1025 1034 1035 1026 
2883 170 171 1036 1027 
2884 1027 1036 1037 1028 
2885 1028 1037 1038 1029 
2886 1029 1038 1039 1030 
2887 1030 1039 1040 1031 
2888 1031 1040 1041 1032 
2889 1032 1041 1042 1033 
2890 1033 1042 1043 1034 
2891 1034 1043 1044 1035 
2892 171 172 1045 1036 
2893 1036 1045 1046 1037 
2894 1037 1046 1047 1038 
2895 1038 1047 1048 1039 
2896 1039 1048 1049 1040 
2897 1040 1049 1050 1041 
2898 1041 1050 1051 1042 
2899 1042 1051 1052 1043 
2900 1043 1052 1053 1044 
2901 172 173 1054 1045 
2902 1045 1054 1055 1046 
2903 1046 1055 1056 1047 
2904 1047 1056 1057 1048 
2905 1048 1057 1058 1049 
2906 1049 1058 1059 1050 
2907 1050 1059 1060 1051 
2908 1051 1060 1061 1052 
2909 1052 1061 1062 1053 
2910 173 174 676 1054 
2911 1054 676 677 1055 
2912 1055 677 678 1056 
2913 1056 678 679 1057 
2914 1057 679 680 1058 
2915 1058 680 681 1059 
2916 1059 681 682 1060 
2917 1060 682 683 1061 
2918 1061 683 684 1062 
2919 174 175 685 676 
2920 676 685 686 677 
2921 677 686 687 678 
2922 678 687 688 679 
2923 679 688 689 680 
2924 680 689 690 681 
2925 681 690 691 682 
2926 682 691 692 683 
2927 683 692 693 684 
2928 175 176 694 685 
2929 685 694 695 686 
2930 686 695 696 687 
2931 687 696 697 688 
2932 688 697 698 689 
2933 689 698 699 690 
2934 690 699 700 691 
2935 691 700 701 692 
2936 692 701 702 693 
2937 176 177 703 694 
2938 694 703 704 695 
2939 695 704 705 696 
2940 696 705 706 697 
2941 697 706 707 698 
2942 698 707 708 699 
2943 699 708 709 700 
2944 700 709 710 701 
2945 701 710 711 702 
2946 177 178 712 703 
2947 703 712 713 704 
2948 704 713 714 705 
2949 705 714 715 706 
2950 706 715 716 707 
2951 707 716 717 708 
2952 708 717 718 709 
2953 709 718 719 710 
2954 710 719 720 711 
2955 178 179 721 712 
2956 712 721 722 713 
2957 713 722 723 714 
2958 714 723 724 715 
2959 715 724 725 716 
2960 716 725 726 717 
2961 717 726 727 718 
2962 718 727 728 719 
2963 719 728 729 720 
2964 179 180 424 721 
2965 721 424 425 722 
2966 722 425 426 723 
2967 723 426 427 724 
2968 724 427 428 725 
2969 725 428 429 726 
2970 726 429 430 727 
2971 727 430 431 728 
2972 728 431 432 729 
2973 180 181 433 424 
2974 424 433 434 425 
2975 425 434 435 426 
2976 426 435 436 427 
2977 427 436 437 428 
2978 428 437 438 429 
2979 429 438 439 430 
2980 430 439 440 431 
2981 431 440 441 432 
2982 181 182 442 433 
2983 433 442 443 434 
2984 434 443 444 435 
2985 435 444 445 436 
2986 436 445 446 437 
2987 437 446 447 438 
2988 438 447 448 439 
2989 439 448 449 440 
2990 440 449 450 441 
2991 182 183 451 442 
2992 442 451 452 443 
2993 443 452 453 444 
2994 444 453 454 445 
2995 445 454 455 446 
2996 446 455 456 447 
2997 447 456 457 448 
2998 448 457 458 449 
2999 449 458 459 450 
3000 183 184 460 451 
3001 451 460 461 452 
3002 452 461 462 453 
3003 453 462 463 454 
3004 454 463 464 455 
3005 455 464 465 456 
3006 456 465 466 457 
3007 457 466 467 458 
3008 458 467 468 459 
3009 184 185 469 460 
3010 460 469 470 461 
3011 461 470 471 462 
3012 462 471 472 463 
3013 463 472 473 464 
3014 464 473 474 465 
3015 465 474 475 466 
3016 466 475 476 467 
3017 467 476 477 468 
3018 185 186 478 469 
3019 469 478 479 470 
3020 470 479 480 471 
3021 471 480 481 472 
3022 472 481 482 473 
3023 473 482 483 474 
3024 474 483 484 475 
3025 475 484 485 476 
3026 476 485 486 477 
3027 186 187 1234 478 
3028 478 1234 1235 479 
3029 479 1235 1236 480 
3030 480 1236 1237 481 
3031 481 1237 1238 482 
3032 482 1238 1239 483 
3033 483 1239 1240 484 
3034 484 1240 1241 485 
3035 485 1241 1242 486 
3036 187 188 1243 1234 
3037 1234 1243 1244 1235 
3038 1235 1244 1245 1236 
3039 1236 1245 1246 1237 
3040 1237 1246 1247 1238 
3041 1238 1247 1248 1239 
3042 1239 1248 1249 1240 
3043 1240 1249 1250 1241 
3044 1241 1250 1251 1242 
3045 188 189 1252 1243 
3046 1243 1252 1253 1244 
3047 1244 1253 1254 1245 
3048 1245 1254 1255 1246 
3049 1246 1255 1256 1247 
3050 1247 1256 1257 1248 
3051 1248 1257 1258 1249 
3052 1249 1258 1259 1250 
3053 1250 1259 1260 1251 
3054 189 190 1261 1252 
3055 1252 1261 1262 1253 
3056 1253 1262 1263 1254 
3057 1254 1263 1264 1255 
3058 1255 1264 1265 1256 
3059 1256 1265 1266 1257 
3060 1257 1266 1267 1258 
3061 1258 1267 1268 1259 
3062 1259 1268 1269 1260 
3063 190 191 1270 1261 
3064 1261 1270 1271 1262 
3065 1262 1271 1272 1263 
3066 1263 1272 1273 1264 
3067 1264 1273 1274 1265 
3068 1265 1274 1275 1266 
3069 1266 1275 1276 1267 
3070 1267 1276 1277 1268 
3071 1268 1277 1278 1269 
3072 191 192 1279 1270 
3073 1270 1279 1280 1271 
3074 1271 1280 1281 1272 
3075 1272 1281 1282 1273 
3076 1273 1282 1283 1274 
3077 1274 1283 1284 1275 
3078 1275 1284 1285 1276 
3079 1276 1285 1286 1277 
3080 1277 1286 1287 1278 
3081 192 193 1288 1279 
3082 1279 1288 1289 1280 
3083 1280 1289 1290 1281 
3084 1281 1290 1291 1282 
3085 1282 1291 1292 1283 
3086 1283 1292 1293 1284 
3087 1284 1293 1294 1285 
3088 1285 1294 1295 1286 
3089 1286 1295 1296 1287 
3090 193 194 1297 1288 
3091 1288 1297 1298 1289 
3092 1289 1298 1299 1290 
3093 1290 1299 1300 1291 
3094 1291 1300 1301 1292 
3095 1292 1301 1302 1293 
3096 1293 1302 1303 1294 
3097 1294 1303 1304 1295 
3098 1295 1304 1305 1296 
3099 194 195 577 1297 
3100 1297 577 578 1298 
3101 1298 578 579 1299 
3102 1299 579 580 1300 
3103 1300 580 581 1301 
3104 1301 581 582 1302 
3105 1302 582 583 1303 
3106 1303 583 584 1304 
3107 1304 584 585 1305 
3108 195 196 586 577 
3109 577 586 587 578 
3110 578 587 588 579 
3111 579 588 589 580 
3112 580 589 590 581 
3113 581 590 591 582 
3114 582 591 592 583 
3115 583 592 593 584 
3116 584 593 594 585 
3117 196 197 595 586 
3118 586 595 596 587 
3119 587 596 597 588 
3120 588 597 598 589 
3121 589 598 599 590 
3122 590 599 600 591 
3123 591 600 601 592 
3124 592 601 602 593 
3125 593 602 603 594 
3126 197 198 604 595 
3127 595 604 605 596 
3128 596 605 606 597 
3129 597 606 607 598 
3130 598 607 608 599 
3131 599 608 609 600 
3132 600 609 610 601 
3133 601 610 611 602 
3134 602 611 612 603 
3135 198 199 613 604 
3136 604 613 614 605 
3137 605 614 615 606 
3138 606 615 616 607 
3139 607 616 617 608 
3140 608 617 618 609 
3141 609 618 619 610 
3142 610 619 620 611 
3143 611 620 621 612 
3144 199 200 622 613 
3145 613 622 623 614 
3146 614 623 624 615 
3147 615 624 625 616 
3148 616 625 626 617 
3149 617 626 627 618 
3150 618 627 628 619 
3151 619 628 629 620 
3152 620 629 630 621 
3153 200 201 631 622 
3154 622 631 632 623 
3155 623 632 633 624 
3156 624 633 634 625 
3157 625 634 635 626 
3158 626 635 636 627 
3159 627 636 637 628 
3160 628 637 638 629 
3161 629 638 639 630 
3162 201 202 640 631 
3163 631 640 641 632 
3164 632 641 642 633 
3165 633 642 643 634 
3166 634 643 644 635 
3167 635 644 645 636 
3168 636 645 646 637 
3169 637 646 647 638 
3170 638 647 648 639 
3171 202 203 649 640 
3172 640 649 650 641 
3173 641 650 651 642 
3174 642 651 652 643 
3175 643 652 653 644 
3176 644 653 654 645 
3177 645 654 655 646 
3178 646 655 656 647 
3179 647 656 657 648 
3180 203 204 1108 649 
3181 649 1108 1109 650 
3182 650 1109 1110 651 
3183 651 1110 1111 652 
3184 652 1111 1112 653 
3185 653 1112 1113 654 
3186 654 1113 1114 655 
3187 655 1114 1115 656 
3188 656 1115 1116 657 
3189 204 205 1117 1108 
3190 1108 1117 1118 1109 
3191 1109 1118 1119 1110 
3192 1110 1119 1120 1111 
3193 1111 1120 1121 1112 
3194 1112 1121 1122 1113 
3195 1113 1122 1123 1114 
3196 1114 1123 1124 1115 
3197 1115 1124 1125 1116 
3198 205 206 1126 1117 
3199 1117 1126 1127 1118 
3200 1118 1127 1128 1119 
3201 1119 1128 1129 1120 
3202 1120 1129 1130 1121 
3203 1121 1130 1131 1122 
3204 1122 1131 1132 1123 
3205 1123 1132 1133 1124 
3206 1124 1133 1134 1125 
3207 206 207 1135 1126 
3208 1126 1135 1136 1127 
3209 1127 1136 1137 1128 
3210 1128 1137 1138 1129 
3211 1129 1138 1139 1130 
3212 1130 1139 1140 1131 
3213 1131 1140 1141 1132 
3214 1132 1141 1142 1133 
3215 1133 1142 1143 1134 
3216 207 208 1144 1135 
3217 1135 1144 1145 1136 
3218 1136 1145 1146 1137 
3219 1137 1146 1147 1138 
3220 1138 1147 1148 1139 
3221 1139 1148 1149 1140 
3222 1140 1149 1150 1141 
3223 1141 1150 1151 1142 
3224 1142 1151 1152 1143 
3225 208 209 1153 1144 
3226 1144 1153 1154 1145 
3227 1145 1154 1155 1146 
3228 1146 1155 1156 1147 
3229 1147 1156 1157 1148 
3230 1148 1157 1158 1149 
3231 1149 1158 1159 1150 
3232 1150 1159 1160 1151 
3233 1151 1160 1161 1152 
3234 209 210 1162 1153 
3235 1153 1162 1163 1154 
3236 1154 1163 1164 1155 
3237 1155 1164 1165 1156 
3238 1156 1165 1166 1157 
3239 1157 1166 1167 1158 
3240 1158 1167 1168 1159 
3241 1159 1168 1169 1160 
3242 1160 1169 1170 1161 
3243 210 211 1171 1162 
3244 1162 1171 1172 1163 
3245 1163 1172 1173 1164 
3246 1164 1173 1174 1165 
3247 1165 1174 1175 1166 
3248 1166 1175 1176 1167 
3249 1167 1176 1177 1168 
3250 1168 1177 1178 1169 
3251 1169 1178 1179 1170 
3252 211 212 1180 1171 
3253 1171 1180 1181 1172 
3254 1172 1181 1182 1173 
3255 1173 1182 1183 1174 
3256 1174 1183 1184 1175 
3257 1175 1184 1185 1176 
3258 1176 1185 1186 1177 
3259 1177 1186 1187 1178 
3260 1178 1187 1188 1179 
3261 212 213 730 1180 
3262 1180 730 731 1181 
3263 1181 731 732 1182 
3264 1182 732 733 1183 
3265 1183 733 734 1184 
3266 1184 734 735 1185 
3267 1185 735 736 1186 
3268 1186 736 737 1187 
3269 1187 737 738 1188 
3270 213 214 739 730 
3271 730 739 740 731 
3272 731 740 741 732 
3273 732 741 742 733 
3274 733 742 743 734 
3275 734 743 744 735 
3276 735 744 745 736 
3277 736 745 746 737 
3278 737 746 747 738 
3279 214 215 748 739 
3280 739 748 749 740 
3281 740 749 750 741 
3282 741 750 751 742 
3283 742 751 752 743 
3284 743 752 753 744 
3285 744 753 754 745 
3286 745 754 755 746 
3287 746 755 756 747 
3288 215 216 757 748 
3289 748 757 758 749 
3290 749 758 759 750 
3291 750 759 760 751 
3292 751 760 761 752 
3293 752 761 762 753 
3294 753 762 763 754 
3295 754 763 764 755 
3296 755 764 765 756 
3297 216 217 766 757 
3298 757 766 767 758 
3299 758 767 768 759 
3300 759 768 769 760 
3301 760 769 770 761 
3302 761 770 771 762 
3303 762 771 772 763 
3304 763 772 773 764 
3305 764 773 774 765 
3306 217 218 775 766 
3307 766 775 776 767 
3308 767 776 777 768 
3309 768 777 778 769 
3310 769 778 779 770 
3311 770 779 780 771 
3312 771 780 781 772 
3313 772 781 782 773 
3314 773 782 783 774 
3315 218 219 784 775 
3316 775 784 785 776 
3317 776 785 786 777 
3318 777 786 787 778 
3319 778 787 788 779 
3320 779 788 789 780 
3321 780 789 790 781 
3322 781 790 791 782 
3323 782 791 792 783 
3324 219 220 793 784 
3325 784 793 794 785 
3326 785 794 795 786 
3327 786 795 796 787 
3328 787 796 797 788 
3329 788 797 798 789 
3330 789 798 799 790 
3331 790 799 800 791 
3332 791 800 801 792 
3333 220 221 802 793 
3334 793 802 803 794 
3335 794 803 804 795 
3336 795 804 805 796 
3337 796 805 806 797 
3338 797 806 807 798 
3339 798 807 808 799 
3340 799 808 809 800 
3341 800 809 810 801 
3342 221 222 811 802 
3343 802 811 812 803 
3344 803 812 813 804 
3345 804 813 814 805 
3346 805 814 815 806 
3347 806 815 816 807 
3348 807 816 817 808 
3349 808 817 818 809 
3350 809 818 819 810 
3351 222 223 820 811 
3352 811 820 821 812 
3353 812 821 822 813 
3354 813 822 823 814 
3355 814 823 824 815 
3356 815 824 825 816 
3357 816 825 826 817 
3358 817 826 827 818 
3359 818 827 828 819 
3360 223 224 829 820 
3361 820 829 830 821 
3362 821 830 831 822 
3363 822 831 832 823 
3364 823 832 833 824 
3365 824 833 834 825 
3366 825 834 835 826 
3367 826 835 836 827 
3368 827 836 837 828 
3369 224 225 838 829 
3370 829 838 839 830 
3371 830 839 840 831 
3372 831 840 841 832 
3373 832 841 842 833 
3374 833 842 843 834 
3375 834 843 844 835 
3376 835 844 845 836 
3377 836 845 846 837 
3378 225 226 847 838 
3379 838 847 848 839 
3380 839 848 849 840 
3381 840 849 850 841 
3382 841 850 851 842 
3383 842 851 852 843 
3384 843 852 853 844 
3385 844 853 854 845 
3386 845 854 855 846 
3387 226 227 856 847 
3388 847 856 857 848 
3389 848 857 858 849 
3390 849 858 859 850 
3391 850 859 860 851 
3392 851 860 861 852 
3393 852 861 862 853 
3394 853 862 863 854 
3395 854 863 864 855 
3396 227 228 865 856 
3397 856 865 866 857 
3398 857 866 867 858 
3399 858 867 868 859 
3400 859 868 869 860 
3401 860 869 870 861 
3402 861 870 871 862 
3403 862 871 872 863 
3404 863 872 873 864 
3405 228 229 874 865 
3406 865 874 875 866 
3407 866 875 876 867 
3408 867 876 877 868 
3409 868 877 878 869 
3410 869 878 879 870 
3411 870 879 880 871 
3412 871 880 881 872 
3413 872 881 882 873 
3414 229 230 883 874 
3415 874 883 884 875 
3416 875 884 885 876 
3417 876 885 886 877 
3418 877 886 887 878 
3419 878 887 888 879 
3420 879 888 889 880 
3421 880 889 890 881 
3422 881 890 891 882 
3423 230 231 892 883 
3424 883 892 893 884 
3425 884 893 894 885 
3426 885 894 895 886 
3427 886 895 896 887 
3428 887 896 897 888 
3429 888 897 898 889 
3430 889 898 899 890 
3431 890 899 900 891 
3432 231 232 901 892 
3433 892 901 902 893 
3434 893 902 903 894 
3435 894 903 904 895 
3436 895 904 905 896 
3437 896 905 906 897 
3438 897 906 907 898 
3439 898 907 908 899 
3440 899 908 909 900 
3441 232 233 910 901 
3442 901 910 911 902 
3443 902 911 912 903 
3444 903 912 913 904 
3445 904 913 914 905 
3446 905 914 915 906 
3447 906 915 916 907 
3448 907 916 917 908 
3449 908 917 918 909 
3450 233 234 919 910 
3451 910 919 920 911 
3452 911 920 921 912 
3453 912 921 922 913 
3454 913 922 923 914 
3455 914 923 924 915 
3456 915 924 925 916 
3457 916 925 926 917 
3458 917 926 927 918 
3459 234 235 928 919 
3460 919 928 929 920 
3461 920 929 930 921 
3462 921 930 931 922 
3463 922 931 932 923 
3464 923 932 933 924 
3465 924 933 934 925 
3466 925 934 935 926 
3467 926 935 936 927 
3468 235 236 937 928 
3469 928 937 938 929 
3470 929 938 939 930 
3471 930 939 940 931 
3472 931 940 941 932 
3473 932 941 942 933 
3474 933 942 943 934 
3475 934 943 944 935 
3476 935 944 945 936 
3477 236 237 946 937 
3478 937 946 947 938 
3479 938 947 948 939 
3480 939 948 949 940 
3481 940 949 950 941 
3482 941 950 951 942 
3483 942 951 952 943 
3484 943 952 953 944 
3485 944 953 954 945 
3486 237 238 955 946 
3487 946 955 956 947 
3488 947 956 957 948 
3489 948 957 958 949 
3490 949 958 959 950 
3491 950 959 960 951 
3492 951 960 961 952 
3493 952 961 962 953 
3494 953 962 963 954 
3495 238 239 1306 955 
3496 955 1306 1307 956 
3497 956 1307 1308 957 
3498 957 1308 1309 958 
3499 958 1309 1310 959 
3500 959 1310 1311 960 
3501 960 1311 1312 961 
3502 961 1312 1313 962 
3503 962 1313 1314 963 
3504 239 240 1315 1306 
3505 1306 1315 1316 1307 
3506 1307 1316 1317 1308 
3507 1308 1317 1318 1309 
3508 1309 1318 1319 1310 
3509 1310 1319 1320 1311 
3510 1311 1320 1321 1312 
3511 1312 1321 1322 1313 
3512 1313 1322 1323 1314 
3513 240 241 1324 1315 
3514 1315 1324 1325 1316 
3515 1316 1325 1326 1317 
3516 1317 1326 1327 1318 
3517 1318 1327 1328 1319 
3518 1319 1328 1329 1320 
3519 1320 1329 1330 1321 
3520 1321 1330 1331 1322 
3521 1322 1331 1332 1323 
3522 241 242 1333 1324 
3523 1324 1333 1334 1325 
3524 1325 1334 1335 1326 
3525 1326 1335 1336 1327 
3526 1327 1336 1337 1328 
3527 1328 1337 1338 1329 
3528 1329 1338 1339 1330 
3529 1330 1339 1340 1331 
3530 1331 1340 1341 1332 
3531 242 243 1342 1333 
3532 1333 1342 1343 1334 
3533 1334 1343 1344 1335 
3534 1335 1344 1345 1336 
3535 1336 1345 1346 1337 
3536 1337 1346 1347 1338 
3537 1338 1347 1348 1339 
3538 1339 1348 1349 1340 
3539 1340 1349 1350 1341 
3540 243 244 1351 1342 
3541 1342 1351 1352 1343 
3542 1343 1352 1353 1344 
3543 1344 1353 1354 1345 
3544 1345 1354 1355 1346 
3545 1346 1355 1356 1347 
3546 1347 1356 1357 1348 
3547 1348 1357 1358 1349 
3548 1349 1358 1359 1350 
3549 244 245 1360 1351 
3550 1351 1360 1361 1352 
3551 1352 1361 1362 1353 
3552 1353 1362 1363 1354 
3553 1354 1363 1364 1355 
3554 1355 1364 1365 1356 
3555 1356 1365 1366 1357 
3556 1357 1366 1367 1358 
3557 1358 1367 1368 1359 
3558 245 246 1369 1360 
3559 1360 1369 1370 1361 
3560 1361 1370 1371 1362 
3561 1362 1371 1372 1363 
3562 1363 1372 1373 1364 
3563 1364 1373 1374 1365 
3564 1365 1374 1375 1366 
3565 1366 1375 1376 1367 
3566 1367 1376 1377 1368 
3567 246 247 1378 1369 
3568 1369 1378 1379 1370 
3569 1370 1379 1380 1371 
3570 1371 1380 1381 1372 
3571 1372 1381 1382 1373 
3572 1373 1382 1383 1374 
3573 1374 1383 1384 1375 
3574 1375 1384 1385 1376 
3575 1376 1385 1386 1377 
3576 247 248 1387 1378 
3577 1378 1387 1388 1379 
3578 1379 1388 1389 1380 
3579 1380 1389 1390 1381 
3580 1381 1390 1391 1382 
3581 1382 1391 1392 1383 
3582 1383 1392 1393 1384 
3583 1384 1393 1394 1385 
3584 1385 1394 1395 1386 
3585 248 249 1396 1387 
3586 1387 1396 1397 1388 
3587 1388 1397 1398 1389 
3588 1389 1398 1399 1390 
3589 1390 1399 1400 1391 
3590 1391 1400 1401 1392 
3591 1392 1401 1402 1393 
3592 1393 1402 1403 1394 
3593 1394 1403 1404 1395 
3594 249 250 1405 1396 
3595 1396 1405 1406 1397 
3596 1397 1406 1407 1398 
3597 1398 1407 1408 1399 
3598 1399 1408 1409 1400 
3599 1400 1409 1410 1401 
3600 1401 1410 1411 1402 
3601 1402 1411 1412 1403 
3602 1403 1412 1413 1404 
3603 250 251 1414 1405 
3604 1405 1414 1415 1406 
3605 1406 1415 1416 1407 
3606 1407 1416 1417 1408 
3607 1408 1417 1418 1409 
3608 1409 1418 1419 1410 
3609 1410 1419 1420 1411 
3610 1411 1420 1421 1412 
3611 1412 1421 1422 1413 
3612 251 252 1423 1414 
3613 1414 1423 1424 1415 
3614 1415 1424 1425 1416 
3615 1416 1425 1426 1417 
3616 1417 1426 1427 1418 
3617 1418 1427 1428 1419 
3618 1419 1428 1429 1420 
3619 1420 1429 1430 1421 
3620 1421 1430 1431 1422 
3621 252 253 1432 1423 
3622 1423 1432 1433 1424 
3623 1424 1433 1434 1425 
3624 1425 1434 1435 1426 
3625 1426 1435 1436 1427 
3626 1427 1436 1437 1428 
3627 1428 1437 1438 1429 
3628 1429 1438 1439 1430 
3629 1430 1439 1440 1431 
3630 253 254 1441 1432 
3631 1432 1441 1442 1433 
3632 1433 1442 1443 1434 
3633 1434 1443 1444 1435 
3634 1435 1444 1445 1436 
3635 1436 1445 1446 1437 
3636 1437 1446 1447 1438 
3637 1438 1447 1448 1439 
3638 1439 1448 1449 1440 
3639 254 255 1450 1441 
3640 1441 1450 1451 1442 
3641 1442 1451 1452 1443 
3642 1443 1452 1453 1444 
3643 1444 1453 1454 1445 
3644 1445 1454 1455 1446 
3645 1446 1455 1456 1447 
3646 1447 1456 1457 1448 
3647 1448 1457 1458 1449 
3648 255 256 1459 1450 
3649 1450 1459 1460 1451 
3650 1451 1460 1461 1452 
3651 1452 1461 1462 1453 
3652 1453 1462 1463 1454 
3653 1454 1463 1464 1455 
3654 1455 1464 1465 1456 
3655 1456 1465 1466 1457 
3656 1457 1466 1467 1458 
3657 256 257 1468 1459 
3658 1459 1468 1469 1460 
3659 1460 1469 1470 1461 
3660 1461 1470 1471 1462 
3661 1462 1471 1472 1463 
3662 1463 1472 1473 1464 
3663 1464 1473 1474 1465 
3664 1465 1474 1475 1466 
3665 1466 1475 1476 1467 
3666 257 258 1477 1468 
3667 1468 1477 1478 1469 
3668 1469 1478 1479 1470 
3669 1470 1479 1480 1471 
3670 1471 1480 1481 1472 
3671 1472 1481 1482 1473 
3672 1473 1482 1483 1474 
3673 1474 1483 1484 1475 
3674 1475 1484 1485 1476 
3675 258 259 1486 1477 
3676 1477 1486 1487 1478 
3677 1478 1487 1488 1479 
3678 1479 1488 1489 1480 
3679 1480 1489 1490 1481 
3680 1481 1490 1491 1482 
3681 1482 1491 1492 1483 
3682 1483 1492 1493 1484 
3683 1484 1493 1494 1485 
3684 259 260 1495 1486 
3685 1486 1495 1496 1487 
3686 1487 1496 1497 1488 
3687 1488 1497 1498 1489 
3688 1489 1498 1499 1490 
3689 1490 1499 1500 1491 
3690 1491 1500 1501 1492 
3691 1492 1501 1502 1493 
3692 1493 1502 1503 1494 
3693 260 261 1504 1495 
3694 1495 1504 1505 1496 
3695 1496 1505 1506 1497 
3696 1497 1506 1507 1498 
3697 1498 1507 1508 1499 
3698 1499 1508 1509 1500 
3699 1500 1509 1510 1501 
3700 1501 1510 1511 1502 
3701 1502 1511 1512 1503 
3702 261 262 1513 1504 
3703 1504 1513 1514 1505 
3704 1505 1514 1515 1506 
3705 1506 1515 1516 1507 
3706 1507 1516 1517 1508 
3707 1508 1517 1518 1509 
3708 1509 1518 1519 1510 
3709 1510 1519 1520 1511 
3710 1511 1520 1521 1512 
3711 262 263 1522 1513 
3712 1513 1522 1523 1514 
3713 1514 1523 1524 1515 
3714 1515 1524 1525 1516 
3715 1516 1525 1526 1517 
3716 1517 1526 1527 1518 
3717 1518 1527 1528 1519 
3718 1519 1528 1529 1520 
3719 1520 1529 1530 1521 
3720 263 264 1531 1522 
3721 1522 1531 1532 1523 
3722 1523 1532 1533 1524 
3723 1524 1533 1534 1525 
3724 1525 1534 1535 1526 
3725 1526 1535 1536 1527 
3726 1527 1536 1537 1528 
3727 1528 1537 1538 1529 
3728 1529 1538 1539 1530 
3729 264 265 1540 1531 
3730 1531 1540 1541 1532 
3731 1532 1541 1542 1533 
3732 1533 1542 1543 1534 
3733 1534 1543 1544 1535 
3734 1535 1544 1545 1536 
3735 1536 1545 1546 1537 
3736 1537 1546 1547 1538 
3737 1538 1547 1548 1539 
3738 265 266 1549 1540 
3739 1540 1549 1550 1541 
3740 1541 1550 1551 1542 
3741 1542 1551 1552 1543 
3742 1543 1552 1553 1544 
3743 1544 1553 1554 1545 
3744 1545 1554 1555 1546 
3745 1546 1555 1556 1547 
3746 1547 1556 1557 1548 
3747 266 267 1558 1549 
3748 1549 1558 1559 1550 
3749 1550 1559 1560 1551 
3750 1551 1560 1561 1552 
3751 1552 1561 1562 1553 
3752 1553 1562 1563 1554 
3753 1554 1563 1564 1555 
3754 1555 1564 1565 1556 
3755 1556 1565 1566 1557 
3756 267 268 1567 1558 
3757 1558 1567 1568 1559 
3758 1559 1568 1569 1560 
3759 1560 1569 1570 1561 
3760 1561 1570 1571 1562 
3761 1562 1571 1572 1563 
3762 1563 1572 1573 1564 
3763 1564 1573 1574 1565 
3764 1565 1574 1575 1566 
3765 268 269 1576 1567 
3766 1567 1576 1577 1568 
3767 1568 1577 1578 1569 
3768 1569 1578 1579 1570 
3769 1570 1579 1580 1571 
3770 1571 1580 1581 1572 
3771 1572 1581 1582 1573 
3772 1573 1582 1583 1574 
3773 1574 1583 1584 1575 
3774 269 270 1585 1576 
3775 1576 1585 1586 1577 
3776 1577 1586 1587 1578 
3777 1578 1587 1588 1579 
3778 1579 1588 1589 1580 
3779 1580 1589 1590 1581 
3780 1581 1590 1591 1582 
3781 1582 1591 1592 1583 
3782 1583 1592 1593 1584 
3783 270 271 1594 1585 
3784 1585 1594 1595 1586 
3785 1586 1595 1596 1587 
3786 1587 1596 1597 1588 
3787 1588 1597 1598 1589 
3788 1589 1598 1599 1590 
3789 1590 1599 1600 1591 
3790 1591 1600 1601 1592 
3791 1592 1601 1602 1593 
3792 271 272 1603 1594 
3793 1594 1603 1604 1595 
3794 1595 1604 1605 1596 
3795 1596 1605 1606 1597 
3796 1597 1606 1607 1598 
3797 1598 1607 1608 1599 
3798 1599 1608 1609 1600 
3799 1600 1609 1610 1601 
3800 1601 1610 1611 1602 
3801 272 273 1612 1603 
3802 1603 1612 1613 1604 
3803 1604 1613 1614 1605 
3804 1605 1614 1615 1606 
3805 1606 1615 1616 1607 
3806 1607 1616 1617 1608 
3807 1608 1617 1618 1609 
3808 1609 1618 1619 1610 
3809 1610 1619 1620 1611 
3810 273 274 1621 1612 
3811 1612 1621 1622 1613 
3812 1613 1622 1623 1614 
3813 1614 1623 1624 1615 
3814 1615 1624 1625 1616 
3815 1616 1625 1626 1617 
3816 1617 1626 1627 1618 
3817 1618 1627 1628 1619 
3818 1619 1628 1629 1620 
3819 274 275 1630 1621 
3820 1621 1630 1631 1622 
3821 1622 1631 1632 1623 
3822 1623 1632 1633 1624 
3823 1624 1633 1634 1625 
3824 1625 1634 1635 1626 
3825 1626 1635 1636 1627 
3826 1627 1636 1637 1628 
3827 1628 1637 1638 1629 
3828 275 276 1639 1630 
3829 1630 1639 1640 1631 
3830 1631 1640 1641 1632 
3831 1632 1641 1642 1633 
3832 1633 1642 1643 1634 
3833 1634 1643 1644 1635 
3834 1635 1644 1645 1636 
3835 1636 1645 1646 1637 
3836 1637 1646 1647 1638 
3837 276 277 1648 1639 
3838 1639 1648 1649 1640 
3839 1640 1649 1650 1641 
3840 1641 1650 1651 1642 
3841 1642 1651 1652 1643 
3842 1643 1652 1653 1644 
3843 1644 1653 1654 1645 
3844 1645 1654 1655 1646 
3845 1646 1655 1656 1647 
3846 277 278 1657 1648 
3847 1648 1657 1658 1649 
3848 1649 1658 1659 1650 
3849 1650 1659 1660 1651 
3850 1651 1660 1661 1652 
3851 1652 1661 1662 1653 
3852 1653 1662 1663 1654 
3853 1654 1663 1664 1655 
3854 1655 1664 1665 1656 
3855 278 279 1666 1657 
3856 1657 1666 1667 1658 
3857 1658 1667 1668 1659 
3858 1659 1668 1669 1660 
3859 1660 1669 1670 1661 
3860 1661 1670 1671 1662 
3861 1662 1671 1672 1663 
3862 1663 1672 1673 1664 
3863 1664 1673 1674 1665 
3864 279 280 1675 1666 
3865 1666 1675 1676 1667 
3866 1667 1676 1677 1668 
3867 1668 1677 1678 1669 
3868 1669 1678 1679 1670 
3869 1670 1679 1680 1671 
3870 1671 1680 1681 1672 
3871 1672 1681 1682 1673 
3872 1673 1682 1683 1674 
3873 280 281 1684 1675 
3874 1675 1684 1685 1676 
3875 1676 1685 1686 1677 
3876 1677 1686 1687 1678 
3877 1678 1687 1688 1679 
3878 1679 1688 1689 1680 
3879 1680 1689 1690 1681 
3880 1681 1690 1691 1682 
3881 1682 1691 1692 1683 
3882 281 282 1693 1684 
3883 1684 1693 1694 1685 
3884 1685 1694 1695 1686 
3885 1686 1695 1696 1687 
3886 1687 1696 1697 1688 
3887 1688 1697 1698 1689 
3888 1689 1698 1699 1690 
3889 1690 1699 1700 1691 
3890 1691 1700 1701 1692 
3891 282 283 1702 1693 
3892 1693 1702 1703 1694 
3893 1694 1703 1704 1695 
3894 1695 1704 1705 1696 
3895 1696 1705 1706 1697 
3896 1697 1706 1707 1698 
3897 1698 1707 1708 1699 
3898 1699 1708 1709 1700 
3899 1700 1709 1710 1701 
3900 283 284 1711 1702 
3901 1702 1711 1712 1703 
3902 1703 1712 1713 1704 
3903 1704 1713 1714 1705 
3904 1705 1714 1715 1706 
3905 1706 1715 1716 1707 
3906 1707 1716 1717 1708 
3907 1708 1717 1718 1709 
3908 1709 1718 1719 1710 
3909 284 285 1720 1711 
3910 1711 1720 1721 1712 
3911 1712 1721 1722 1713 
3912 1713 1722 1723 1714 
3913 1714 1723 1724 1715 
3914 1715 1724 1725 1716 
3915 1716 1725 1726 1717 
3916 1717 1726 1727 1718 
3917 1718 1727 1728 1719 
3918 285 286 1729 1720 
3919 1720 1729 1730 1721 
3920 1721 1730 1731 1722 
3921 1722 1731 1732 1723 
3922 1723 1732 1733 1724 
3923 1724 1733 1734 1725 
3924 1725 1734 1735 1726 
3925 1726 1735 1736 1727 
3926 1727 1736 1737 1728 
3927 286 287 1738 1729 
3928 1729 1738 1739 1730 
3929 1730 1739 1740 1731 
3930 1731 1740 1741 1732 
3931 1732 1741 1742 1733 
3932 1733 1742 1743 1734 
3933 1734 1743 1744 1735 
3934 1735 1744 1745 1736 
3935 1736 1745 1746 1737 
3936 287 288 1747 1738 
3937 1738 1747 1748 1739 
3938 1739 1748 1749 1740 
3939 1740 1749 1750 1741 
3940 1741 1750 1751 1742 
3941 1742 1751 1752 1743 
3942 1743 1752 1753 1744 
3943 1744 1753 1754 1745 
3944 1745 1754 1755 1746 
3945 288 289 1756 1747 
3946 1747 1756 1757 1748 
3947 1748 1757 1758 1749 
3948 1749 1758 1759 1750 
3949 1750 1759 1760 1751 
3950 1751 1760 1761 1752 
3951 1752 1761 1762 1753 
3952 1753 1762 1763 1754 
3953 1754 1763 1764 1755 
3954 289 290 1765 1756 
3955 1756 1765 1766 1757 
3956 1757 1766 1767 1758 
3957 1758 1767 1768 1759 
3958 1759 1768 1769 1760 
3959 1760 1769 1770 1761 
3960 1761 1770 1771 1762 
3961 1762 1771 1772 1763 
3962 1763 1772 1773 1764 
3963 290 291 1774 1765 
3964 1765 1774 1775 1766 
3965 1766 1775 1776 1767 
3966 1767 1776 1777 1768 
3967 1768 1777 1778 1769 
3968 1769 1778 1779 1770 
3969 1770 1779 1780 1771 
3970 1771 1780 1781 1772 
3971 1772 1781 1782 1773 
3972 291 292 1783 1774 
3973 1774 1783 1784 1775 
3974 1775 1784 1785 1776 
3975 1776 1785 1786 1777 
3976 1777 1786 1787 1778 
3977 1778 1787 1788 1779 
3978 1779 1788 1789 1780 
3979 1780 1789 1790 1781 
3980 1781 1790 1791 1782 
3981 292 293 1792 1783 
3982 1783 1792 1793 1784 
3983 1784 1793 1794 1785 
3984 1785 1794 1795 1786 
3985 1786 1795 1796 1787 
3986 1787 1796 1797 1788 
3987 1788 1797 1798 1789 
3988 1789 1798 1799 1790 
3989 1790 1799 1800 1791 
3990 293 294 1801 1792 
3991 1792 1801 1802 1793 
3992 1793 1802 1803 1794 
3993 1794 1803 1804 1795 
3994 1795 1804 1805 1796 
3995 1796 1805 1806 1797 
3996 1797 1806 1807 1798 
3997 1798 1807 1808 1799 
3998 1799 1808 1809 1800 
3999 294 295 1810 1801 
4000 1801 1810 1811 1802 
4001 1802 1811 1812 1803 
4002 1803 1812 1813 1804 
4003 1804 1813 1814 1805 
4004 1805 1814 1815 1806 
4005 1806 1815 1816 1807 
4006 1807 1816 1817 1808 
4007 1808 1817 1818 1809 
4008 295 296 1819 1810 
4009 1810 1819 1820 1811 
4010 1811 1820 1821 1812 
4011 1812 1821 1822 1813 
4012 1813 1822 1823 1814 
4013 1814 1823 1824 1815 
4014 1815 1824 1825 1816 
4015 1816 1825 1826 1817 
4016 1817 1826 1827 1818 
4017 296 297 1828 1819 
4018 1819 1828 1829 1820 
4019 1820 1829 1830 1821 
4020 1821 1830 1831 1822 
4021 1822 1831 1832 1823 
4022 1823 1832 1833 1824 
4023 1824 1833 1834 1825 
4024 1825 1834 1835 1826 
4025 1826 1835 1836 1827 
4026 297 298 1837 1828 
4027 1828 1837 1838 1829 
4028 1829 1838 1839 1830 
4029 1830 1839 1840 1831 
4030 1831 1840 1841 1832 
4031 1832 1841 1842 1833 
4032 1833 1842 1843 1834 
4033 1834 1843 1844 1835 
4034 1835 1844 1845 1836 
4035 298 299 1846 1837 
4036 1837 1846 1847 1838 
4037 1838 1847 1848 1839 
4038 1839 1848 1849 1840 
4039 1840 1849 1850 1841 
4040 1841 1850 1851 1842 
4041 1842 1851 1852 1843 
4042 1843 1852 1853 1844 
4043 1844 1853 1854 1845 
4044 299 300 1855 1846 
4045 1846 1855 1856 1847 
4046 1847 1856 1857 1848 
4047 1848 1857 1858 1849 
4048 1849 1858 1859 1850 
4049 1850 1859 1860 1851 
4050 1851 1860 1861 1852 
4051 1852 1861 1862 1853 
4052 1853 1862 1863 1854 
4053 300 301 1864 1855 
4054 1855 1864 1865 1856 
4055 1856 1865 1866 1857 
4056 1857 1866 1867 1858 
4057 1858 1867 1868 1859 
4058 1859 1868 1869 1860 
4059 1860 1869 1870 1861 
4060 1861 1870 1871 1862 
4061 1862 1871 1872 1863 
4062 301 302 1873 1864 
4063 1864 1873 1874 1865 
4064 1865 1874 1875 1866 
4065 1866 1875 1876 1867 
4066 1867 1876 1877 1868 
4067 1868 1877 1878 1869 
4068 1869 1878 1879 1870 
4069 1870 1879 1880 1871 
4070 1871 1880 1881 1872 
4071 302 303 1882 1873 
4072 1873 1882 1883 1874 
4073 1874 1883 1884 1875 
4074 1875 1884 1885 1876 
4075 1876 1885 1886 1877 
4076 1877 1886 1887 1878 
4077 1878 1887 1888 1879 
4078 1879 1888 1889 1880 
4079 1880 1889 1890 1881 
4080 303 304 1891 1882 
4081 1882 1891 1892 1883 
4082 1883 1892 1893 1884 
4083 1884 1893 1894 1885 
4084 1885 1894 1895 1886 
4085 1886 1895 1896 1887 
4086 1887 1896 1897 1888 
4087 1888 1897 1898 1889 
4088 1889 1898 1899 1890 
4089 304 305 1900 1891 
4090 1891 1900 1901 1892 
4091 1892 1901 1902 1893 
4092 1893 1902 1903 1894 
4093 1894 1903 1904 1895 
4094 1895 1904 1905 1896 
4095 1896 1905 1906 1897 
4096 1897 1906 1907 1898 
4097 1898 1907 1908 1899 
4098 305 306 1909 1900 
4099 1900 1909 1910 1901 
4100 1901 1910 1911 1902 
4101 1902 1911 1912 1903 
4102 1903 1912 1913 1904 
4103 1904 1913 1914 1905 
4104 1905 1914 1915 1906 
4105 1906 1915 1916 1907 
4106 1907 1916 1917 1908 
4107 306 307 1918 1909 
4108 1909 1918 1919 1910 
4109 1910 1919 1920 1911 
4110 1911 1920 1921 1912 
4111 1912 1921 1922 1913 
4112 1913 1922 1923 1914 
4113 1914 1923 1924 1915 
4114 1915 1924 1925 1916 
4115 1916 1925 1926 1917 
4116 307 308 1927 1918 
4117 1918 1927 1928 1919 
4118 1919 1928 1929 1920 
4119 1920 1929 1930 1921 
4120 1921 1930 1931 1922 
4121 1922 1931 1932 1923 
4122 1923 1932 1933 1924 
4123 1924 1933 1934 1925 
4124 1925 1934 1935 1926 
4125 308 309 1936 1927 
4126 1927 1936 1937 1928 
4127 1928 1937 1938 1929 
4128 1929 1938 1939 1930 
4129 1930 1939 1940 1931 
4130 1931 1940 1941 1932 
4131 1932 1941 1942 1933 
4132 1933 1942 1943 1934 
4133 1934 1943 1944 1935 
4134 309 310 1945 1936 
4135 1936 1945 1946 1937 
4136 1937 1946 1947 1938 
4137 1938 1947 1948 1939 
4138 1939 1948 1949 1940 
4139 1940 1949 1950 1941 
4140 1941 1950 1951 1942 
4141 1942 1951 1952 1943 
4142 1943 1952 1953 1944 
4143 310 311 1954 1945 
4144 1945 1954 1955 1946 
4145 1946 1955 1956 1947 
4146 1947 1956 1957 1948 
4147 1948 1957 1958 1949 
4148 1949 1958 1959 1950 
4149 1950 1959 1960 1951 
4150 1951 1960 1961 1952 
4151 1952 1961 1962 1953 
4152 311 312 1963 1954 
4153 1954 1963 1964 1955 
4154 1955 1964 1965 1956 
4155 1956 1965 1966 1957 
4156 1957 1966 1967 1958 
4157 1958 1967 1968 1959 
4158 1959 1968 1969 1960 
4159 1960 1969 1970 1961 
4160 1961 1970 1971 1962 
4161 312 313 1972 1963 
4162 1963 1972 1973 1964 
4163 1964 1973 1974 1965 
4164 1965 1974 1975 1966 
4165 1966 1975 1976 1967 
4166 1967 1976 1977 1968 
4167 1968 1977 1978 1969 
4168 1969 1978 1979 1970 
4169 1970 1979 1980 1971 
4170 313 314 1981 1972 
4171 1972 1981 1982 1973 
4172 1973 1982 1983 1974 
4173 1974 1983 1984 1975 
4174 1975 1984 1985 1976 
4175 1976 1985 1986 1977 
4176 1977 1986 1987 1978 
4177 1978 1987 1988 1979 
4178 1979 1988 1989 1980 
4179 314 315 1990 1981 
4180 1981 1990 1991 1982 
4181 1982 1991 1992 1983 
4182 1983 1992 1993 1984 
4183 1984 1993 1994 1985 
4184 1985 1994 1995 1986 
4185 1986 1995 1996 1987 
4186 1987 1996 1997 1988 
4187 1988 1997 1998 1989 
4188 315 316 1999 1990 
4189 1990 1999 2000 1991 
4190 1991 2000 2001 1992 
4191 1992 2001 2002 1993 
4192 1993 2002 2003 1994 
4193 1994 2003 2004 1995 
4194 1995 2004 2005 1996 
4195 1996 2005 2006 1997 
4196 1997 2006 2007 1998 
4197 316 317 2008 1999 
4198 1999 2008 2009 2000 
4199 2000 2009 2010 2001 
4200 2001 2010 2011 2002 
4201 2002 2011 2012 2003 
4202 2003 2012 2013 2004 
4203 2004 2013 2014 2005 
4204 2005 2014 2015 2006 
4205 2006 2015 2016 2007 
4206 317 318 2017 2008 
4207 2008 2017 2018 2009 
4208 2009 2018 2019 2010 
4209 2010 2019 2020 2011 
4210 2011 2020 2021 2012 
4211 2012 2021 2022 2013 
4212 2013 2022 2023 2014 
4213 2014 2023 2024 2015 
4214 2015 2024 2025 2016 
4215 318 319 2026 2017 
4216 2017 2026 2027 2018 
4217 2018 2027 2028 2019 
4218 2019 2028 2029 2020 
4219 2020 2029 2030 2021 
4220 2021 2030 2031 2022 
4221 2022 2031 2032 2023 
4222 2023 2032 2033 2024 
4223 2024 2033 2034 2025 
4224 319 320 2035 2026 
4225 2026 2035 2036 2027 
4226 2027 2036 2037 2028 
4227 2028 2037 2038 2029 
4228 2029 2038 2039 2030 
4229 2030 2039 2040 2031 
4230 2031 2040 2041 2032 
4231 2032 2041 2042 2033 
4232 2033 2042 2043 2034 
4233 320 321 2044 2035 
4234 2035 2044 2045 2036 
4235 2036 2045 2046 2037 
4236 2037 2046 2047 2038 
4237 2038 2047 2048 2039 
4238 2039 2048 2049 2040 
4239 2040 2049 2050 2041 
4240 2041 2050 2051 2042 
4241 2042 2051 2052 2043 
4242 321 322 2053 2044 
4243 2044 2053 2054 2045 
4244 2045 2054 2055 2046 
4245 2046 2055 2056 2047 
4246 2047 2056 2057 2048 
4247 2048 2057 2058 2049 
4248 2049 2058 2059 2050 
4249 2050 2059 2060 2051 
4250 2051 2060 2061 2052 
4251 322 323 2062 2053 
4252 2053 2062 2063 2054 
4253 2054 2063 2064 2055 
4254 2055 2064 2065 2056 
4255 2056 2065 2066 2057 
4256 2057 2066 2067 2058 
4257 2058 2067 2068 2059 
4258 2059 2068 2069 2060 
4259 2060 2069 2070 2061 
4260 323 324 2071 2062 
4261 2062 2071 2072 2063 
4262 2063 2072 2073 2064 
4263 2064 2073 2074 2065 
4264 2065 2074 2075 2066 
4265 2066 2075 2076 2067 
4266 2067 2076 2077 2068 
4267 2068 2077 2078 2069 
4268 2069 2078 2079 2070 
4269 324 325 2080 2071 
4270 2071 2080 2081 2072 
4271 2072 2081 2082 2073 
4272 2073 2082 2083 2074 
4273 2074 2083 2084 2075 
4274 2075 2084 2085 2076 
4275 2076 2085 2086 2077 
4276 2077 2086 2087 2078 
4277 2078 2087 2088 2079 
4278 325 326 2089 2080 
4279 2080 2089 2090 2081 
4280 2081 2090 2091 2082 
4281 2082 2091 2092 2083 
4282 2083 2092 2093 2084 
4283 2084 2093 2094 2085 
4284 2085 2094 2095 2086 
4285 2086 2095 2096 2087 
4286 2087 2096 2097 2088 
4287 326 327 2098 2089 
4288 2089 2098 2099 2090 
4289 2090 2099 2100 2091 
4290 2091 2100 2101 2092 
4291 2092 2101 2102 2093 
4292 2093 2102 2103 2094 
4293 2094 2103 2104 2095 
4294 2095 2104 2105 2096 
4295 2096 2105 2106 2097 
4296 327 328 2107 2098 
4297 2098 2107 2108 2099 
4298 2099 2108 2109 2100 
4299 2100 2109 2110 2101 
4300 2101 2110 2111 2102 
4301 2102 2111 2112 2103 
4302 2103 2112 2113 2104 
4303 2104 2113 2114 2105 
4304 2105 2114 2115 2106 
4305 328 329 2116 2107 
4306 2107 2116 2117 2108 
4307 2108 2117 2118 2109 
4308 2109 2118 2119 2110 
4309 2110 2119 2120 2111 
4310 2111 2120 2121 2112 
4311 2112 2121 2122 2113 
4312 2113 2122 2123 2114 
4313 2114 2123 2124 2115 
4314 329 330 2125 2116 
4315 2116 2125 2126 2117 
4316 2117 2126 2127 2118 
4317 2118 2127 2128 2119 
4318 2119 2128 2129 2120 
4319 2120 2129 2130 2121 
4320 2121 2130 2131 2122 
4321 2122 2131 2132 2123 
4322 2123 2132 2133 2124 
4323 330 331 2134 2125 
4324 2125 2134 2135 2126 
4325 2126 2135 2136 2127 
4326 2127 2136 2137 2128 
4327 2128 2137 2138 2129 
4328 2129 2138 2139 2130 
4329 2130 2139 2140 2131 
4330 2131 2140 2141 2132 
4331 2132 2141 2142 2133 
4332 331 332 2143 2134 
4333 2134 2143 2144 2135 
4334 2135 2144 2145 2136 
4335 2136 2145 2146 2137 
4336 2137 2146 2147 2138 
4337 2138 2147 2148 2139 
4338 2139 2148 2149 2140 
4339 2140 2149 2150 2141 
4340 2141 2150 2151 2142 
4341 332 333 2152 2143 
4342 2143 2152 2153 2144 
4343 2144 2153 2154 2145 
4344 2145 2154 2155 2146 
4345 2146 2155 2156 2147 
4346 2147 2156 2157 2148 
4347 2148 2157 2158 2149 
4348 2149 2158 2159 2150 
4349 2150 2159 2160 2151 
4350 333 334 2161 2152 
4351 2152 2161 2162 2153 
4352 2153 2162 2163 2154 
4353 2154 2163 2164 2155 
4354 2155 2164 2165 2156 
4355 2156 2165 2166 2157 
4356 2157 2166 2167 2158 
4357 2158 2167 2168 2159 
4358 2159 2168 2169 2160 
4359 334 335 2170 2161 
4360 2161 2170 2171 2162 
4361 2162 2171 2172 2163 
4362 2163 2172 2173 2164 
4363 2164 2173 2174 2165 
4364 2165 2174 2175 2166 
4365 2166 2175 2176 2167 
4366 2167 2176 2177 2168 
4367 2168 2177 2178 2169 
4368 335 336 2179 2170 
4369 2170 2179 2180 2171 
4370 2171 2180 2181 2172 
4371 2172 2181 2182 2173 
4372 2173 2182 2183 2174 
4373 2174 2183 2184 2175 
4374 2175 2184 2185 2176 
4375 2176 2185 2186 2177 
4376 2177 2186 2187 2178 
4377 336 337 2188 2179 
4378 2179 2188 2189 2180 
4379 2180 2189 2190 2181 
4380 2181 2190 2191 2182 
4381 2182 2191 2192 2183 
4382 2183 2192 2193 2184 
4383 2184 2193 2194 2185 
4384 2185 2194 2195 2186 
4385 2186 2195 2196 2187 
4386 337 130 2224 2188 
4387 2188 2224 2225 2189 
4388 2189 2225 2226 2190 
4389 2190 2226 2227 2191 
4390 2191 2227 2228 2192 
4391 2192 2228 2229 2193 
4392 2193 2229 2230 2194 
4393 2194 2230 2231 2195 
4394 2195 2231 2232 2196 
4395 130 338 2197 2224 
4396 2224 2197 2198 2225 
4397 2225 2198 2199 2226 
4398 2226 2199 2200 2227 
4399 2227 2200 2201 2228 
4400 2228 2201 2202 2229 
4401 2229 2202 2203 2230 
4402 2230 2203 2204 2231 
4403 2231 2204 2205 2232 
$EndElements
