<?xml version="1.0" encoding="UTF-8"?>
<!DOCTYPE X3D PUBLIC "ISO//Web3D//DTD X3D 3.3//EN" "http://www.web3d.org/specifications/x3d-3.3.dtd">
<X3D profile='Interchange' version='3.3'  xmlns:xsd='http://www.w3.org/2001/XMLSchema-instance' >
  <head>
    <meta name='creator' content='gmsh'/> 
  </head>
  <Scene>
   <Group DEF="faces">
    <Shape DEF="face1">
     <Appearance><Material DEF="matface1" diffuseColor="1.000000 0.000000 0.000000" shininess="0.9" specularColor="0.2 0.2 0.2" transparency="0"></Material></Appearance>
     <IndexedTriangleSet DEF="setface1" index="
71 1 70 69 70 1 72 1 71 68 69 1 73 1 72 67 68 1 74 1 73 66 67 1 75 1 74 65 66 1 76 1 75 64 65 1 77 1 76 63 64 1 78 1 77 62 63 1 79 1 78 4 1 79 61 62 1 3 4 5 3 5 6 3 6 7 3 7 8 3 8 9 3 1 4 10 3 9 11 3 10 12 3 11 13 3 12 14 3 13 15 3 14 16 3 15 17 3 16 0 61 1 0 48 49 0 49 50 0 50 51 0 51 52 0 52 53 0 53 54 0 54 55 0 55 56 0 56 57 0 57 58 0 58 59 0 59 60 0 60 61 18 3 17 47 48 0 19 3 18 46 47 0 20 3 19 45 46 0 21 3 20 44 45 0 43 44 0 42 43 0 2 25 26 2 26 27 2 27 28 2 28 29 2 29 30 2 30 31 2 31 32 2 32 33 2 33 34 2 34 35 2 35 36 2 36 37 2 37 38 2 42 0 2 38 39 2 39 40 2 40 41 2 41 42 2 3 23 23 3 22 22 3 21 2 23 24 2 24 25 
">
      <Coordinate point="
178 67.5 50
178 67.5 70
178 82.5 50
178 82.5 70
178 75 65
178 75.4186 64.9824
178 75.8224 64.9319
178 76.2299 64.8464
178 76.6277 64.7276
178 77.0132 64.5768
178 77.3841 64.395
178 77.7379 64.1838
178 78.0723 63.9447
178 78.3853 63.6796
178 78.675 63.3903
178 78.9396 63.0789
178 79.1774 62.7477
178 79.387 62.3987
178 79.5673 62.0346
178 79.7172 61.6577
178 79.8359 61.2705
178 79.9227 60.8757
178 79.9773 60.4758
178 79.9995 60.0735
178 79.986 59.6267
178 79.9329 59.1839
178 79.8408 58.7484
178 79.7106 58.3237
178 79.5436 57.913
178 79.3413 57.5195
178 79.1055 57.1461
178 78.8384 56.7958
178 78.5421 56.471
178 78.2191 56.1741
178 77.8722 55.9073
178 77.5042 55.6723
178 77.118 55.4708
178 76.7169 55.304
178 76.3039 55.173
178 75.8824 55.0785
178 75.4556 55.0208
178 75.2231 55.005
178 75 55
178 74.5814 55.0176
178 74.1776 55.0681
178 73.7701 55.1536
178 73.3723 55.2724
178 72.9868 55.4232
178 72.6159 55.605
178 72.2621 55.8162
178 71.9277 56.0553
178 71.6147 56.3204
178 71.325 56.6097
178 71.0604 56.9211
178 70.8226 57.2523
178 70.613 57.6013
178 70.4327 57.9654
178 70.2828 58.3423
178 70.1641 58.7295
178 70.0773 59.1243
178 70.0227 59.5242
178 70.0005 59.9265
178 70.014 60.3733
178 70.0671 60.8161
178 70.1592 61.2516
178 70.2894 61.6763
178 70.4564 62.087
178 70.6587 62.4805
178 70.8945 62.8539
178 71.1616 63.2042
178 71.4579 63.529
178 71.7809 63.8259
178 72.1278 64.0927
178 72.4958 64.3277
178 72.882 64.5292
178 73.2831 64.696
178 73.6961 64.827
178 74.1176 64.9215
178 74.5444 64.9792
178 74.7769 64.995
"></Coordinate>
      <Normal vector="
1 -0 0
1 -0 0
1 -0 0
1 -0 0
1 -0 0
1 -0 0
1 -0 0
1 -0 0
1 -0 0
1 -0 0
1 -0 0
1 -0 0
1 -0 0
1 -0 0
1 -0 0
1 -0 0
1 -0 0
1 -0 0
1 -0 0
1 -0 0
1 -0 0
1 -0 0
1 -0 0
1 -0 0
1 -0 0
1 -0 0
1 -0 0
1 -0 0
1 -0 0
1 -0 0
1 -0 0
1 -0 0
1 -0 0
1 -0 0
1 -0 0
1 -0 0
1 -0 0
1 -0 0
1 -0 0
1 -0 0
1 -0 0
1 -0 0
1 -0 0
1 -0 0
1 -0 0
1 -0 0
1 -0 0
1 -0 0
1 -0 0
1 -0 0
1 -0 0
1 -0 0
1 -0 0
1 -0 0
1 -0 0
1 -0 0
1 -0 0
1 -0 0
1 -0 0
1 -0 0
1 -0 0
1 -0 0
1 -0 0
1 -0 0
1 -0 0
1 -0 0
1 -0 0
1 -0 0
1 -0 0
1 -0 0
1 -0 0
1 -0 0
1 -0 0
1 -0 0
1 -0 0
1 -0 0
1 -0 0
1 -0 0
1 -0 0
1 -0 0
"></Normal>
     </IndexedTriangleSet>
    </Shape>
    <Shape DEF="face2">
     <Appearance><Material DEF="matface2" diffuseColor="1.000000 0.000000 0.000000" shininess="0.9" specularColor="0.2 0.2 0.2" transparency="0"></Material></Appearance>
     <IndexedTriangleSet DEF="setface2" index="
0 1 2 0 2 3 
">
      <Coordinate point="
175 67.5 50
178 67.5 50
178 67.5 70
175 67.5 70
"></Coordinate>
      <Normal vector="
-0 -1 -0
-0 -1 -0
-0 -1 -0
-0 -1 -0
"></Normal>
     </IndexedTriangleSet>
    </Shape>
    <Shape DEF="face3">
     <Appearance><Material DEF="matface3" diffuseColor="1.000000 0.000000 0.000000" shininess="0.9" specularColor="0.2 0.2 0.2" transparency="0"></Material></Appearance>
     <IndexedTriangleSet DEF="setface3" index="
2 0 1 2 3 0 
">
      <Coordinate point="
175 67.5 70
178 67.5 70
178 82.5 70
175 82.5 70
"></Coordinate>
      <Normal vector="
0 -0 1
0 -0 1
0 -0 1
0 -0 1
"></Normal>
     </IndexedTriangleSet>
    </Shape>
    <Shape DEF="face4">
     <Appearance><Material DEF="matface4" diffuseColor="1.000000 0.000000 0.000000" shininess="0.9" specularColor="0.2 0.2 0.2" transparency="0"></Material></Appearance>
     <IndexedTriangleSet DEF="setface4" index="
2 0 1 2 3 0 
">
      <Coordinate point="
175 82.5 70
178 82.5 70
178 82.5 50
175 82.5 50
"></Coordinate>
      <Normal vector="
-0 1 0
-0 1 0
-0 1 0
-0 1 0
"></Normal>
     </IndexedTriangleSet>
    </Shape>
    <Shape DEF="face5">
     <Appearance><Material DEF="matface5" diffuseColor="1.000000 0.000000 0.000000" shininess="0.9" specularColor="0.2 0.2 0.2" transparency="0"></Material></Appearance>
     <IndexedTriangleSet DEF="setface5" index="
13 0 14 15 14 0 12 0 13 16 15 0 11 0 12 17 16 0 10 0 11 18 17 0 9 0 10 19 18 0 8 0 9 20 19 0 7 0 8 21 20 0 6 0 7 22 21 0 5 0 6 23 22 0 4 0 5 1 76 75 1 77 76 1 78 77 1 79 78 1 4 79 1 0 4 74 1 75 73 1 74 72 1 73 71 1 72 70 1 71 69 1 70 68 1 69 67 1 68 66 1 67 2 23 0 2 24 23 2 25 24 2 26 25 2 27 26 2 28 27 2 29 28 2 30 29 2 31 30 2 32 31 2 33 32 2 34 33 2 35 34 2 36 35 37 36 2 65 1 66 38 37 2 64 1 65 39 38 2 63 1 64 40 39 2 41 40 2 42 41 2 3 42 2 3 43 42 3 44 43 3 45 44 3 46 45 3 47 46 3 48 47 3 49 48 3 50 49 3 51 50 3 52 51 3 53 52 3 54 53 3 55 54 3 56 55 3 57 56 3 58 57 3 59 58 3 1 61 61 1 62 62 1 63 3 61 60 3 60 59 
">
      <Coordinate point="
175 67.5 50
175 82.5 50
175 67.5 70
175 82.5 70
175 75 55
175 74.5814 55.0176
175 74.1776 55.0681
175 73.7701 55.1536
175 73.3723 55.2724
175 72.9868 55.4232
175 72.6159 55.605
175 72.2621 55.8162
175 71.9277 56.0553
175 71.6147 56.3204
175 71.325 56.6097
175 71.0604 56.9211
175 70.8226 57.2523
175 70.613 57.6013
175 70.4327 57.9654
175 70.2828 58.3423
175 70.1641 58.7295
175 70.0773 59.1243
175 70.0227 59.5242
175 70.0005 59.9265
175 70.014 60.3733
175 70.0671 60.8161
175 70.1592 61.2516
175 70.2894 61.6763
175 70.4564 62.087
175 70.6587 62.4805
175 70.8945 62.8539
175 71.1616 63.2042
175 71.4579 63.529
175 71.7809 63.8259
175 72.1278 64.0927
175 72.4958 64.3277
175 72.882 64.5292
175 73.2831 64.696
175 73.6961 64.827
175 74.1176 64.9215
175 74.5444 64.9792
175 74.7769 64.995
175 75 65
175 75.4186 64.9824
175 75.8224 64.9319
175 76.2299 64.8464
175 76.6277 64.7276
175 77.0132 64.5768
175 77.3841 64.395
175 77.7379 64.1838
175 78.0723 63.9447
175 78.3853 63.6796
175 78.675 63.3903
175 78.9396 63.0789
175 79.1774 62.7477
175 79.387 62.3987
175 79.5673 62.0346
175 79.7172 61.6577
175 79.8359 61.2705
175 79.9227 60.8757
175 79.9773 60.4758
175 79.9995 60.0735
175 79.986 59.6267
175 79.9329 59.1839
175 79.8408 58.7484
175 79.7106 58.3237
175 79.5436 57.913
175 79.3413 57.5195
175 79.1055 57.1461
175 78.8384 56.7958
175 78.5421 56.471
175 78.2191 56.1741
175 77.8722 55.9073
175 77.5042 55.6723
175 77.118 55.4708
175 76.7169 55.304
175 76.3039 55.173
175 75.8824 55.0785
175 75.4556 55.0208
175 75.2231 55.005
"></Coordinate>
      <Normal vector="
-1 -0 0
-1 -0 0
-1 -0 0
-1 -0 0
-1 -0 0
-1 -0 0
-1 -0 0
-1 -0 0
-1 -0 0
-1 -0 0
-1 -0 0
-1 -0 0
-1 -0 0
-1 -0 0
-1 -0 0
-1 -0 0
-1 -0 0
-1 -0 0
-1 -0 0
-1 -0 0
-1 -0 0
-1 -0 0
-1 -0 0
-1 -0 0
-1 -0 0
-1 -0 0
-1 -0 0
-1 -0 0
-1 -0 0
-1 -0 0
-1 -0 0
-1 -0 0
-1 -0 0
-1 -0 0
-1 -0 0
-1 -0 0
-1 -0 0
-1 -0 0
-1 -0 0
-1 -0 0
-1 -0 0
-1 -0 0
-1 -0 0
-1 -0 0
-1 -0 0
-1 -0 0
-1 -0 0
-1 -0 0
-1 -0 0
-1 -0 0
-1 -0 0
-1 -0 0
-1 -0 0
-1 -0 0
-1 -0 0
-1 -0 0
-1 -0 0
-1 -0 0
-1 -0 0
-1 -0 0
-1 -0 0
-1 -0 0
-1 -0 0
-1 -0 0
-1 -0 0
-1 -0 0
-1 -0 0
-1 -0 0
-1 -0 0
-1 -0 0
-1 -0 0
-1 -0 0
-1 -0 0
-1 -0 0
-1 -0 0
-1 -0 0
-1 -0 0
-1 -0 0
-1 -0 0
-1 -0 0
"></Normal>
     </IndexedTriangleSet>
    </Shape>
    <Shape DEF="face6">
     <Appearance><Material DEF="matface6" diffuseColor="1.000000 0.000000 0.000000" shininess="0.9" specularColor="0.2 0.2 0.2" transparency="0"></Material></Appearance>
     <IndexedTriangleSet DEF="setface6" index="
1 2 3 1 3 0 
">
      <Coordinate point="
175 67.5 50
175 82.5 50
178 82.5 50
178 67.5 50
"></Coordinate>
      <Normal vector="
0 0 -1
0 0 -1
0 0 -1
0 0 -1
"></Normal>
     </IndexedTriangleSet>
    </Shape>
    <Shape DEF="face7">
     <Appearance><Material DEF="matface7" diffuseColor="1.000000 0.000000 0.000000" shininess="0.9" specularColor="0.2 0.2 0.2" transparency="0"></Material></Appearance>
     <IndexedTriangleSet DEF="setface7" index="
1 55 0 1 56 55 2 56 1 2 57 56 3 57 2 3 58 57 4 58 3 4 59 58 5 59 4 5 60 59 6 60 5 6 61 60 7 61 6 7 62 61 8 62 7 8 63 62 9 63 8 9 64 63 10 65 64 10 64 9 11 66 65 11 65 10 12 66 11 12 67 66 13 68 67 13 67 12 14 69 68 14 68 13 15 70 69 15 69 14 16 71 70 16 70 15 17 72 71 17 71 16 18 72 17 18 73 72 19 73 18 19 74 73 20 74 19 20 75 74 21 75 20 21 76 75 22 76 21 22 77 76 23 77 22 23 78 77 24 78 23 24 79 78 25 79 24 25 80 79 26 80 25 26 81 80 27 81 26 27 82 81 28 82 27 28 83 82 29 83 28 29 84 83 30 84 29 30 85 84 30 86 85 31 86 30 32 86 31 32 87 86 33 87 32 33 88 87 34 88 33 34 89 88 35 89 34 35 90 89 36 90 35 36 91 90 37 91 36 37 92 91 38 92 37 38 93 92 39 93 38 39 94 93 40 94 39 40 95 94 41 95 40 41 96 95 41 97 96 42 97 41 43 97 42 43 98 97 44 98 43 44 99 98 44 100 99 45 100 44 46 100 45 46 101 100 47 102 101 47 101 46 48 103 102 48 102 47 49 104 103 49 103 48 50 105 104 50 104 49 51 106 105 51 105 50 52 107 106 52 106 51 53 54 107 53 107 52 
">
      <Coordinate point="
175 75 65
175 75.2927 64.9914
175 75.6014 64.9637
175 75.89 64.9202
175 76.1751 64.86
175 76.4558 64.7834
175 76.7313 64.6907
175 77.0005 64.5823
175 77.2627 64.4587
175 77.517 64.3203
175 77.7626 64.1675
175 77.9987 64.001
175 78.2245 63.8213
175 78.4394 63.6291
175 78.6427 63.4251
175 78.8337 63.2098
175 79.0118 62.9842
175 79.1765 62.749
175 79.3273 62.5049
175 79.4638 62.2527
175 79.5854 61.9934
175 79.692 61.7278
175 79.7831 61.4568
175 79.8585 61.1812
175 79.918 60.902
175 79.9614 60.6201
175 79.9887 60.3364
175 79.9997 60.0519
175 79.993 59.7358
175 79.9664 59.4212
175 79.92 59.1091
175 79.8541 58.8009
175 79.769 58.4977
175 79.6651 58.2009
175 79.5429 57.9114
175 79.4029 57.6304
175 79.2457 57.3591
175 79.072 57.0984
175 78.8825 56.8494
175 78.6781 56.613
175 78.4595 56.39
175 78.2277 56.1814
175 77.9837 55.9878
175 77.7283 55.81
175 77.4628 55.6486
175 77.1881 55.5042
175 76.9053 55.3773
175 76.6156 55.2682
175 76.3202 55.1774
175 76.0201 55.1052
175 75.7167 55.0516
175 75.411 55.0169
175 75.2016 55.0041
175 75 55
178 75 55
178 75 65
178 75.2927 64.9914
178 75.6014 64.9637
178 75.89 64.9202
178 76.1751 64.86
178 76.4558 64.7834
178 76.7313 64.6907
178 77.0005 64.5823
178 77.2627 64.4587
178 77.517 64.3203
178 77.7626 64.1675
178 77.9987 64.001
178 78.2245 63.8213
178 78.4394 63.6291
178 78.6427 63.4251
178 78.8337 63.2098
178 79.0118 62.9842
178 79.1765 62.749
178 79.3273 62.5049
178 79.4638 62.2527
178 79.5854 61.9934
178 79.692 61.7278
178 79.7831 61.4568
178 79.8585 61.1812
178 79.918 60.902
178 79.9614 60.6201
178 79.9887 60.3364
178 79.9997 60.0519
178 79.993 59.7358
178 79.9664 59.4212
178 79.92 59.1091
178 79.8541 58.8009
178 79.769 58.4977
178 79.6651 58.2009
178 79.5429 57.9114
178 79.4029 57.6304
178 79.2457 57.3591
178 79.072 57.0984
178 78.8825 56.8494
178 78.6781 56.613
178 78.4595 56.39
178 78.2277 56.1814
178 77.9837 55.9878
178 77.7283 55.81
178 77.4628 55.6486
178 77.1881 55.5042
178 76.9053 55.3773
178 76.6156 55.2682
178 76.3202 55.1774
178 76.0201 55.1052
178 75.7167 55.0516
178 75.411 55.0169
178 75.2016 55.0041
"></Coordinate>
      <Normal vector="
0 0 -1
-0 -0.0585382 -0.998285
-0 -0.120275 -0.992741
-0 -0.177991 -0.984032
-0 -0.235016 -0.971992
-0 -0.291164 -0.956673
-0 -0.346253 -0.938141
-0 -0.400104 -0.91647
-0 -0.452544 -0.891742
-0 -0.503403 -0.864052
-0 -0.55252 -0.8335
-0 -0.599737 -0.800197
-0 -0.644905 -0.764262
-0 -0.687882 -0.725822
-0 -0.728533 -0.685011
-0 -0.76673 -0.64197
-0 -0.802356 -0.596846
-0 -0.8353 -0.549794
-0 -0.865463 -0.500973
-0 -0.892752 -0.450548
-0 -0.917087 -0.398688
-0 -0.938395 -0.345565
-0 -0.956614 -0.291358
-0 -0.971694 -0.236243
-0 -0.983593 -0.180404
-0 -0.992279 -0.124024
-0 -0.997734 -0.067287
-0 -0.999946 -0.0103775
0 -0.998603 0.0528326
0 -0.993276 0.115769
0 -0.983998 0.178181
0 -0.970817 0.239823
0 -0.953797 0.300451
0 -0.933018 0.359829
0 -0.908574 0.417724
0 -0.880572 0.473913
0 -0.849133 0.528179
0 -0.814394 0.580313
0 -0.7765 0.630118
0 -0.735611 0.677404
0 -0.691897 0.721996
0 -0.64554 0.763726
0 -0.59673 0.802442
0 -0.545666 0.838003
0 -0.492556 0.870281
0 -0.437614 0.899163
0 -0.381062 0.924549
0 -0.323125 0.946356
0 -0.264035 0.964513
0 -0.204025 0.978966
0 -0.143331 0.989675
0 -0.0821929 0.996616
0 -0.0403195 0.999187
0 -0 1
0 0 1
0 0 -1
-0 -0.0585382 -0.998285
-0 -0.120275 -0.992741
-0 -0.177991 -0.984032
-0 -0.235016 -0.971992
-0 -0.291164 -0.956673
-0 -0.346253 -0.938141
-0 -0.400104 -0.91647
-0 -0.452544 -0.891742
-0 -0.503403 -0.864052
-0 -0.55252 -0.8335
-0 -0.599737 -0.800197
-0 -0.644905 -0.764262
-0 -0.687882 -0.725822
-0 -0.728533 -0.685011
-0 -0.76673 -0.64197
-0 -0.802356 -0.596846
-0 -0.8353 -0.549794
-0 -0.865463 -0.500973
-0 -0.892752 -0.450548
-0 -0.917087 -0.398688
-0 -0.938395 -0.345565
-0 -0.956614 -0.291358
-0 -0.971694 -0.236243
-0 -0.983593 -0.180404
-0 -0.992279 -0.124024
-0 -0.997734 -0.067287
-0 -0.999946 -0.0103775
0 -0.998603 0.0528326
0 -0.993276 0.115769
0 -0.983998 0.178181
0 -0.970817 0.239823
0 -0.953797 0.300451
0 -0.933018 0.359829
0 -0.908574 0.417724
0 -0.880572 0.473913
0 -0.849133 0.528179
0 -0.814394 0.580313
0 -0.7765 0.630118
0 -0.735611 0.677404
0 -0.691897 0.721996
0 -0.64554 0.763726
0 -0.59673 0.802442
0 -0.545666 0.838003
0 -0.492556 0.870281
0 -0.437614 0.899163
0 -0.381062 0.924549
0 -0.323125 0.946356
0 -0.264035 0.964513
0 -0.204025 0.978966
0 -0.143331 0.989675
0 -0.0821929 0.996616
0 -0.0403195 0.999187
"></Normal>
     </IndexedTriangleSet>
    </Shape>
    <Shape DEF="face8">
     <Appearance><Material DEF="matface8" diffuseColor="1.000000 0.000000 0.000000" shininess="0.9" specularColor="0.2 0.2 0.2" transparency="0"></Material></Appearance>
     <IndexedTriangleSet DEF="setface8" index="
1 55 0 1 56 55 2 56 1 2 57 56 3 57 2 3 58 57 4 58 3 4 59 58 5 59 4 5 60 59 6 60 5 6 61 60 7 61 6 7 62 61 8 62 7 8 63 62 9 63 8 9 64 63 10 65 64 10 64 9 11 66 65 11 65 10 12 66 11 12 67 66 13 68 67 13 67 12 14 69 68 14 68 13 15 70 69 15 69 14 16 71 70 16 70 15 17 72 71 17 71 16 18 72 17 18 73 72 19 73 18 19 74 73 20 74 19 20 75 74 21 75 20 21 76 75 22 76 21 22 77 76 23 77 22 23 78 77 24 78 23 24 79 78 25 79 24 25 80 79 26 80 25 26 81 80 27 81 26 27 82 81 28 82 27 28 83 82 29 83 28 29 84 83 30 84 29 30 85 84 30 86 85 31 86 30 32 86 31 32 87 86 33 87 32 33 88 87 33 89 88 34 89 33 35 89 34 35 90 89 36 90 35 36 91 90 37 91 36 37 92 91 38 92 37 38 93 92 39 93 38 39 94 93 39 95 94 40 95 39 40 96 95 41 96 40 42 96 41 42 97 96 43 97 42 43 98 97 44 98 43 44 99 98 45 99 44 45 100 99 45 101 100 46 101 45 47 102 101 47 101 46 48 103 102 48 102 47 49 104 103 49 103 48 50 105 104 50 104 49 51 106 105 51 105 50 52 107 106 52 106 51 53 54 107 53 107 52 
">
      <Coordinate point="
175 75 55
175 74.7073 55.0086
175 74.3986 55.0363
175 74.11 55.0798
175 73.8249 55.14
175 73.5442 55.2166
175 73.2687 55.3093
175 72.9995 55.4177
175 72.7373 55.5413
175 72.483 55.6797
175 72.2374 55.8325
175 72.0013 55.999
175 71.7755 56.1787
175 71.5606 56.3709
175 71.3573 56.5749
175 71.1663 56.7902
175 70.9882 57.0158
175 70.8235 57.251
175 70.6727 57.4951
175 70.5362 57.7473
175 70.4146 58.0066
175 70.308 58.2722
175 70.2169 58.5432
175 70.1415 58.8188
175 70.082 59.098
175 70.0386 59.3799
175 70.0113 59.6636
175 70.0003 59.9481
175 70.007 60.2642
175 70.0336 60.5788
175 70.08 60.8909
175 70.1459 61.1991
175 70.231 61.5023
175 70.3349 61.7991
175 70.4571 62.0886
175 70.5971 62.3696
175 70.7543 62.6409
175 70.928 62.9016
175 71.1175 63.1506
175 71.3219 63.387
175 71.5405 63.61
175 71.7723 63.8186
175 72.0163 64.0122
175 72.2717 64.19
175 72.5372 64.3514
175 72.8119 64.4958
175 73.0947 64.6227
175 73.3844 64.7318
175 73.6798 64.8226
175 73.9799 64.8948
175 74.2833 64.9484
175 74.589 64.9831
175 74.7984 64.9959
175 75 65
178 75 65
178 75 55
178 74.7073 55.0086
178 74.3986 55.0363
178 74.11 55.0798
178 73.8249 55.14
178 73.5442 55.2166
178 73.2687 55.3093
178 72.9995 55.4177
178 72.7373 55.5413
178 72.483 55.6797
178 72.2374 55.8325
178 72.0013 55.999
178 71.7755 56.1787
178 71.5606 56.3709
178 71.3573 56.5749
178 71.1663 56.7902
178 70.9882 57.0158
178 70.8235 57.251
178 70.6727 57.4951
178 70.5362 57.7473
178 70.4146 58.0066
178 70.308 58.2722
178 70.2169 58.5432
178 70.1415 58.8188
178 70.082 59.098
178 70.0386 59.3799
178 70.0113 59.6636
178 70.0003 59.9481
178 70.007 60.2642
178 70.0336 60.5788
178 70.08 60.8909
178 70.1459 61.1991
178 70.231 61.5023
178 70.3349 61.7991
178 70.4571 62.0886
178 70.5971 62.3696
178 70.7543 62.6409
178 70.928 62.9016
178 71.1175 63.1506
178 71.3219 63.387
178 71.5405 63.61
178 71.7723 63.8186
178 72.0163 64.0122
178 72.2717 64.19
178 72.5372 64.3514
178 72.8119 64.4958
178 73.0947 64.6227
178 73.3844 64.7318
178 73.6798 64.8226
178 73.9799 64.8948
178 74.2833 64.9484
178 74.589 64.9831
178 74.7984 64.9959
"></Coordinate>
      <Normal vector="
0 0 1
0 0.0585382 0.998285
0 0.120275 0.992741
0 0.177991 0.984032
0 0.235016 0.971992
0 0.291164 0.956673
0 0.346253 0.938141
0 0.400104 0.91647
0 0.452544 0.891742
0 0.503403 0.864052
0 0.55252 0.8335
0 0.599737 0.800197
0 0.644905 0.764262
0 0.687882 0.725822
0 0.728533 0.685011
0 0.76673 0.64197
0 0.802356 0.596846
0 0.8353 0.549794
0 0.865463 0.500973
0 0.892752 0.450548
0 0.917087 0.398688
0 0.938395 0.345565
0 0.956614 0.291358
0 0.971694 0.236243
0 0.983593 0.180404
0 0.992279 0.124024
0 0.997734 0.067287
0 0.999946 0.0103775
0 0.998603 -0.0528326
0 0.993276 -0.115769
0 0.983998 -0.178181
0 0.970817 -0.239823
0 0.953797 -0.300451
0 0.933018 -0.359829
0 0.908574 -0.417724
0 0.880572 -0.473913
0 0.849133 -0.528179
0 0.814394 -0.580313
0 0.7765 -0.630118
0 0.735611 -0.677404
0 0.691897 -0.721996
0 0.64554 -0.763726
0 0.59673 -0.802442
0 0.545666 -0.838003
0 0.492556 -0.870281
0 0.437614 -0.899163
0 0.381062 -0.924549
0 0.323125 -0.946356
0 0.264035 -0.964513
0 0.204025 -0.978966
0 0.143331 -0.989675
0 0.0821929 -0.996616
0 0.0403195 -0.999187
0 -0 -1
0 0 -1
0 0 1
0 0.0585382 0.998285
0 0.120275 0.992741
0 0.177991 0.984032
0 0.235016 0.971992
0 0.291164 0.956673
0 0.346253 0.938141
0 0.400104 0.91647
0 0.452544 0.891742
0 0.503403 0.864052
0 0.55252 0.8335
0 0.599737 0.800197
0 0.644905 0.764262
0 0.687882 0.725822
0 0.728533 0.685011
0 0.76673 0.64197
0 0.802356 0.596846
0 0.8353 0.549794
0 0.865463 0.500973
0 0.892752 0.450548
0 0.917087 0.398688
0 0.938395 0.345565
0 0.956614 0.291358
0 0.971694 0.236243
0 0.983593 0.180404
0 0.992279 0.124024
0 0.997734 0.067287
0 0.999946 0.0103775
0 0.998603 -0.0528326
0 0.993276 -0.115769
0 0.983998 -0.178181
0 0.970817 -0.239823
0 0.953797 -0.300451
0 0.933018 -0.359829
0 0.908574 -0.417724
0 0.880572 -0.473913
0 0.849133 -0.528179
0 0.814394 -0.580313
0 0.7765 -0.630118
0 0.735611 -0.677404
0 0.691897 -0.721996
0 0.64554 -0.763726
0 0.59673 -0.802442
0 0.545666 -0.838003
0 0.492556 -0.870281
0 0.437614 -0.899163
0 0.381062 -0.924549
0 0.323125 -0.946356
0 0.264035 -0.964513
0 0.204025 -0.978966
0 0.143331 -0.989675
0 0.0821929 -0.996616
0 0.0403195 -0.999187
"></Normal>
     </IndexedTriangleSet>
    </Shape>
    <Shape DEF="face9">
     <Appearance><Material DEF="matface9" diffuseColor="1.000000 0.000000 0.000000" shininess="0.9" specularColor="0.2 0.2 0.2" transparency="0"></Material></Appearance>
     <IndexedTriangleSet DEF="setface9" index="
71 1 70 69 70 1 72 1 71 68 69 1 73 1 72 67 68 1 74 1 73 66 67 1 75 1 74 65 66 1 76 1 75 64 65 1 77 1 76 63 64 1 78 1 77 62 63 1 79 1 78 4 1 79 61 62 1 3 4 5 3 5 6 3 6 7 3 7 8 3 8 9 3 1 4 10 3 9 11 3 10 12 3 11 13 3 12 14 3 13 15 3 14 16 3 15 17 3 16 0 61 1 0 48 49 0 49 50 0 50 51 0 51 52 0 52 53 0 53 54 0 54 55 0 55 56 0 56 57 0 57 58 0 58 59 0 59 60 0 60 61 18 3 17 47 48 0 19 3 18 46 47 0 20 3 19 45 46 0 21 3 20 44 45 0 43 44 0 42 43 0 2 25 26 2 26 27 2 27 28 2 28 29 2 29 30 2 30 31 2 31 32 2 32 33 2 33 34 2 34 35 2 35 36 2 36 37 2 37 38 2 42 0 2 38 39 2 39 40 2 40 41 2 41 42 2 3 23 23 3 22 22 3 21 2 23 24 2 24 25 
">
      <Coordinate point="
5 67.5 50
5 67.5 70
5 82.5 50
5 82.5 70
5 75 65
5 75.4186 64.9824
5 75.8224 64.9319
5 76.2299 64.8464
5 76.6277 64.7276
5 77.0132 64.5768
5 77.3841 64.395
5 77.7379 64.1838
5 78.0723 63.9447
5 78.3853 63.6796
5 78.675 63.3903
5 78.9396 63.0789
5 79.1774 62.7477
5 79.387 62.3987
5 79.5673 62.0346
5 79.7172 61.6577
5 79.8359 61.2705
5 79.9227 60.8757
5 79.9773 60.4758
5 79.9995 60.0735
5 79.986 59.6267
5 79.9329 59.1839
5 79.8408 58.7484
5 79.7106 58.3237
5 79.5436 57.913
5 79.3413 57.5195
5 79.1055 57.1461
5 78.8384 56.7958
5 78.5421 56.471
5 78.2191 56.1741
5 77.8722 55.9073
5 77.5042 55.6723
5 77.118 55.4708
5 76.7169 55.304
5 76.3039 55.173
5 75.8824 55.0785
5 75.4556 55.0208
5 75.2231 55.005
5 75 55
5 74.5814 55.0176
5 74.1776 55.0681
5 73.7701 55.1536
5 73.3723 55.2724
5 72.9868 55.4232
5 72.6159 55.605
5 72.2621 55.8162
5 71.9277 56.0553
5 71.6147 56.3204
5 71.325 56.6097
5 71.0604 56.9211
5 70.8226 57.2523
5 70.613 57.6013
5 70.4327 57.9654
5 70.2828 58.3423
5 70.1641 58.7295
5 70.0773 59.1243
5 70.0227 59.5242
5 70.0005 59.9265
5 70.014 60.3733
5 70.0671 60.8161
5 70.1592 61.2516
5 70.2894 61.6763
5 70.4564 62.087
5 70.6587 62.4805
5 70.8945 62.8539
5 71.1616 63.2042
5 71.4579 63.529
5 71.7809 63.8259
5 72.1278 64.0927
5 72.4958 64.3277
5 72.882 64.5292
5 73.2831 64.696
5 73.6961 64.827
5 74.1176 64.9215
5 74.5444 64.9792
5 74.7769 64.995
"></Coordinate>
      <Normal vector="
1 -0 0
1 -0 0
1 -0 0
1 -0 0
1 -0 0
1 -0 0
1 -0 0
1 -0 0
1 -0 0
1 -0 0
1 -0 0
1 -0 0
1 -0 0
1 -0 0
1 -0 0
1 -0 0
1 -0 0
1 -0 0
1 -0 0
1 -0 0
1 -0 0
1 -0 0
1 -0 0
1 -0 0
1 -0 0
1 -0 0
1 -0 0
1 -0 0
1 -0 0
1 -0 0
1 -0 0
1 -0 0
1 -0 0
1 -0 0
1 -0 0
1 -0 0
1 -0 0
1 -0 0
1 -0 0
1 -0 0
1 -0 0
1 -0 0
1 -0 0
1 -0 0
1 -0 0
1 -0 0
1 -0 0
1 -0 0
1 -0 0
1 -0 0
1 -0 0
1 -0 0
1 -0 0
1 -0 0
1 -0 0
1 -0 0
1 -0 0
1 -0 0
1 -0 0
1 -0 0
1 -0 0
1 -0 0
1 -0 0
1 -0 0
1 -0 0
1 -0 0
1 -0 0
1 -0 0
1 -0 0
1 -0 0
1 -0 0
1 -0 0
1 -0 0
1 -0 0
1 -0 0
1 -0 0
1 -0 0
1 -0 0
1 -0 0
1 -0 0
"></Normal>
     </IndexedTriangleSet>
    </Shape>
    <Shape DEF="face10">
     <Appearance><Material DEF="matface10" diffuseColor="1.000000 0.000000 0.000000" shininess="0.9" specularColor="0.2 0.2 0.2" transparency="0"></Material></Appearance>
     <IndexedTriangleSet DEF="setface10" index="
0 1 2 0 2 3 
">
      <Coordinate point="
2 67.5 50
5 67.5 50
5 67.5 70
2 67.5 70
"></Coordinate>
      <Normal vector="
-0 -1 -0
-0 -1 -0
-0 -1 -0
-0 -1 -0
"></Normal>
     </IndexedTriangleSet>
    </Shape>
    <Shape DEF="face11">
     <Appearance><Material DEF="matface11" diffuseColor="1.000000 0.000000 0.000000" shininess="0.9" specularColor="0.2 0.2 0.2" transparency="0"></Material></Appearance>
     <IndexedTriangleSet DEF="setface11" index="
2 0 1 2 3 0 
">
      <Coordinate point="
2 67.5 70
5 67.5 70
5 82.5 70
2 82.5 70
"></Coordinate>
      <Normal vector="
0 -0 1
0 -0 1
0 -0 1
0 -0 1
"></Normal>
     </IndexedTriangleSet>
    </Shape>
    <Shape DEF="face12">
     <Appearance><Material DEF="matface12" diffuseColor="1.000000 0.000000 0.000000" shininess="0.9" specularColor="0.2 0.2 0.2" transparency="0"></Material></Appearance>
     <IndexedTriangleSet DEF="setface12" index="
2 0 1 2 3 0 
">
      <Coordinate point="
2 82.5 70
5 82.5 70
5 82.5 50
2 82.5 50
"></Coordinate>
      <Normal vector="
-0 1 0
-0 1 0
-0 1 0
-0 1 0
"></Normal>
     </IndexedTriangleSet>
    </Shape>
    <Shape DEF="face13">
     <Appearance><Material DEF="matface13" diffuseColor="1.000000 0.000000 0.000000" shininess="0.9" specularColor="0.2 0.2 0.2" transparency="0"></Material></Appearance>
     <IndexedTriangleSet DEF="setface13" index="
13 0 14 15 14 0 12 0 13 16 15 0 11 0 12 17 16 0 10 0 11 18 17 0 9 0 10 19 18 0 8 0 9 20 19 0 7 0 8 21 20 0 6 0 7 22 21 0 5 0 6 23 22 0 4 0 5 1 76 75 1 77 76 1 78 77 1 79 78 1 4 79 1 0 4 74 1 75 73 1 74 72 1 73 71 1 72 70 1 71 69 1 70 68 1 69 67 1 68 66 1 67 2 23 0 2 24 23 2 25 24 2 26 25 2 27 26 2 28 27 2 29 28 2 30 29 2 31 30 2 32 31 2 33 32 2 34 33 2 35 34 2 36 35 37 36 2 65 1 66 38 37 2 64 1 65 39 38 2 63 1 64 40 39 2 41 40 2 42 41 2 3 42 2 3 43 42 3 44 43 3 45 44 3 46 45 3 47 46 3 48 47 3 49 48 3 50 49 3 51 50 3 52 51 3 53 52 3 54 53 3 55 54 3 56 55 3 57 56 3 58 57 3 59 58 3 1 61 61 1 62 62 1 63 3 61 60 3 60 59 
">
      <Coordinate point="
2 67.5 50
2 82.5 50
2 67.5 70
2 82.5 70
2 75 55
2 74.5814 55.0176
2 74.1776 55.0681
2 73.7701 55.1536
2 73.3723 55.2724
2 72.9868 55.4232
2 72.6159 55.605
2 72.2621 55.8162
2 71.9277 56.0553
2 71.6147 56.3204
2 71.325 56.6097
2 71.0604 56.9211
2 70.8226 57.2523
2 70.613 57.6013
2 70.4327 57.9654
2 70.2828 58.3423
2 70.1641 58.7295
2 70.0773 59.1243
2 70.0227 59.5242
2 70.0005 59.9265
2 70.014 60.3733
2 70.0671 60.8161
2 70.1592 61.2516
2 70.2894 61.6763
2 70.4564 62.087
2 70.6587 62.4805
2 70.8945 62.8539
2 71.1616 63.2042
2 71.4579 63.529
2 71.7809 63.8259
2 72.1278 64.0927
2 72.4958 64.3277
2 72.882 64.5292
2 73.2831 64.696
2 73.6961 64.827
2 74.1176 64.9215
2 74.5444 64.9792
2 74.7769 64.995
2 75 65
2 75.4186 64.9824
2 75.8224 64.9319
2 76.2299 64.8464
2 76.6277 64.7276
2 77.0132 64.5768
2 77.3841 64.395
2 77.7379 64.1838
2 78.0723 63.9447
2 78.3853 63.6796
2 78.675 63.3903
2 78.9396 63.0789
2 79.1774 62.7477
2 79.387 62.3987
2 79.5673 62.0346
2 79.7172 61.6577
2 79.8359 61.2705
2 79.9227 60.8757
2 79.9773 60.4758
2 79.9995 60.0735
2 79.986 59.6267
2 79.9329 59.1839
2 79.8408 58.7484
2 79.7106 58.3237
2 79.5436 57.913
2 79.3413 57.5195
2 79.1055 57.1461
2 78.8384 56.7958
2 78.5421 56.471
2 78.2191 56.1741
2 77.8722 55.9073
2 77.5042 55.6723
2 77.118 55.4708
2 76.7169 55.304
2 76.3039 55.173
2 75.8824 55.0785
2 75.4556 55.0208
2 75.2231 55.005
"></Coordinate>
      <Normal vector="
-1 -0 0
-1 -0 0
-1 -0 0
-1 -0 0
-1 -0 0
-1 -0 0
-1 -0 0
-1 -0 0
-1 -0 0
-1 -0 0
-1 -0 0
-1 -0 0
-1 -0 0
-1 -0 0
-1 -0 0
-1 -0 0
-1 -0 0
-1 -0 0
-1 -0 0
-1 -0 0
-1 -0 0
-1 -0 0
-1 -0 0
-1 -0 0
-1 -0 0
-1 -0 0
-1 -0 0
-1 -0 0
-1 -0 0
-1 -0 0
-1 -0 0
-1 -0 0
-1 -0 0
-1 -0 0
-1 -0 0
-1 -0 0
-1 -0 0
-1 -0 0
-1 -0 0
-1 -0 0
-1 -0 0
-1 -0 0
-1 -0 0
-1 -0 0
-1 -0 0
-1 -0 0
-1 -0 0
-1 -0 0
-1 -0 0
-1 -0 0
-1 -0 0
-1 -0 0
-1 -0 0
-1 -0 0
-1 -0 0
-1 -0 0
-1 -0 0
-1 -0 0
-1 -0 0
-1 -0 0
-1 -0 0
-1 -0 0
-1 -0 0
-1 -0 0
-1 -0 0
-1 -0 0
-1 -0 0
-1 -0 0
-1 -0 0
-1 -0 0
-1 -0 0
-1 -0 0
-1 -0 0
-1 -0 0
-1 -0 0
-1 -0 0
-1 -0 0
-1 -0 0
-1 -0 0
-1 -0 0
"></Normal>
     </IndexedTriangleSet>
    </Shape>
    <Shape DEF="face14">
     <Appearance><Material DEF="matface14" diffuseColor="1.000000 0.000000 0.000000" shininess="0.9" specularColor="0.2 0.2 0.2" transparency="0"></Material></Appearance>
     <IndexedTriangleSet DEF="setface14" index="
1 2 3 1 3 0 
">
      <Coordinate point="
2 67.5 50
2 82.5 50
5 82.5 50
5 67.5 50
"></Coordinate>
      <Normal vector="
0 0 -1
0 0 -1
0 0 -1
0 0 -1
"></Normal>
     </IndexedTriangleSet>
    </Shape>
    <Shape DEF="face15">
     <Appearance><Material DEF="matface15" diffuseColor="1.000000 0.000000 0.000000" shininess="0.9" specularColor="0.2 0.2 0.2" transparency="0"></Material></Appearance>
     <IndexedTriangleSet DEF="setface15" index="
1 55 0 1 56 55 2 56 1 2 57 56 3 57 2 3 58 57 4 58 3 4 59 58 5 59 4 5 60 59 6 60 5 6 61 60 7 61 6 7 62 61 8 62 7 8 63 62 9 63 8 9 64 63 10 65 64 10 64 9 11 66 65 11 65 10 12 66 11 12 67 66 13 68 67 13 67 12 14 69 68 14 68 13 15 70 69 15 69 14 16 71 70 16 70 15 17 72 71 17 71 16 18 72 17 18 73 72 19 73 18 19 74 73 20 74 19 20 75 74 21 75 20 21 76 75 22 76 21 22 77 76 23 77 22 23 78 77 24 78 23 24 79 78 25 79 24 25 80 79 26 80 25 26 81 80 27 81 26 27 82 81 28 82 27 28 83 82 29 83 28 29 84 83 30 84 29 30 85 84 30 86 85 31 86 30 32 86 31 32 87 86 33 87 32 33 88 87 34 88 33 34 89 88 35 89 34 35 90 89 36 90 35 36 91 90 37 91 36 37 92 91 38 92 37 38 93 92 39 93 38 39 94 93 40 94 39 40 95 94 41 95 40 41 96 95 41 97 96 42 97 41 43 97 42 43 98 97 44 98 43 44 99 98 44 100 99 45 100 44 46 100 45 46 101 100 47 102 101 47 101 46 48 103 102 48 102 47 49 104 103 49 103 48 50 105 104 50 104 49 51 106 105 51 105 50 52 107 106 52 106 51 53 54 107 53 107 52 
">
      <Coordinate point="
2 75 65
2 75.2927 64.9914
2 75.6014 64.9637
2 75.89 64.9202
2 76.1751 64.86
2 76.4558 64.7834
2 76.7313 64.6907
2 77.0005 64.5823
2 77.2627 64.4587
2 77.517 64.3203
2 77.7626 64.1675
2 77.9987 64.001
2 78.2245 63.8213
2 78.4394 63.6291
2 78.6427 63.4251
2 78.8337 63.2098
2 79.0118 62.9842
2 79.1765 62.749
2 79.3273 62.5049
2 79.4638 62.2527
2 79.5854 61.9934
2 79.692 61.7278
2 79.7831 61.4568
2 79.8585 61.1812
2 79.918 60.902
2 79.9614 60.6201
2 79.9887 60.3364
2 79.9997 60.0519
2 79.993 59.7358
2 79.9664 59.4212
2 79.92 59.1091
2 79.8541 58.8009
2 79.769 58.4977
2 79.6651 58.2009
2 79.5429 57.9114
2 79.4029 57.6304
2 79.2457 57.3591
2 79.072 57.0984
2 78.8825 56.8494
2 78.6781 56.613
2 78.4595 56.39
2 78.2277 56.1814
2 77.9837 55.9878
2 77.7283 55.81
2 77.4628 55.6486
2 77.1881 55.5042
2 76.9053 55.3773
2 76.6156 55.2682
2 76.3202 55.1774
2 76.0201 55.1052
2 75.7167 55.0516
2 75.411 55.0169
2 75.2016 55.0041
2 75 55
5 75 55
5 75 65
5 75.2927 64.9914
5 75.6014 64.9637
5 75.89 64.9202
5 76.1751 64.86
5 76.4558 64.7834
5 76.7313 64.6907
5 77.0005 64.5823
5 77.2627 64.4587
5 77.517 64.3203
5 77.7626 64.1675
5 77.9987 64.001
5 78.2245 63.8213
5 78.4394 63.6291
5 78.6427 63.4251
5 78.8337 63.2098
5 79.0118 62.9842
5 79.1765 62.749
5 79.3273 62.5049
5 79.4638 62.2527
5 79.5854 61.9934
5 79.692 61.7278
5 79.7831 61.4568
5 79.8585 61.1812
5 79.918 60.902
5 79.9614 60.6201
5 79.9887 60.3364
5 79.9997 60.0519
5 79.993 59.7358
5 79.9664 59.4212
5 79.92 59.1091
5 79.8541 58.8009
5 79.769 58.4977
5 79.6651 58.2009
5 79.5429 57.9114
5 79.4029 57.6304
5 79.2457 57.3591
5 79.072 57.0984
5 78.8825 56.8494
5 78.6781 56.613
5 78.4595 56.39
5 78.2277 56.1814
5 77.9837 55.9878
5 77.7283 55.81
5 77.4628 55.6486
5 77.1881 55.5042
5 76.9053 55.3773
5 76.6156 55.2682
5 76.3202 55.1774
5 76.0201 55.1052
5 75.7167 55.0516
5 75.411 55.0169
5 75.2016 55.0041
"></Coordinate>
      <Normal vector="
0 0 -1
-0 -0.0585382 -0.998285
-0 -0.120275 -0.992741
-0 -0.177991 -0.984032
-0 -0.235016 -0.971992
-0 -0.291164 -0.956673
-0 -0.346253 -0.938141
-0 -0.400104 -0.91647
-0 -0.452544 -0.891742
-0 -0.503403 -0.864052
-0 -0.55252 -0.8335
-0 -0.599737 -0.800197
-0 -0.644905 -0.764262
-0 -0.687882 -0.725822
-0 -0.728533 -0.685011
-0 -0.76673 -0.64197
-0 -0.802356 -0.596846
-0 -0.8353 -0.549794
-0 -0.865463 -0.500973
-0 -0.892752 -0.450548
-0 -0.917087 -0.398688
-0 -0.938395 -0.345565
-0 -0.956614 -0.291358
-0 -0.971694 -0.236243
-0 -0.983593 -0.180404
-0 -0.992279 -0.124024
-0 -0.997734 -0.067287
-0 -0.999946 -0.0103775
0 -0.998603 0.0528326
0 -0.993276 0.115769
0 -0.983998 0.178181
0 -0.970817 0.239823
0 -0.953797 0.300451
0 -0.933018 0.359829
0 -0.908574 0.417724
0 -0.880572 0.473913
0 -0.849133 0.528179
0 -0.814394 0.580313
0 -0.7765 0.630118
0 -0.735611 0.677404
0 -0.691897 0.721996
0 -0.64554 0.763726
0 -0.59673 0.802442
0 -0.545666 0.838003
0 -0.492556 0.870281
0 -0.437614 0.899163
0 -0.381062 0.924549
0 -0.323125 0.946356
0 -0.264035 0.964513
0 -0.204025 0.978966
0 -0.143331 0.989675
0 -0.0821929 0.996616
0 -0.0403195 0.999187
0 -0 1
0 0 1
0 0 -1
-0 -0.0585382 -0.998285
-0 -0.120275 -0.992741
-0 -0.177991 -0.984032
-0 -0.235016 -0.971992
-0 -0.291164 -0.956673
-0 -0.346253 -0.938141
-0 -0.400104 -0.91647
-0 -0.452544 -0.891742
-0 -0.503403 -0.864052
-0 -0.55252 -0.8335
-0 -0.599737 -0.800197
-0 -0.644905 -0.764262
-0 -0.687882 -0.725822
-0 -0.728533 -0.685011
-0 -0.76673 -0.64197
-0 -0.802356 -0.596846
-0 -0.8353 -0.549794
-0 -0.865463 -0.500973
-0 -0.892752 -0.450548
-0 -0.917087 -0.398688
-0 -0.938395 -0.345565
-0 -0.956614 -0.291358
-0 -0.971694 -0.236243
-0 -0.983593 -0.180404
-0 -0.992279 -0.124024
-0 -0.997734 -0.067287
-0 -0.999946 -0.0103775
0 -0.998603 0.0528326
0 -0.993276 0.115769
0 -0.983998 0.178181
0 -0.970817 0.239823
0 -0.953797 0.300451
0 -0.933018 0.359829
0 -0.908574 0.417724
0 -0.880572 0.473913
0 -0.849133 0.528179
0 -0.814394 0.580313
0 -0.7765 0.630118
0 -0.735611 0.677404
0 -0.691897 0.721996
0 -0.64554 0.763726
0 -0.59673 0.802442
0 -0.545666 0.838003
0 -0.492556 0.870281
0 -0.437614 0.899163
0 -0.381062 0.924549
0 -0.323125 0.946356
0 -0.264035 0.964513
0 -0.204025 0.978966
0 -0.143331 0.989675
0 -0.0821929 0.996616
0 -0.0403195 0.999187
"></Normal>
     </IndexedTriangleSet>
    </Shape>
    <Shape DEF="face16">
     <Appearance><Material DEF="matface16" diffuseColor="1.000000 0.000000 0.000000" shininess="0.9" specularColor="0.2 0.2 0.2" transparency="0"></Material></Appearance>
     <IndexedTriangleSet DEF="setface16" index="
1 55 0 1 56 55 2 56 1 2 57 56 3 57 2 3 58 57 4 58 3 4 59 58 5 59 4 5 60 59 6 60 5 6 61 60 7 61 6 7 62 61 8 62 7 8 63 62 9 63 8 9 64 63 10 65 64 10 64 9 11 66 65 11 65 10 12 66 11 12 67 66 13 68 67 13 67 12 14 69 68 14 68 13 15 70 69 15 69 14 16 71 70 16 70 15 17 72 71 17 71 16 18 72 17 18 73 72 19 73 18 19 74 73 20 74 19 20 75 74 21 75 20 21 76 75 22 76 21 22 77 76 23 77 22 23 78 77 24 78 23 24 79 78 25 79 24 25 80 79 26 80 25 26 81 80 27 81 26 27 82 81 28 82 27 28 83 82 29 83 28 29 84 83 30 84 29 30 85 84 30 86 85 31 86 30 32 86 31 32 87 86 33 87 32 33 88 87 33 89 88 34 89 33 35 89 34 35 90 89 36 90 35 36 91 90 37 91 36 37 92 91 38 92 37 38 93 92 39 93 38 39 94 93 39 95 94 40 95 39 40 96 95 41 96 40 42 96 41 42 97 96 43 97 42 43 98 97 44 98 43 44 99 98 45 99 44 45 100 99 45 101 100 46 101 45 47 102 101 47 101 46 48 103 102 48 102 47 49 104 103 49 103 48 50 105 104 50 104 49 51 106 105 51 105 50 52 107 106 52 106 51 53 54 107 53 107 52 
">
      <Coordinate point="
2 75 55
2 74.7073 55.0086
2 74.3986 55.0363
2 74.11 55.0798
2 73.8249 55.14
2 73.5442 55.2166
2 73.2687 55.3093
2 72.9995 55.4177
2 72.7373 55.5413
2 72.483 55.6797
2 72.2374 55.8325
2 72.0013 55.999
2 71.7755 56.1787
2 71.5606 56.3709
2 71.3573 56.5749
2 71.1663 56.7902
2 70.9882 57.0158
2 70.8235 57.251
2 70.6727 57.4951
2 70.5362 57.7473
2 70.4146 58.0066
2 70.308 58.2722
2 70.2169 58.5432
2 70.1415 58.8188
2 70.082 59.098
2 70.0386 59.3799
2 70.0113 59.6636
2 70.0003 59.9481
2 70.007 60.2642
2 70.0336 60.5788
2 70.08 60.8909
2 70.1459 61.1991
2 70.231 61.5023
2 70.3349 61.7991
2 70.4571 62.0886
2 70.5971 62.3696
2 70.7543 62.6409
2 70.928 62.9016
2 71.1175 63.1506
2 71.3219 63.387
2 71.5405 63.61
2 71.7723 63.8186
2 72.0163 64.0122
2 72.2717 64.19
2 72.5372 64.3514
2 72.8119 64.4958
2 73.0947 64.6227
2 73.3844 64.7318
2 73.6798 64.8226
2 73.9799 64.8948
2 74.2833 64.9484
2 74.589 64.9831
2 74.7984 64.9959
2 75 65
5 75 65
5 75 55
5 74.7073 55.0086
5 74.3986 55.0363
5 74.11 55.0798
5 73.8249 55.14
5 73.5442 55.2166
5 73.2687 55.3093
5 72.9995 55.4177
5 72.7373 55.5413
5 72.483 55.6797
5 72.2374 55.8325
5 72.0013 55.999
5 71.7755 56.1787
5 71.5606 56.3709
5 71.3573 56.5749
5 71.1663 56.7902
5 70.9882 57.0158
5 70.8235 57.251
5 70.6727 57.4951
5 70.5362 57.7473
5 70.4146 58.0066
5 70.308 58.2722
5 70.2169 58.5432
5 70.1415 58.8188
5 70.082 59.098
5 70.0386 59.3799
5 70.0113 59.6636
5 70.0003 59.9481
5 70.007 60.2642
5 70.0336 60.5788
5 70.08 60.8909
5 70.1459 61.1991
5 70.231 61.5023
5 70.3349 61.7991
5 70.4571 62.0886
5 70.5971 62.3696
5 70.7543 62.6409
5 70.928 62.9016
5 71.1175 63.1506
5 71.3219 63.387
5 71.5405 63.61
5 71.7723 63.8186
5 72.0163 64.0122
5 72.2717 64.19
5 72.5372 64.3514
5 72.8119 64.4958
5 73.0947 64.6227
5 73.3844 64.7318
5 73.6798 64.8226
5 73.9799 64.8948
5 74.2833 64.9484
5 74.589 64.9831
5 74.7984 64.9959
"></Coordinate>
      <Normal vector="
0 0 1
0 0.0585382 0.998285
0 0.120275 0.992741
0 0.177991 0.984032
0 0.235016 0.971992
0 0.291164 0.956673
0 0.346253 0.938141
0 0.400104 0.91647
0 0.452544 0.891742
0 0.503403 0.864052
0 0.55252 0.8335
0 0.599737 0.800197
0 0.644905 0.764262
0 0.687882 0.725822
0 0.728533 0.685011
0 0.76673 0.64197
0 0.802356 0.596846
0 0.8353 0.549794
0 0.865463 0.500973
0 0.892752 0.450548
0 0.917087 0.398688
0 0.938395 0.345565
0 0.956614 0.291358
0 0.971694 0.236243
0 0.983593 0.180404
0 0.992279 0.124024
0 0.997734 0.067287
0 0.999946 0.0103775
0 0.998603 -0.0528326
0 0.993276 -0.115769
0 0.983998 -0.178181
0 0.970817 -0.239823
0 0.953797 -0.300451
0 0.933018 -0.359829
0 0.908574 -0.417724
0 0.880572 -0.473913
0 0.849133 -0.528179
0 0.814394 -0.580313
0 0.7765 -0.630118
0 0.735611 -0.677404
0 0.691897 -0.721996
0 0.64554 -0.763726
0 0.59673 -0.802442
0 0.545666 -0.838003
0 0.492556 -0.870281
0 0.437614 -0.899163
0 0.381062 -0.924549
0 0.323125 -0.946356
0 0.264035 -0.964513
0 0.204025 -0.978966
0 0.143331 -0.989675
0 0.0821929 -0.996616
0 0.0403195 -0.999187
0 -0 -1
0 0 -1
0 0 1
0 0.0585382 0.998285
0 0.120275 0.992741
0 0.177991 0.984032
0 0.235016 0.971992
0 0.291164 0.956673
0 0.346253 0.938141
0 0.400104 0.91647
0 0.452544 0.891742
0 0.503403 0.864052
0 0.55252 0.8335
0 0.599737 0.800197
0 0.644905 0.764262
0 0.687882 0.725822
0 0.728533 0.685011
0 0.76673 0.64197
0 0.802356 0.596846
0 0.8353 0.549794
0 0.865463 0.500973
0 0.892752 0.450548
0 0.917087 0.398688
0 0.938395 0.345565
0 0.956614 0.291358
0 0.971694 0.236243
0 0.983593 0.180404
0 0.992279 0.124024
0 0.997734 0.067287
0 0.999946 0.0103775
0 0.998603 -0.0528326
0 0.993276 -0.115769
0 0.983998 -0.178181
0 0.970817 -0.239823
0 0.953797 -0.300451
0 0.933018 -0.359829
0 0.908574 -0.417724
0 0.880572 -0.473913
0 0.849133 -0.528179
0 0.814394 -0.580313
0 0.7765 -0.630118
0 0.735611 -0.677404
0 0.691897 -0.721996
0 0.64554 -0.763726
0 0.59673 -0.802442
0 0.545666 -0.838003
0 0.492556 -0.870281
0 0.437614 -0.899163
0 0.381062 -0.924549
0 0.323125 -0.946356
0 0.264035 -0.964513
0 0.204025 -0.978966
0 0.143331 -0.989675
0 0.0821929 -0.996616
0 0.0403195 -0.999187
"></Normal>
     </IndexedTriangleSet>
    </Shape>
    <Shape DEF="face17">
     <Appearance><Material DEF="matface17" diffuseColor="1.000000 0.568627 0.000000" shininess="0.9" specularColor="0.2 0.2 0.2" transparency="0"></Material></Appearance>
     <IndexedTriangleSet DEF="setface17" index="
45 43 42 45 44 43 47 46 45 48 47 45 50 48 45 50 45 42 50 42 41 50 49 48 51 50 41 52 41 40 52 51 41 53 52 40 54 53 40 54 39 38 54 40 39 55 54 38 56 37 36 56 38 37 56 55 38 57 56 36 57 36 35 58 57 35 59 34 33 59 35 34 59 58 35 60 59 33 60 33 32 61 60 32 62 32 31 62 61 32 63 62 31 63 31 30 64 63 30 64 30 29 65 64 29 65 29 28 66 65 28 66 28 27 67 66 27 67 27 26 2 4 3 68 67 26 68 26 25 69 25 24 69 68 25 0 2 1 0 5 4 0 4 2 70 24 23 70 69 24 91 5 0 71 70 23 71 23 22 72 22 21 72 71 22 73 72 21 73 21 20 88 90 89 88 91 90 74 73 20 74 19 18 74 20 19 87 6 5 87 5 91 87 91 88 75 74 18 86 6 87 76 18 17 76 75 18 85 7 6 85 8 7 85 6 86 77 17 16 77 76 17 84 8 85 78 15 14 78 16 15 78 77 16 83 9 8 83 8 84 79 14 13 79 78 14 82 9 83 82 10 9 82 11 10 80 79 13 81 12 11 81 13 12 81 11 82 81 80 13 
">
      <Coordinate point="
190 75 55
190 74.665 55.0112
190 74.3093 55.0479
190 73.9805 55.105
190 73.6568 55.1838
190 73.3397 55.2837
190 73.0304 55.4043
190 72.7303 55.5449
190 72.4405 55.7048
190 72.1624 55.8832
190 71.8971 56.0793
190 71.6456 56.2922
190 71.409 56.5208
190 71.1882 56.7643
190 70.9841 57.0213
190 70.7975 57.2909
190 70.6292 57.5718
190 70.4798 57.8627
190 70.3499 58.1625
190 70.2399 58.4698
190 70.1503 58.7832
190 70.0814 59.1015
190 70.0334 59.4232
190 70.0064 59.747
190 70.0005 60.0715
190 70.0186 60.4313
190 70.0625 60.7884
190 70.1319 61.1409
190 70.2263 61.4871
190 70.345 61.8252
190 70.4875 62.1535
190 70.6529 62.4704
190 70.8402 62.7742
190 71.0484 63.0635
190 71.2764 63.3368
190 71.5228 63.5929
190 71.7865 63.8306
190 72.0658 64.0485
190 72.3595 64.2459
190 72.6659 64.4218
190 72.9834 64.5753
190 73.3103 64.7058
190 73.645 64.8129
190 73.9858 64.8961
190 74.3308 64.955
190 74.6752 64.9894
190 75 65
190 75.335 64.9888
190 75.6907 64.9521
190 76.0195 64.895
190 76.3432 64.8162
190 76.6603 64.7163
190 76.9696 64.5957
190 77.2697 64.4551
190 77.5595 64.2952
190 77.8376 64.1168
190 78.1029 63.9207
190 78.3544 63.7078
190 78.591 63.4792
190 78.8118 63.2357
190 79.0159 62.9787
190 79.2025 62.7091
190 79.3708 62.4282
190 79.5202 62.1373
190 79.6501 61.8375
190 79.7601 61.5302
190 79.8497 61.2168
190 79.9186 60.8985
190 79.9666 60.5768
190 79.9936 60.253
190 79.9995 59.9285
190 79.9814 59.5687
190 79.9375 59.2116
190 79.8681 58.8591
190 79.7737 58.5129
190 79.655 58.1748
190 79.5125 57.8465
190 79.3471 57.5296
190 79.1598 57.2258
190 78.9516 56.9365
190 78.7236 56.6632
190 78.4772 56.4071
190 78.2135 56.1694
190 77.9342 55.9515
190 77.6405 55.7541
190 77.3341 55.5782
190 77.0166 55.4247
190 76.6897 55.2942
190 76.355 55.1871
190 76.0142 55.1039
190 75.6692 55.045
190 75.3248 55.0106
"></Coordinate>
      <Normal vector="
1 -0 0
1 -0 0
1 -0 0
1 -0 0
1 -0 0
1 -0 0
1 -0 0
1 -0 0
1 -0 0
1 -0 0
1 -0 0
1 -0 0
1 -0 0
1 -0 0
1 -0 0
1 -0 0
1 -0 0
1 -0 0
1 -0 0
1 -0 0
1 -0 0
1 -0 0
1 -0 0
1 -0 0
1 -0 0
1 -0 0
1 -0 0
1 -0 0
1 -0 0
1 -0 0
1 -0 0
1 -0 0
1 -0 0
1 -0 0
1 -0 0
1 -0 0
1 -0 0
1 -0 0
1 -0 0
1 -0 0
1 -0 0
1 -0 0
1 -0 0
1 -0 0
1 -0 0
1 -0 0
1 -0 0
1 -0 0
1 -0 0
1 -0 0
1 -0 0
1 -0 0
1 -0 0
1 -0 0
1 -0 0
1 -0 0
1 -0 0
1 -0 0
1 -0 0
1 -0 0
1 -0 0
1 -0 0
1 -0 0
1 -0 0
1 -0 0
1 -0 0
1 -0 0
1 -0 0
1 -0 0
1 -0 0
1 -0 0
1 -0 0
1 -0 0
1 -0 0
1 -0 0
1 -0 0
1 -0 0
1 -0 0
1 -0 0
1 -0 0
1 -0 0
1 -0 0
1 -0 0
1 -0 0
1 -0 0
1 -0 0
1 -0 0
1 -0 0
1 -0 0
1 -0 0
1 -0 0
1 -0 0
"></Normal>
     </IndexedTriangleSet>
    </Shape>
    <Shape DEF="face18">
     <Appearance><Material DEF="matface18" diffuseColor="1.000000 0.568627 0.000000" shininess="0.9" specularColor="0.2 0.2 0.2" transparency="0"></Material></Appearance>
     <IndexedTriangleSet DEF="setface18" index="
45 43 42 45 44 43 47 46 45 48 47 45 50 48 45 50 45 42 50 42 41 50 49 48 51 50 41 52 41 40 52 51 41 53 52 40 54 53 40 54 39 38 54 40 39 55 54 38 56 37 36 56 38 37 56 55 38 57 56 36 57 36 35 58 57 35 59 34 33 59 35 34 59 58 35 60 59 33 60 33 32 61 60 32 62 32 31 62 61 32 63 62 31 63 31 30 64 63 30 64 30 29 65 64 29 65 29 28 66 65 28 66 28 27 67 66 27 67 27 26 2 4 3 68 67 26 68 26 25 69 25 24 69 68 25 0 2 1 0 5 4 0 4 2 70 24 23 70 69 24 91 5 0 71 70 23 71 23 22 72 22 21 72 71 22 73 72 21 73 21 20 88 90 89 88 91 90 74 73 20 74 19 18 74 20 19 87 6 5 87 5 91 87 91 88 75 74 18 86 6 87 76 18 17 76 75 18 85 7 6 85 8 7 85 6 86 77 17 16 77 76 17 84 8 85 78 15 14 78 16 15 78 77 16 83 9 8 83 8 84 79 14 13 79 78 14 82 9 83 82 10 9 82 11 10 80 79 13 81 12 11 81 13 12 81 11 82 81 80 13 
">
      <Coordinate point="
-10 75 65
-10 74.665 64.9888
-10 74.3093 64.9521
-10 73.9805 64.895
-10 73.6568 64.8162
-10 73.3397 64.7163
-10 73.0304 64.5957
-10 72.7303 64.4551
-10 72.4405 64.2952
-10 72.1624 64.1168
-10 71.8971 63.9207
-10 71.6456 63.7078
-10 71.409 63.4792
-10 71.1882 63.2357
-10 70.9841 62.9787
-10 70.7975 62.7091
-10 70.6292 62.4282
-10 70.4798 62.1373
-10 70.3499 61.8375
-10 70.2399 61.5302
-10 70.1503 61.2168
-10 70.0814 60.8985
-10 70.0334 60.5768
-10 70.0064 60.253
-10 70.0005 59.9285
-10 70.0186 59.5687
-10 70.0625 59.2116
-10 70.1319 58.8591
-10 70.2263 58.5129
-10 70.345 58.1748
-10 70.4875 57.8465
-10 70.6529 57.5296
-10 70.8402 57.2258
-10 71.0484 56.9365
-10 71.2764 56.6632
-10 71.5228 56.4071
-10 71.7865 56.1694
-10 72.0658 55.9515
-10 72.3595 55.7541
-10 72.6659 55.5782
-10 72.9834 55.4247
-10 73.3103 55.2942
-10 73.645 55.1871
-10 73.9858 55.1039
-10 74.3308 55.045
-10 74.6752 55.0106
-10 75 55
-10 75.335 55.0112
-10 75.6907 55.0479
-10 76.0195 55.105
-10 76.3432 55.1838
-10 76.6603 55.2837
-10 76.9696 55.4043
-10 77.2697 55.5449
-10 77.5595 55.7048
-10 77.8376 55.8832
-10 78.1029 56.0793
-10 78.3544 56.2922
-10 78.591 56.5208
-10 78.8118 56.7643
-10 79.0159 57.0213
-10 79.2025 57.2909
-10 79.3708 57.5718
-10 79.5202 57.8627
-10 79.6501 58.1625
-10 79.7601 58.4698
-10 79.8497 58.7832
-10 79.9186 59.1015
-10 79.9666 59.4232
-10 79.9936 59.747
-10 79.9995 60.0715
-10 79.9814 60.4313
-10 79.9375 60.7884
-10 79.8681 61.1409
-10 79.7737 61.4871
-10 79.655 61.8252
-10 79.5125 62.1535
-10 79.3471 62.4704
-10 79.1598 62.7742
-10 78.9516 63.0635
-10 78.7236 63.3368
-10 78.4772 63.5929
-10 78.2135 63.8306
-10 77.9342 64.0485
-10 77.6405 64.2459
-10 77.3341 64.4218
-10 77.0166 64.5753
-10 76.6897 64.7058
-10 76.355 64.8129
-10 76.0142 64.8961
-10 75.6692 64.955
-10 75.3248 64.9894
"></Coordinate>
      <Normal vector="
-1 -0 0
-1 -0 0
-1 -0 0
-1 -0 0
-1 -0 0
-1 -0 0
-1 -0 0
-1 -0 0
-1 -0 0
-1 -0 0
-1 -0 0
-1 -0 0
-1 -0 0
-1 -0 0
-1 -0 0
-1 -0 0
-1 -0 0
-1 -0 0
-1 -0 0
-1 -0 0
-1 -0 0
-1 -0 0
-1 -0 0
-1 -0 0
-1 -0 0
-1 -0 0
-1 -0 0
-1 -0 0
-1 -0 0
-1 -0 0
-1 -0 0
-1 -0 0
-1 -0 0
-1 -0 0
-1 -0 0
-1 -0 0
-1 -0 0
-1 -0 0
-1 -0 0
-1 -0 0
-1 -0 0
-1 -0 0
-1 -0 0
-1 -0 0
-1 -0 0
-1 -0 0
-1 -0 0
-1 -0 0
-1 -0 0
-1 -0 0
-1 -0 0
-1 -0 0
-1 -0 0
-1 -0 0
-1 -0 0
-1 -0 0
-1 -0 0
-1 -0 0
-1 -0 0
-1 -0 0
-1 -0 0
-1 -0 0
-1 -0 0
-1 -0 0
-1 -0 0
-1 -0 0
-1 -0 0
-1 -0 0
-1 -0 0
-1 -0 0
-1 -0 0
-1 -0 0
-1 -0 0
-1 -0 0
-1 -0 0
-1 -0 0
-1 -0 0
-1 -0 0
-1 -0 0
-1 -0 0
-1 -0 0
-1 -0 0
-1 -0 0
-1 -0 0
-1 -0 0
-1 -0 0
-1 -0 0
-1 -0 0
-1 -0 0
-1 -0 0
-1 -0 0
-1 -0 0
"></Normal>
     </IndexedTriangleSet>
    </Shape>
    <Shape DEF="face19">
     <Appearance><Material DEF="matface19" diffuseColor="1.000000 0.568627 0.000000" shininess="0.9" specularColor="0.2 0.2 0.2" transparency="0"></Material></Appearance>
     <IndexedTriangleSet DEF="setface19" index="
28 26 27 29 25 26 29 26 28 30 25 29 30 24 25 31 24 30 31 23 24 32 23 31 32 22 23 33 22 32 33 21 22 34 20 21 34 21 33 35 19 20 35 20 34 36 18 19 36 19 35 37 17 18 37 18 36 38 16 17 38 17 37 39 15 16 39 16 38 40 15 39 40 14 15 41 14 40 41 13 14 42 13 41 42 12 13 43 11 12 43 12 42 44 10 11 44 11 43 45 9 10 45 10 44 46 8 9 46 9 45 47 8 46 47 7 8 48 7 47 48 6 7 49 6 48 49 5 6 50 4 5 50 5 49 51 3 4 51 4 50 52 2 3 52 3 51 53 1 2 53 2 52 54 0 1 54 1 53 55 0 54 
">
      <Coordinate point="
190 75 65
190 75.6014 64.9637
190 76.1951 64.8551
190 76.7631 64.6788
190 77.3033 64.4379
190 77.8088 64.1365
190 78.2734 63.7795
190 78.6914 63.3725
190 79.0577 62.9214
190 79.3682 62.4328
190 79.6193 61.9136
190 79.8084 61.3708
190 79.9337 60.8118
190 79.994 60.2441
190 79.9894 59.675
190 79.909 59.0503
190 79.7514 58.443
190 79.5201 57.8625
190 79.2195 57.3175
190 78.8552 56.816
190 78.4335 56.3653
190 77.9617 55.9716
190 77.4476 55.64
190 76.8996 55.3749
190 76.3265 55.1792
190 75.7373 55.0547
190 75.357 55.0128
190 75 55
-10 75 55
-10 75.6014 55.0363
-10 76.1951 55.1449
-10 76.7631 55.3212
-10 77.3033 55.5621
-10 77.8088 55.8635
-10 78.2734 56.2205
-10 78.6914 56.6275
-10 79.0577 57.0786
-10 79.3682 57.5672
-10 79.6193 58.0864
-10 79.8084 58.6292
-10 79.9337 59.1882
-10 79.994 59.7559
-10 79.9894 60.325
-10 79.909 60.9497
-10 79.7514 61.557
-10 79.5201 62.1375
-10 79.2195 62.6825
-10 78.8552 63.184
-10 78.4335 63.6347
-10 77.9617 64.0284
-10 77.4476 64.36
-10 76.8996 64.6251
-10 76.3265 64.8208
-10 75.7373 64.9453
-10 75.357 64.9872
-10 75 65
"></Coordinate>
      <Normal vector="
0 2.84217e-15 1
0 0.120275 0.992741
0 0.239015 0.971016
0 0.352618 0.935767
0 0.460659 0.887577
0 0.561769 0.827294
0 0.654688 0.7559
0 0.738281 0.674494
0 0.81155 0.584283
0 0.873644 0.486567
0 0.923866 0.382715
0 0.961684 0.274159
0 0.986731 0.162364
0 0.998808 0.0488166
0 0.997886 -0.0649954
0 0.981795 -0.189944
0 0.950278 -0.311403
0 0.904012 -0.427506
0 0.843897 -0.536506
0 0.771031 -0.636797
0 0.686699 -0.726942
0 0.592339 -0.805689
0 0.489523 -0.87199
0 0.379928 -0.925016
0 0.265305 -0.964164
0 0.147452 -0.989069
0 0.0713903 -0.997448
0 0 -1
0 -0 -1
0 0.120275 -0.992741
0 0.239015 -0.971016
0 0.352618 -0.935767
0 0.460659 -0.887577
0 0.561769 -0.827294
0 0.654688 -0.7559
0 0.738281 -0.674494
0 0.81155 -0.584283
0 0.873644 -0.486567
0 0.923866 -0.382715
0 0.961684 -0.274159
0 0.986731 -0.162364
0 0.998808 -0.0488166
0 0.997886 0.0649954
0 0.981795 0.189944
0 0.950278 0.311403
0 0.904012 0.427506
0 0.843897 0.536506
0 0.771031 0.636797
0 0.686699 0.726942
0 0.592339 0.805689
0 0.489523 0.87199
0 0.379928 0.925016
0 0.265305 0.964164
0 0.147452 0.989069
0 0.0713903 0.997448
0 0 1
"></Normal>
     </IndexedTriangleSet>
    </Shape>
    <Shape DEF="face20">
     <Appearance><Material DEF="matface20" diffuseColor="1.000000 0.568627 0.000000" shininess="0.9" specularColor="0.2 0.2 0.2" transparency="0"></Material></Appearance>
     <IndexedTriangleSet DEF="setface20" index="
28 26 27 29 25 26 29 26 28 30 25 29 30 24 25 31 24 30 31 23 24 32 23 31 32 22 23 33 22 32 33 21 22 34 20 21 34 21 33 35 19 20 35 20 34 36 18 19 36 19 35 37 17 18 37 18 36 38 16 17 38 17 37 39 15 16 39 16 38 40 15 39 40 14 15 41 14 40 41 13 14 42 13 41 42 12 13 43 11 12 43 12 42 44 10 11 44 11 43 45 9 10 45 10 44 46 8 9 46 9 45 47 8 46 47 7 8 48 7 47 48 6 7 49 6 48 49 5 6 50 4 5 50 5 49 51 3 4 51 4 50 52 2 3 52 3 51 53 1 2 53 2 52 54 0 1 54 1 53 55 0 54 
">
      <Coordinate point="
190 75 55
190 74.3986 55.0363
190 73.8049 55.1449
190 73.2369 55.3212
190 72.6967 55.5621
190 72.1912 55.8635
190 71.7266 56.2205
190 71.3086 56.6275
190 70.9423 57.0786
190 70.6318 57.5672
190 70.3807 58.0864
190 70.1916 58.6292
190 70.0663 59.1882
190 70.006 59.7559
190 70.0106 60.325
190 70.091 60.9497
190 70.2486 61.557
190 70.4799 62.1375
190 70.7805 62.6825
190 71.1448 63.184
190 71.5665 63.6347
190 72.0383 64.0284
190 72.5524 64.36
190 73.1004 64.6251
190 73.6735 64.8208
190 74.2627 64.9453
190 74.643 64.9872
190 75 65
-10 75 65
-10 74.3986 64.9637
-10 73.8049 64.8551
-10 73.2369 64.6788
-10 72.6967 64.4379
-10 72.1912 64.1365
-10 71.7266 63.7795
-10 71.3086 63.3725
-10 70.9423 62.9214
-10 70.6318 62.4328
-10 70.3807 61.9136
-10 70.1916 61.3708
-10 70.0663 60.8118
-10 70.006 60.2441
-10 70.0106 59.675
-10 70.091 59.0503
-10 70.2486 58.443
-10 70.4799 57.8625
-10 70.7805 57.3175
-10 71.1448 56.816
-10 71.5665 56.3653
-10 72.0383 55.9716
-10 72.5524 55.64
-10 73.1004 55.3749
-10 73.6735 55.1792
-10 74.2627 55.0547
-10 74.643 55.0128
-10 75 55
"></Coordinate>
      <Normal vector="
-0 -1.13687e-14 -1
-0 -0.120275 -0.992741
-0 -0.239015 -0.971016
-0 -0.352618 -0.935767
-0 -0.460659 -0.887577
-0 -0.561769 -0.827294
-0 -0.654688 -0.7559
-0 -0.738281 -0.674494
-0 -0.81155 -0.584283
-0 -0.873644 -0.486567
-0 -0.923866 -0.382715
-0 -0.961684 -0.274159
-0 -0.986731 -0.162364
-0 -0.998808 -0.0488166
0 -0.997886 0.0649954
0 -0.981795 0.189944
0 -0.950278 0.311403
0 -0.904012 0.427506
0 -0.843897 0.536506
0 -0.771031 0.636797
0 -0.686699 0.726942
0 -0.592339 0.805689
0 -0.489523 0.87199
0 -0.379928 0.925016
0 -0.265305 0.964164
0 -0.147452 0.989069
0 -0.0713903 0.997448
0 0 1
0 -0 1
0 -0.120275 0.992741
0 -0.239015 0.971016
0 -0.352618 0.935767
0 -0.460659 0.887577
0 -0.561769 0.827294
0 -0.654688 0.7559
0 -0.738281 0.674494
0 -0.81155 0.584283
0 -0.873644 0.486567
0 -0.923866 0.382715
0 -0.961684 0.274159
0 -0.986731 0.162364
0 -0.998808 0.0488166
-0 -0.997886 -0.0649954
-0 -0.981795 -0.189944
-0 -0.950278 -0.311403
-0 -0.904012 -0.427506
-0 -0.843897 -0.536506
-0 -0.771031 -0.636797
-0 -0.686699 -0.726942
-0 -0.592339 -0.805689
-0 -0.489523 -0.87199
-0 -0.379928 -0.925016
-0 -0.265305 -0.964164
-0 -0.147452 -0.989069
-0 -0.0713903 -0.997448
0 0 -1
"></Normal>
     </IndexedTriangleSet>
    </Shape>
    <Shape DEF="face21">
     <Appearance><Material DEF="matface21" diffuseColor="0.000000 0.000000 1.000000" shininess="0.9" specularColor="0.2 0.2 0.2" transparency="0"></Material></Appearance>
     <IndexedTriangleSet DEF="setface21" index="
102 35 34 101 36 35 101 35 102 103 34 33 103 102 34 100 36 101 100 37 36 104 103 33 104 33 32 99 37 100 99 38 37 105 104 32 105 31 30 105 32 31 98 38 99 98 39 38 98 40 39 106 30 29 106 105 30 97 41 40 97 40 98 107 29 28 107 106 29 96 41 97 96 42 41 108 28 27 108 107 28 95 42 96 95 43 42 109 27 26 109 108 27 94 43 95 94 44 43 110 26 25 110 109 26 93 45 44 93 44 94 111 25 24 111 110 25 92 45 93 92 46 45 112 23 22 112 24 23 112 111 24 167 47 46 167 46 92 113 112 22 113 22 21 166 47 167 166 48 47 166 49 48 114 21 20 114 113 21 165 50 49 165 49 166 164 51 50 164 50 165 115 19 18 115 20 19 115 114 20 163 52 51 163 51 164 116 18 17 116 115 18 162 53 52 162 54 53 162 52 163 117 17 16 117 116 17 161 54 162 161 55 54 118 15 14 118 16 15 118 117 16 160 55 161 160 56 55 119 118 14 13 119 14 159 56 160 159 57 56 120 119 13 12 120 13 58 57 159 158 58 159 121 120 12 11 121 12 59 58 158 157 59 158 10 122 121 10 121 11 60 59 157 60 157 156 9 123 122 9 122 10 61 60 156 8 124 123 8 123 9 62 156 155 62 61 156 7 124 8 63 155 154 63 62 155 6 125 124 6 124 7 64 154 153 64 63 154 5 126 125 5 125 6 65 64 153 4 127 126 4 126 5 66 65 153 66 153 152 3 128 127 3 127 4 67 66 152 67 152 151 2 128 3 68 67 151 68 151 150 1 128 2 1 129 128 69 68 150 0 130 129 0 129 1 70 69 150 70 150 149 91 130 0 91 131 130 71 149 148 71 70 149 90 131 91 90 132 131 72 148 147 72 71 148 89 133 132 89 132 90 73 147 146 73 72 147 88 134 133 88 133 89 74 146 145 74 73 146 87 135 134 87 134 88 75 74 145 75 145 144 86 136 135 86 135 87 76 144 143 76 75 144 85 136 86 77 76 143 84 137 136 84 136 85 78 143 142 78 77 143 83 138 137 83 137 84 79 142 141 79 78 142 82 139 138 82 138 83 80 141 140 80 79 141 81 140 139 81 139 82 81 80 140 
">
      <Coordinate point="
25 67.5 30
25.5025 67.5169 30
26.0361 67.5719 30
26.5293 67.6576 30
27.0148 67.7757 30
27.4905 67.9256 30
27.9544 68.1064 30
28.4046 68.3173 30
28.8392 68.5571 30
29.2563 68.8248 30
29.6543 69.1189 30
30.0316 69.4382 30
30.3865 69.7813 30
30.7177 70.1464 30
31.0239 70.532 30
31.3037 70.9364 30
31.5562 71.3577 30
31.7803 71.7941 30
31.9752 72.2438 30
32.1401 72.7047 30
32.2745 73.1748 30
32.3779 73.6522 30
32.4499 74.1348 30
32.4904 74.6205 30
32.4992 75.1073 30
32.472 75.647 30
32.4062 76.1826 30
32.3021 76.7114 30
32.1606 77.2307 30
31.9824 77.7378 30
31.7687 78.2303 30
31.5207 78.7055 30
31.2397 79.1613 30
30.9274 79.5952 30
30.5854 80.0053 30
30.2158 80.3894 30
29.8203 80.7458 30
29.4012 81.0728 30
28.9607 81.3689 30
28.5012 81.6326 30
28.0249 81.8629 30
27.5345 82.0588 30
27.0325 82.2194 30
26.5213 82.3441 30
26.0037 82.4325 30
25.4872 82.4842 30
25 82.5 30
24.4975 82.4831 30
23.9639 82.4281 30
23.4707 82.3424 30
22.9852 82.2243 30
22.5095 82.0744 30
22.0456 81.8936 30
21.5954 81.6827 30
21.1608 81.4429 30
20.7437 81.1752 30
20.3457 80.8811 30
19.9684 80.5618 30
19.6135 80.2187 30
19.2823 79.8536 30
18.9761 79.468 30
18.6963 79.0636 30
18.4438 78.6423 30
18.2197 78.2059 30
18.0248 77.7562 30
17.8599 77.2953 30
17.7255 76.8252 30
17.6221 76.3478 30
17.5501 75.8652 30
17.5096 75.3795 30
17.5008 74.8927 30
17.528 74.353 30
17.5938 73.8174 30
17.6979 73.2886 30
17.8394 72.7693 30
18.0176 72.2622 30
18.2313 71.7697 30
18.4793 71.2945 30
18.7603 70.8387 30
19.0726 70.4048 30
19.4146 69.9947 30
19.7842 69.6106 30
20.1797 69.2542 30
20.5988 68.9272 30
21.0393 68.6311 30
21.4988 68.3674 30
21.9751 68.1371 30
22.4655 67.9412 30
22.9675 67.7806 30
23.4787 67.6559 30
23.9963 67.5675 30
24.5128 67.5158 30
25 80 30
25.4132 79.9829 30
25.8114 79.9337 30
26.2138 79.8504 30
26.6069 79.7347 30
26.9883 79.5877 30
27.3555 79.4104 30
27.7062 79.2043 30
28.0383 78.971 30
28.3498 78.712 30
28.6387 78.4292 30
28.9034 78.1247 30
29.1422 77.8004 30
29.3538 77.4586 30
29.5369 77.1015 30
29.6906 76.7316 30
29.814 76.3511 30
29.9064 75.9627 30
29.9675 75.5687 30
29.997 75.1718 30
29.9949 74.7744 30
29.9556 74.3355 30
29.8781 73.9025 30
29.763 73.4788 30
29.6115 73.0677 30
29.4251 72.6722 30
29.2052 72.2952 30
28.9539 71.9395 30
28.6732 71.6077 30
28.3654 71.3022 30
28.0331 71.025 30
27.6789 70.7782 30
27.3056 70.5633 30
26.9162 70.3817 30
26.5137 70.2346 30
26.1012 70.1228 30
25.6819 70.0467 30
25.3308 70.011 30
25 70 30
24.5868 70.0171 30
24.1886 70.0663 30
23.7862 70.1496 30
23.3931 70.2653 30
23.0117 70.4123 30
22.6445 70.5896 30
22.2938 70.7957 30
21.9617 71.029 30
21.6502 71.288 30
21.3613 71.5708 30
21.0966 71.8753 30
20.8578 72.1996 30
20.6462 72.5414 30
20.4631 72.8985 30
20.3094 73.2684 30
20.186 73.6489 30
20.0936 74.0373 30
20.0325 74.4313 30
20.003 74.8282 30
20.0051 75.2256 30
20.0444 75.6645 30
20.1219 76.0975 30
20.237 76.5212 30
20.3885 76.9323 30
20.5749 77.3278 30
20.7948 77.7048 30
21.0461 78.0605 30
21.3268 78.3923 30
21.6346 78.6978 30
21.9669 78.975 30
22.3211 79.2218 30
22.6944 79.4367 30
23.0838 79.6183 30
23.4863 79.7654 30
23.8988 79.8772 30
24.3181 79.9533 30
24.6692 79.989 30
"></Coordinate>
      <Normal vector="
-0 -0 -1
-0 -0 -1
-0 -0 -1
-0 -0 -1
-0 -0 -1
-0 -0 -1
-0 -0 -1
-0 -0 -1
-0 -0 -1
-0 -0 -1
-0 -0 -1
-0 -0 -1
-0 -0 -1
-0 -0 -1
-0 -0 -1
-0 -0 -1
-0 -0 -1
-0 -0 -1
-0 -0 -1
-0 -0 -1
-0 -0 -1
-0 -0 -1
-0 -0 -1
-0 -0 -1
-0 -0 -1
-0 -0 -1
-0 -0 -1
-0 -0 -1
-0 -0 -1
-0 -0 -1
-0 -0 -1
-0 -0 -1
-0 -0 -1
-0 -0 -1
-0 -0 -1
-0 -0 -1
-0 -0 -1
-0 -0 -1
-0 -0 -1
-0 -0 -1
-0 -0 -1
-0 -0 -1
-0 -0 -1
-0 -0 -1
-0 -0 -1
-0 -0 -1
-0 -0 -1
-0 -0 -1
-0 -0 -1
-0 -0 -1
-0 -0 -1
-0 -0 -1
-0 -0 -1
-0 -0 -1
-0 -0 -1
-0 -0 -1
-0 -0 -1
-0 -0 -1
-0 -0 -1
-0 -0 -1
-0 -0 -1
-0 -0 -1
-0 -0 -1
-0 -0 -1
-0 -0 -1
-0 -0 -1
-0 -0 -1
-0 -0 -1
-0 -0 -1
-0 -0 -1
-0 -0 -1
-0 -0 -1
-0 -0 -1
-0 -0 -1
-0 -0 -1
-0 -0 -1
-0 -0 -1
-0 -0 -1
-0 -0 -1
-0 -0 -1
-0 -0 -1
-0 -0 -1
-0 -0 -1
-0 -0 -1
-0 -0 -1
-0 -0 -1
-0 -0 -1
-0 -0 -1
-0 -0 -1
-0 -0 -1
-0 -0 -1
-0 -0 -1
-0 -0 -1
-0 -0 -1
-0 -0 -1
-0 -0 -1
-0 -0 -1
-0 -0 -1
-0 -0 -1
-0 -0 -1
-0 -0 -1
-0 -0 -1
-0 -0 -1
-0 -0 -1
-0 -0 -1
-0 -0 -1
-0 -0 -1
-0 -0 -1
-0 -0 -1
-0 -0 -1
-0 -0 -1
-0 -0 -1
-0 -0 -1
-0 -0 -1
-0 -0 -1
-0 -0 -1
-0 -0 -1
-0 -0 -1
-0 -0 -1
-0 -0 -1
-0 -0 -1
-0 -0 -1
-0 -0 -1
-0 -0 -1
-0 -0 -1
-0 -0 -1
-0 -0 -1
-0 -0 -1
-0 -0 -1
-0 -0 -1
-0 -0 -1
-0 -0 -1
-0 -0 -1
-0 -0 -1
-0 -0 -1
-0 -0 -1
-0 -0 -1
-0 -0 -1
-0 -0 -1
-0 -0 -1
-0 -0 -1
-0 -0 -1
-0 -0 -1
-0 -0 -1
-0 -0 -1
-0 -0 -1
-0 -0 -1
-0 -0 -1
-0 -0 -1
-0 -0 -1
-0 -0 -1
-0 -0 -1
-0 -0 -1
-0 -0 -1
-0 -0 -1
-0 -0 -1
-0 -0 -1
-0 -0 -1
-0 -0 -1
-0 -0 -1
-0 -0 -1
-0 -0 -1
-0 -0 -1
-0 -0 -1
-0 -0 -1
-0 -0 -1
-0 -0 -1
-0 -0 -1
"></Normal>
     </IndexedTriangleSet>
    </Shape>
    <Shape DEF="face22">
     <Appearance><Material DEF="matface22" diffuseColor="0.000000 0.000000 1.000000" shininess="0.9" specularColor="0.2 0.2 0.2" transparency="0"></Material></Appearance>
     <IndexedTriangleSet DEF="setface22" index="
41 40 39 47 45 44 47 46 45 49 47 44 49 48 47 50 44 43 50 49 44 51 50 43 51 42 41 51 43 42 52 41 39 52 51 41 53 52 39 54 39 38 54 53 39 55 38 37 55 54 38 56 37 36 56 55 37 57 36 35 57 56 36 58 57 35 59 58 35 59 34 33 59 35 34 60 59 33 61 33 32 61 60 33 62 61 32 62 31 30 62 32 31 63 62 30 64 63 30 64 30 29 65 64 29 65 29 28 66 65 28 66 28 27 67 66 27 2 4 3 68 67 27 68 26 25 68 27 26 69 68 25 0 2 1 0 4 2 70 24 23 70 25 24 70 69 25 91 5 4 91 4 0 71 70 23 71 23 22 72 22 21 72 71 22 89 5 91 89 91 90 73 72 21 88 5 89 74 21 20 74 73 21 75 19 18 75 20 19 75 74 20 86 6 5 86 5 88 86 88 87 76 75 18 76 18 17 85 7 6 85 6 86 77 17 16 77 76 17 84 8 7 84 9 8 84 7 85 78 16 15 78 77 16 83 10 9 83 9 84 79 14 13 79 15 14 79 78 15 82 10 83 80 13 12 80 79 13 81 11 10 81 12 11 81 10 82 81 80 12 
">
      <Coordinate point="
25 82.5 33
25.5025 82.4831 33
26.0361 82.4281 33
26.5293 82.3424 33
27.0148 82.2243 33
27.4905 82.0744 33
27.9544 81.8936 33
28.4046 81.6827 33
28.8392 81.4429 33
29.2563 81.1752 33
29.6543 80.8811 33
30.0316 80.5618 33
30.3865 80.2187 33
30.7177 79.8536 33
31.0239 79.468 33
31.3037 79.0636 33
31.5562 78.6423 33
31.7803 78.2059 33
31.9752 77.7562 33
32.1401 77.2953 33
32.2745 76.8252 33
32.3779 76.3478 33
32.4499 75.8652 33
32.4904 75.3795 33
32.4992 74.8927 33
32.472 74.353 33
32.4062 73.8174 33
32.3021 73.2886 33
32.1606 72.7693 33
31.9824 72.2622 33
31.7687 71.7697 33
31.5207 71.2945 33
31.2397 70.8387 33
30.9274 70.4048 33
30.5854 69.9947 33
30.2158 69.6106 33
29.8203 69.2542 33
29.4012 68.9272 33
28.9607 68.6311 33
28.5012 68.3674 33
28.0249 68.1371 33
27.5345 67.9412 33
27.0325 67.7806 33
26.5213 67.6559 33
26.0037 67.5675 33
25.4872 67.5158 33
25 67.5 33
24.4975 67.5169 33
23.9639 67.5719 33
23.4707 67.6576 33
22.9852 67.7757 33
22.5095 67.9256 33
22.0456 68.1064 33
21.5954 68.3173 33
21.1608 68.5571 33
20.7437 68.8248 33
20.3457 69.1189 33
19.9684 69.4382 33
19.6135 69.7813 33
19.2823 70.1464 33
18.9761 70.532 33
18.6963 70.9364 33
18.4438 71.3577 33
18.2197 71.7941 33
18.0248 72.2438 33
17.8599 72.7047 33
17.7255 73.1748 33
17.6221 73.6522 33
17.5501 74.1348 33
17.5096 74.6205 33
17.5008 75.1073 33
17.528 75.647 33
17.5938 76.1826 33
17.6979 76.7114 33
17.8394 77.2307 33
18.0176 77.7378 33
18.2313 78.2303 33
18.4793 78.7055 33
18.7603 79.1613 33
19.0726 79.5952 33
19.4146 80.0053 33
19.7842 80.3894 33
20.1797 80.7458 33
20.5988 81.0728 33
21.0393 81.3689 33
21.4988 81.6326 33
21.9751 81.8629 33
22.4655 82.0588 33
22.9675 82.2194 33
23.4787 82.3441 33
23.9963 82.4325 33
24.5128 82.4842 33
"></Coordinate>
      <Normal vector="
0 -0 1
0 -0 1
0 -0 1
0 -0 1
0 -0 1
0 -0 1
0 -0 1
0 -0 1
0 -0 1
0 -0 1
0 -0 1
0 -0 1
0 -0 1
0 -0 1
0 -0 1
0 -0 1
0 -0 1
0 -0 1
0 -0 1
0 -0 1
0 -0 1
0 -0 1
0 -0 1
0 -0 1
0 -0 1
0 -0 1
0 -0 1
0 -0 1
0 -0 1
0 -0 1
0 -0 1
0 -0 1
0 -0 1
0 -0 1
0 -0 1
0 -0 1
0 -0 1
0 -0 1
0 -0 1
0 -0 1
0 -0 1
0 -0 1
0 -0 1
0 -0 1
0 -0 1
0 -0 1
0 -0 1
0 -0 1
0 -0 1
0 -0 1
0 -0 1
0 -0 1
0 -0 1
0 -0 1
0 -0 1
0 -0 1
0 -0 1
0 -0 1
0 -0 1
0 -0 1
0 -0 1
0 -0 1
0 -0 1
0 -0 1
0 -0 1
0 -0 1
0 -0 1
0 -0 1
0 -0 1
0 -0 1
0 -0 1
0 -0 1
0 -0 1
0 -0 1
0 -0 1
0 -0 1
0 -0 1
0 -0 1
0 -0 1
0 -0 1
0 -0 1
0 -0 1
0 -0 1
0 -0 1
0 -0 1
0 -0 1
0 -0 1
0 -0 1
0 -0 1
0 -0 1
0 -0 1
0 -0 1
"></Normal>
     </IndexedTriangleSet>
    </Shape>
    <Shape DEF="face23">
     <Appearance><Material DEF="matface23" diffuseColor="0.000000 0.000000 1.000000" shininess="0.9" specularColor="0.2 0.2 0.2" transparency="0"></Material></Appearance>
     <IndexedTriangleSet DEF="setface23" index="
54 52 53 55 52 54 55 51 52 56 51 55 56 50 51 57 50 56 57 49 50 58 49 57 58 48 49 59 48 58 59 47 48 60 47 59 60 46 47 61 45 46 61 46 60 62 44 45 62 45 61 63 43 44 63 44 62 64 42 43 64 43 63 65 41 42 65 42 64 66 41 65 67 40 41 67 41 66 68 39 40 68 40 67 69 38 39 69 39 68 70 37 38 70 38 69 71 36 37 71 37 70 72 35 36 72 36 71 73 34 35 73 35 72 74 34 73 74 33 34 75 33 74 75 32 33 76 32 75 76 31 32 77 31 76 77 30 31 78 30 77 79 29 30 79 30 78 80 29 79 80 28 29 81 27 28 81 28 80 82 26 27 82 27 81 83 25 26 83 26 82 84 23 24 84 24 25 84 25 83 85 22 23 85 23 84 86 21 22 86 22 85 87 20 21 87 21 86 88 19 20 88 20 87 89 18 19 89 19 88 90 17 18 90 18 89 91 16 17 91 17 90 92 15 16 92 16 91 93 14 15 93 15 92 94 13 14 94 14 93 95 11 12 95 12 13 95 13 94 96 10 11 96 11 95 97 9 10 97 10 96 98 8 9 98 9 97 99 7 8 99 8 98 100 6 7 100 7 99 101 6 100 101 5 6 102 4 5 102 5 101 103 3 4 103 4 102 104 2 3 104 3 103 105 1 2 105 2 104 106 0 1 106 1 105 107 0 106 
">
      <Coordinate point="
25 82.5 30
24.561 82.4871 30
24.0979 82.4456 30
23.6651 82.3802 30
23.2374 82.2899 30
22.8163 82.175 30
22.4031 82.0361 30
21.9992 81.8735 30
21.6059 81.6881 30
21.2245 81.4804 30
20.8561 81.2512 30
20.502 81.0015 30
20.1632 80.732 30
19.8409 80.4437 30
19.536 80.1376 30
19.2495 79.8148 30
18.9823 79.4763 30
18.7352 79.1235 30
18.509 78.7573 30
18.3044 78.3791 30
18.1218 77.9902 30
17.962 77.5917 30
17.8254 77.1852 30
17.7123 76.7718 30
17.6231 76.353 30
17.5579 75.9302 30
17.517 75.5047 30
17.5004 75.0778 30
17.5105 74.6038 30
17.5504 74.1317 30
17.62 73.6636 30
17.7189 73.2013 30
17.8465 72.7466 30
18.0024 72.3013 30
18.1857 71.8671 30
18.3957 71.4457 30
18.6315 71.0387 30
18.892 70.6477 30
19.1763 70.2741 30
19.4829 69.9195 30
19.8108 69.585 30
20.1584 69.2721 30
20.5245 68.9817 30
20.9075 68.715 30
21.3058 68.4729 30
21.7179 68.2563 30
22.142 68.0659 30
22.5766 67.9023 30
23.0197 67.7662 30
23.4698 67.6578 30
23.925 67.5774 30
24.3836 67.5254 30
24.6976 67.5061 30
25 67.5 30
25 67.5 33
24.561 67.5129 33
24.0979 67.5544 33
23.6651 67.6198 33
23.2374 67.7101 33
22.8163 67.825 33
22.4031 67.9639 33
21.9992 68.1265 33
21.6059 68.3119 33
21.2245 68.5196 33
20.8561 68.7488 33
20.502 68.9985 33
20.1632 69.268 33
19.8409 69.5563 33
19.536 69.8624 33
19.2495 70.1852 33
18.9823 70.5237 33
18.7352 70.8765 33
18.509 71.2427 33
18.3044 71.6209 33
18.1218 72.0098 33
17.962 72.4083 33
17.8254 72.8148 33
17.7123 73.2282 33
17.6231 73.647 33
17.5579 74.0698 33
17.517 74.4953 33
17.5004 74.9222 33
17.5105 75.3962 33
17.5504 75.8683 33
17.62 76.3364 33
17.7189 76.7987 33
17.8465 77.2534 33
18.0024 77.6987 33
18.1857 78.1329 33
18.3957 78.5543 33
18.6315 78.9613 33
18.892 79.3523 33
19.1763 79.7259 33
19.4829 80.0805 33
19.8108 80.415 33
20.1584 80.7279 33
20.5245 81.0183 33
20.9075 81.285 33
21.3058 81.5271 33
21.7179 81.7437 33
22.142 81.9341 33
22.5766 82.0977 33
23.0197 82.2338 33
23.4698 82.3422 33
23.925 82.4226 33
24.3836 82.4746 33
24.6976 82.4939 33
25 82.5 33
"></Coordinate>
      <Normal vector="
1.89478e-15 1 -0
-0.0585382 0.998285 0
-0.120275 0.992741 0
-0.177991 0.984032 0
-0.235016 0.971992 0
-0.291164 0.956673 0
-0.346253 0.938141 0
-0.400104 0.91647 0
-0.452544 0.891742 0
-0.503403 0.864052 0
-0.55252 0.8335 0
-0.599737 0.800197 0
-0.644905 0.764262 0
-0.687882 0.725822 0
-0.728533 0.685011 0
-0.76673 0.64197 0
-0.802356 0.596846 0
-0.8353 0.549794 0
-0.865463 0.500973 0
-0.892752 0.450548 0
-0.917087 0.398688 0
-0.938395 0.345565 0
-0.956614 0.291358 0
-0.971694 0.236243 0
-0.983593 0.180405 0
-0.992279 0.124024 0
-0.997734 0.067287 0
-0.999946 0.0103775 0
-0.998603 -0.0528326 0
-0.993276 -0.115769 0
-0.983998 -0.178181 0
-0.970817 -0.239823 0
-0.953797 -0.300451 0
-0.933018 -0.359829 0
-0.908574 -0.417724 0
-0.880572 -0.473913 0
-0.849133 -0.528178 0
-0.814394 -0.580313 0
-0.7765 -0.630118 0
-0.735611 -0.677404 0
-0.691897 -0.721996 0
-0.64554 -0.763726 0
-0.59673 -0.802442 0
-0.545666 -0.838003 0
-0.492556 -0.870281 0
-0.437614 -0.899163 0
-0.381062 -0.924549 0
-0.323125 -0.946356 0
-0.264035 -0.964513 0
-0.204025 -0.978966 0
-0.143331 -0.989675 0
-0.0821929 -0.996616 0
-0.0403195 -0.999187 0
-1.89478e-15 -1 0
-1.89478e-15 -1 0
-0.0585382 -0.998285 0
-0.120275 -0.992741 0
-0.177991 -0.984032 0
-0.235016 -0.971992 0
-0.291164 -0.956673 0
-0.346253 -0.938141 0
-0.400104 -0.91647 0
-0.452544 -0.891742 0
-0.503403 -0.864052 0
-0.55252 -0.8335 0
-0.599737 -0.800197 0
-0.644905 -0.764262 0
-0.687882 -0.725822 0
-0.728533 -0.685011 0
-0.76673 -0.64197 0
-0.802356 -0.596846 0
-0.8353 -0.549794 0
-0.865463 -0.500973 0
-0.892752 -0.450548 0
-0.917087 -0.398688 0
-0.938395 -0.345565 0
-0.956614 -0.291358 0
-0.971694 -0.236243 0
-0.983593 -0.180405 0
-0.992279 -0.124024 0
-0.997734 -0.067287 0
-0.999946 -0.0103775 0
-0.998603 0.0528326 0
-0.993276 0.115769 0
-0.983998 0.178181 0
-0.970817 0.239823 0
-0.953797 0.300451 0
-0.933018 0.359829 0
-0.908574 0.417724 0
-0.880572 0.473913 0
-0.849133 0.528178 0
-0.814394 0.580313 0
-0.7765 0.630118 0
-0.735611 0.677404 0
-0.691897 0.721996 0
-0.64554 0.763726 0
-0.59673 0.802442 0
-0.545666 0.838003 0
-0.492556 0.870281 0
-0.437614 0.899163 0
-0.381062 0.924549 0
-0.323125 0.946356 0
-0.264035 0.964513 0
-0.204025 0.978966 0
-0.143331 0.989675 0
-0.0821929 0.996616 0
-0.0403195 0.999187 0
1.89478e-15 1 -0
"></Normal>
     </IndexedTriangleSet>
    </Shape>
    <Shape DEF="face24">
     <Appearance><Material DEF="matface24" diffuseColor="0.000000 0.000000 1.000000" shininess="0.9" specularColor="0.2 0.2 0.2" transparency="0"></Material></Appearance>
     <IndexedTriangleSet DEF="setface24" index="
46 44 43 46 45 44 48 47 46 49 48 46 50 46 43 50 43 42 50 49 46 51 42 41 51 50 42 52 40 39 52 41 40 52 51 41 53 52 39 54 39 38 54 53 39 55 54 38 55 38 37 56 37 36 56 55 37 57 36 35 57 56 36 58 57 35 59 58 35 59 34 33 59 35 34 60 59 33 61 32 31 61 33 32 61 60 33 62 61 31 62 31 30 63 62 30 63 30 29 64 63 29 65 29 28 65 64 29 66 65 28 66 28 27 67 66 27 68 26 25 68 27 26 68 67 27 1 3 2 1 4 3 1 5 4 69 68 25 69 25 24 0 5 1 70 24 23 70 69 24 71 70 23 71 23 22 72 71 22 89 5 0 89 91 90 89 0 91 73 21 20 73 22 21 73 72 22 88 6 5 88 5 89 74 20 19 74 73 20 75 74 19 86 6 88 86 88 87 76 17 16 76 18 17 76 19 18 76 75 19 85 7 6 85 8 7 85 6 86 77 16 15 77 76 16 84 9 8 84 8 85 78 77 15 83 9 84 79 78 15 82 10 9 82 11 10 82 9 83 80 13 12 80 14 13 80 15 14 80 79 15 81 12 11 81 11 82 81 80 12 
">
      <Coordinate point="
25 70 -4
25.335 70.0112 -4
25.6907 70.0479 -4
26.0195 70.105 -4
26.3432 70.1838 -4
26.6603 70.2837 -4
26.9696 70.4043 -4
27.2697 70.5449 -4
27.5595 70.7048 -4
27.8376 70.8832 -4
28.1029 71.0793 -4
28.3544 71.2922 -4
28.591 71.5208 -4
28.8118 71.7643 -4
29.0159 72.0213 -4
29.2025 72.2909 -4
29.3708 72.5718 -4
29.5202 72.8627 -4
29.6501 73.1625 -4
29.7601 73.4698 -4
29.8497 73.7832 -4
29.9186 74.1015 -4
29.9666 74.4232 -4
29.9936 74.747 -4
29.9995 75.0715 -4
29.9814 75.4313 -4
29.9375 75.7884 -4
29.8681 76.1409 -4
29.7737 76.4871 -4
29.655 76.8252 -4
29.5125 77.1535 -4
29.3471 77.4704 -4
29.1598 77.7742 -4
28.9516 78.0635 -4
28.7236 78.3368 -4
28.4772 78.5929 -4
28.2135 78.8306 -4
27.9342 79.0485 -4
27.6405 79.2459 -4
27.3341 79.4218 -4
27.0166 79.5753 -4
26.6897 79.7058 -4
26.355 79.8129 -4
26.0142 79.8961 -4
25.6692 79.955 -4
25.3248 79.9894 -4
25 80 -4
24.665 79.9888 -4
24.3093 79.9521 -4
23.9805 79.895 -4
23.6568 79.8162 -4
23.3397 79.7163 -4
23.0304 79.5957 -4
22.7303 79.4551 -4
22.4405 79.2952 -4
22.1624 79.1168 -4
21.8971 78.9207 -4
21.6456 78.7078 -4
21.409 78.4792 -4
21.1882 78.2357 -4
20.9841 77.9787 -4
20.7975 77.7091 -4
20.6292 77.4282 -4
20.4798 77.1373 -4
20.3499 76.8375 -4
20.2399 76.5302 -4
20.1503 76.2168 -4
20.0814 75.8985 -4
20.0334 75.5768 -4
20.0064 75.253 -4
20.0005 74.9285 -4
20.0186 74.5687 -4
20.0625 74.2116 -4
20.1319 73.8591 -4
20.2263 73.5129 -4
20.345 73.1748 -4
20.4875 72.8465 -4
20.6529 72.5296 -4
20.8402 72.2258 -4
21.0484 71.9365 -4
21.2764 71.6632 -4
21.5228 71.4071 -4
21.7865 71.1694 -4
22.0658 70.9515 -4
22.3595 70.7541 -4
22.6659 70.5782 -4
22.9834 70.4247 -4
23.3103 70.2942 -4
23.645 70.1871 -4
23.9858 70.1039 -4
24.3308 70.045 -4
24.6752 70.0106 -4
"></Coordinate>
      <Normal vector="
-0 -0 -1
-0 -0 -1
-0 -0 -1
-0 -0 -1
-0 -0 -1
-0 -0 -1
-0 -0 -1
-0 -0 -1
-0 -0 -1
-0 -0 -1
-0 -0 -1
-0 -0 -1
-0 -0 -1
-0 -0 -1
-0 -0 -1
-0 -0 -1
-0 -0 -1
-0 -0 -1
-0 -0 -1
-0 -0 -1
-0 -0 -1
-0 -0 -1
-0 -0 -1
-0 -0 -1
-0 -0 -1
-0 -0 -1
-0 -0 -1
-0 -0 -1
-0 -0 -1
-0 -0 -1
-0 -0 -1
-0 -0 -1
-0 -0 -1
-0 -0 -1
-0 -0 -1
-0 -0 -1
-0 -0 -1
-0 -0 -1
-0 -0 -1
-0 -0 -1
-0 -0 -1
-0 -0 -1
-0 -0 -1
-0 -0 -1
-0 -0 -1
-0 -0 -1
-0 -0 -1
-0 -0 -1
-0 -0 -1
-0 -0 -1
-0 -0 -1
-0 -0 -1
-0 -0 -1
-0 -0 -1
-0 -0 -1
-0 -0 -1
-0 -0 -1
-0 -0 -1
-0 -0 -1
-0 -0 -1
-0 -0 -1
-0 -0 -1
-0 -0 -1
-0 -0 -1
-0 -0 -1
-0 -0 -1
-0 -0 -1
-0 -0 -1
-0 -0 -1
-0 -0 -1
-0 -0 -1
-0 -0 -1
-0 -0 -1
-0 -0 -1
-0 -0 -1
-0 -0 -1
-0 -0 -1
-0 -0 -1
-0 -0 -1
-0 -0 -1
-0 -0 -1
-0 -0 -1
-0 -0 -1
-0 -0 -1
-0 -0 -1
-0 -0 -1
-0 -0 -1
-0 -0 -1
-0 -0 -1
-0 -0 -1
-0 -0 -1
-0 -0 -1
"></Normal>
     </IndexedTriangleSet>
    </Shape>
    <Shape DEF="face25">
     <Appearance><Material DEF="matface25" diffuseColor="0.000000 0.000000 1.000000" shininess="0.9" specularColor="0.2 0.2 0.2" transparency="0"></Material></Appearance>
     <IndexedTriangleSet DEF="setface25" index="
0 58 59 1 57 58 1 58 0 2 57 1 2 56 57 3 56 2 3 55 56 4 55 3 4 54 55 5 54 4 5 53 54 6 53 5 6 52 53 7 52 6 7 51 52 8 51 7 8 50 51 9 50 8 9 49 50 10 49 9 10 48 49 11 48 10 11 47 48 12 47 11 13 47 12 13 46 47 14 45 46 14 46 13 15 44 45 15 45 14 16 44 15 16 43 44 17 41 42 17 42 43 17 43 16 18 41 17 18 40 41 19 39 40 19 40 18 20 39 19 20 38 39 21 37 38 21 38 20 22 36 37 22 37 21 23 35 36 23 36 22 24 34 35 24 35 23 25 33 34 25 34 24 26 32 33 26 33 25 27 31 32 27 32 26 28 30 31 28 31 27 29 30 28 
">
      <Coordinate point="
25 70 30
24.4478 70.0306 30
23.9059 70.1212 30
23.3795 70.2699 30
22.8749 70.4741 30
22.3974 70.7308 30
21.9522 71.0363 30
21.544 71.3867 30
21.1771 71.7774 30
20.855 72.2037 30
20.5811 72.6605 30
20.3579 73.1423 30
20.1875 73.6435 30
20.0713 74.1584 30
20.0102 74.6813 30
20.0043 75.2062 30
20.062 75.7847 30
20.1859 76.3507 30
20.3738 76.8968 30
20.6224 77.4159 30
20.9278 77.9013 30
21.2855 78.347 30
21.6901 78.7476 30
22.1359 79.0984 30
22.6166 79.3954 30
23.1255 79.6353 30
23.6557 79.8159 30
24.2002 79.9356 30
24.6137 79.9851 30
25 80 30
25 80 -4
24.4478 79.9694 -4
23.9059 79.8788 -4
23.3795 79.7301 -4
22.8749 79.5259 -4
22.3974 79.2692 -4
21.9522 78.9637 -4
21.544 78.6133 -4
21.1771 78.2226 -4
20.855 77.7963 -4
20.5811 77.3395 -4
20.3579 76.8577 -4
20.1875 76.3565 -4
20.0713 75.8416 -4
20.0102 75.3187 -4
20.0043 74.7938 -4
20.062 74.2153 -4
20.1859 73.6493 -4
20.3738 73.1032 -4
20.6224 72.5841 -4
20.9278 72.0987 -4
21.2855 71.653 -4
21.6901 71.2524 -4
22.1359 70.9016 -4
22.6166 70.6046 -4
23.1255 70.3647 -4
23.6557 70.1841 -4
24.2002 70.0644 -4
24.6137 70.0149 -4
25 70 -4
"></Coordinate>
      <Normal vector="
0 -1 0
-0.110431 -0.993884 0
-0.218821 -0.975765 0
-0.324096 -0.946024 0
-0.425029 -0.90518 0
-0.520524 -0.853847 0
-0.609558 -0.792741 0
-0.691195 -0.722669 0
-0.764589 -0.644519 0
-0.828995 -0.559255 0
-0.883778 -0.467906 0
-0.928414 -0.371548 0
-0.962494 -0.271303 0
-0.985733 -0.168315 0
-0.997966 -0.0637485 0
-0.99915 0.041233 0
-0.987608 0.156941 0
-0.962819 0.270148 0
-0.925248 0.379364 0
-0.875525 0.483173 0
-0.814434 0.580256 0
-0.742902 0.669401 0
-0.661977 0.749524 0
-0.572822 0.81968 0
-0.47669 0.879072 0
-0.374908 0.927062 0
-0.268858 0.96318 0
-0.159957 0.987124 0
-0.0772668 0.99701 0
2.84217e-15 1 -0
2.84217e-15 1 -0
-0.110431 0.993884 0
-0.218821 0.975765 0
-0.324096 0.946024 0
-0.425029 0.90518 0
-0.520524 0.853847 0
-0.609558 0.792741 0
-0.691195 0.722669 0
-0.764589 0.644519 0
-0.828995 0.559255 0
-0.883778 0.467906 0
-0.928414 0.371548 0
-0.962494 0.271303 0
-0.985733 0.168315 0
-0.997966 0.0637485 0
-0.99915 -0.041233 0
-0.987608 -0.156941 0
-0.962819 -0.270148 0
-0.925248 -0.379364 0
-0.875525 -0.483173 0
-0.814434 -0.580256 0
-0.742902 -0.669401 0
-0.661977 -0.749524 0
-0.572822 -0.81968 0
-0.47669 -0.879072 0
-0.374908 -0.927062 0
-0.268858 -0.96318 0
-0.159957 -0.987124 0
-0.0772668 -0.99701 0
0 -1 0
"></Normal>
     </IndexedTriangleSet>
    </Shape>
    <Shape DEF="face26">
     <Appearance><Material DEF="matface26" diffuseColor="0.000000 0.000000 1.000000" shininess="0.9" specularColor="0.2 0.2 0.2" transparency="0"></Material></Appearance>
     <IndexedTriangleSet DEF="setface26" index="
54 52 53 55 52 54 55 51 52 56 51 55 56 50 51 57 50 56 57 49 50 58 49 57 58 48 49 59 48 58 59 47 48 60 47 59 60 46 47 61 45 46 61 46 60 62 44 45 62 45 61 63 43 44 63 44 62 64 42 43 64 43 63 65 41 42 65 42 64 66 41 65 67 40 41 67 41 66 68 39 40 68 40 67 69 38 39 69 39 68 70 37 38 70 38 69 71 36 37 71 37 70 72 35 36 72 36 71 73 34 35 73 35 72 74 34 73 74 33 34 75 33 74 75 32 33 76 32 75 76 31 32 77 31 76 77 30 31 78 30 77 79 29 30 79 30 78 80 29 79 80 28 29 81 27 28 81 28 80 82 26 27 82 27 81 83 25 26 83 26 82 84 23 24 84 24 25 84 25 83 85 22 23 85 23 84 86 21 22 86 22 85 87 20 21 87 21 86 88 19 20 88 20 87 89 18 19 89 19 88 90 17 18 90 18 89 91 16 17 91 17 90 92 15 16 92 16 91 93 14 15 93 15 92 94 13 14 94 14 93 95 11 12 95 12 13 95 13 94 96 10 11 96 11 95 97 9 10 97 10 96 98 8 9 98 9 97 99 7 8 99 8 98 100 6 7 100 7 99 101 6 100 101 5 6 102 4 5 102 5 101 103 3 4 103 4 102 104 2 3 104 3 103 105 1 2 105 2 104 106 0 1 106 1 105 107 0 106 
">
      <Coordinate point="
25 67.5 30
25.439 67.5129 30
25.9021 67.5544 30
26.3349 67.6198 30
26.7626 67.7101 30
27.1837 67.825 30
27.5969 67.9639 30
28.0008 68.1265 30
28.3941 68.3119 30
28.7755 68.5196 30
29.1439 68.7488 30
29.498 68.9985 30
29.8368 69.268 30
30.1591 69.5563 30
30.464 69.8624 30
30.7505 70.1852 30
31.0177 70.5237 30
31.2648 70.8765 30
31.491 71.2427 30
31.6956 71.6209 30
31.8782 72.0098 30
32.038 72.4083 30
32.1746 72.8148 30
32.2877 73.2282 30
32.3769 73.647 30
32.4421 74.0698 30
32.483 74.4953 30
32.4996 74.9222 30
32.4895 75.3962 30
32.4496 75.8683 30
32.38 76.3364 30
32.2811 76.7987 30
32.1535 77.2534 30
31.9976 77.6987 30
31.8143 78.1329 30
31.6043 78.5543 30
31.3685 78.9613 30
31.108 79.3523 30
30.8237 79.7259 30
30.5171 80.0805 30
30.1892 80.415 30
29.8416 80.7279 30
29.4755 81.0183 30
29.0925 81.285 30
28.6942 81.5271 30
28.2821 81.7437 30
27.858 81.9341 30
27.4234 82.0977 30
26.9803 82.2338 30
26.5302 82.3422 30
26.075 82.4226 30
25.6164 82.4746 30
25.3024 82.4939 30
25 82.5 30
25 82.5 33
25.439 82.4871 33
25.9021 82.4456 33
26.3349 82.3802 33
26.7626 82.2899 33
27.1837 82.175 33
27.5969 82.0361 33
28.0008 81.8735 33
28.3941 81.6881 33
28.7755 81.4804 33
29.1439 81.2512 33
29.498 81.0015 33
29.8368 80.732 33
30.1591 80.4437 33
30.464 80.1376 33
30.7505 79.8148 33
31.0177 79.4763 33
31.2648 79.1235 33
31.491 78.7573 33
31.6956 78.3791 33
31.8782 77.9902 33
32.038 77.5917 33
32.1746 77.1852 33
32.2877 76.7718 33
32.3769 76.353 33
32.4421 75.9302 33
32.483 75.5047 33
32.4996 75.0778 33
32.4895 74.6038 33
32.4496 74.1317 33
32.38 73.6636 33
32.2811 73.2013 33
32.1535 72.7466 33
31.9976 72.3013 33
31.8143 71.8671 33
31.6043 71.4457 33
31.3685 71.0387 33
31.108 70.6477 33
30.8237 70.2741 33
30.5171 69.9195 33
30.1892 69.585 33
29.8416 69.2721 33
29.4755 68.9817 33
29.0925 68.715 33
28.6942 68.4729 33
28.2821 68.2563 33
27.858 68.0659 33
27.4234 67.9023 33
26.9803 67.7662 33
26.5302 67.6578 33
26.075 67.5774 33
25.6164 67.5254 33
25.3024 67.5061 33
25 67.5 33
"></Coordinate>
      <Normal vector="
1.89478e-15 -1 0
0.0585382 -0.998285 0
0.120275 -0.992741 0
0.177991 -0.984032 0
0.235016 -0.971992 0
0.291164 -0.956673 0
0.346253 -0.938141 0
0.400104 -0.91647 0
0.452544 -0.891742 0
0.503403 -0.864052 0
0.55252 -0.8335 0
0.599737 -0.800197 0
0.644905 -0.764262 0
0.687882 -0.725822 0
0.728533 -0.685011 0
0.76673 -0.64197 0
0.802356 -0.596846 0
0.8353 -0.549794 0
0.865463 -0.500973 0
0.892752 -0.450548 0
0.917087 -0.398688 0
0.938395 -0.345565 0
0.956614 -0.291358 0
0.971694 -0.236243 0
0.983593 -0.180405 0
0.992279 -0.124024 0
0.997734 -0.067287 0
0.999946 -0.0103775 0
0.998603 0.0528326 -0
0.993276 0.115769 -0
0.983998 0.178181 -0
0.970817 0.239823 -0
0.953797 0.300451 -0
0.933018 0.359829 -0
0.908574 0.417724 -0
0.880572 0.473913 -0
0.849133 0.528178 -0
0.814394 0.580313 -0
0.7765 0.630118 -0
0.735611 0.677404 -0
0.691897 0.721996 -0
0.64554 0.763726 -0
0.59673 0.802442 -0
0.545666 0.838003 -0
0.492556 0.870281 -0
0.437614 0.899163 -0
0.381062 0.924549 -0
0.323125 0.946356 -0
0.264035 0.964513 -0
0.204025 0.978966 -0
0.143331 0.989675 -0
0.0821929 0.996616 -0
0.0403195 0.999187 -0
-1.89478e-15 1 0
-1.89478e-15 1 0
0.0585382 0.998285 -0
0.120275 0.992741 -0
0.177991 0.984032 -0
0.235016 0.971992 -0
0.291164 0.956673 -0
0.346253 0.938141 -0
0.400104 0.91647 -0
0.452544 0.891742 -0
0.503403 0.864052 -0
0.55252 0.8335 -0
0.599737 0.800197 -0
0.644905 0.764262 -0
0.687882 0.725822 -0
0.728533 0.685011 -0
0.76673 0.64197 -0
0.802356 0.596846 -0
0.8353 0.549794 -0
0.865463 0.500973 -0
0.892752 0.450548 -0
0.917087 0.398688 -0
0.938395 0.345565 -0
0.956614 0.291358 -0
0.971694 0.236243 -0
0.983593 0.180405 -0
0.992279 0.124024 -0
0.997734 0.067287 -0
0.999946 0.0103775 -0
0.998603 -0.0528326 0
0.993276 -0.115769 0
0.983998 -0.178181 0
0.970817 -0.239823 0
0.953797 -0.300451 0
0.933018 -0.359829 0
0.908574 -0.417724 0
0.880572 -0.473913 0
0.849133 -0.528178 0
0.814394 -0.580313 0
0.7765 -0.630118 0
0.735611 -0.677404 0
0.691897 -0.721996 0
0.64554 -0.763726 0
0.59673 -0.802442 0
0.545666 -0.838003 0
0.492556 -0.870281 0
0.437614 -0.899163 0
0.381062 -0.924549 0
0.323125 -0.946356 0
0.264035 -0.964513 0
0.204025 -0.978966 0
0.143331 -0.989675 0
0.0821929 -0.996616 0
0.0403195 -0.999187 0
1.89478e-15 -1 0
"></Normal>
     </IndexedTriangleSet>
    </Shape>
    <Shape DEF="face27">
     <Appearance><Material DEF="matface27" diffuseColor="0.000000 0.000000 1.000000" shininess="0.9" specularColor="0.2 0.2 0.2" transparency="0"></Material></Appearance>
     <IndexedTriangleSet DEF="setface27" index="
0 58 59 1 57 58 1 58 0 2 57 1 2 56 57 3 56 2 3 55 56 4 55 3 4 54 55 5 54 4 5 53 54 6 53 5 6 52 53 7 52 6 7 51 52 8 51 7 8 50 51 9 50 8 9 49 50 10 49 9 10 48 49 11 48 10 11 47 48 12 47 11 13 47 12 13 46 47 14 45 46 14 46 13 15 44 45 15 45 14 16 44 15 16 43 44 17 41 42 17 42 43 17 43 16 18 41 17 18 40 41 19 39 40 19 40 18 20 39 19 20 38 39 21 37 38 21 38 20 22 36 37 22 37 21 23 35 36 23 36 22 24 34 35 24 35 23 25 33 34 25 34 24 26 32 33 26 33 25 27 31 32 27 32 26 28 30 31 28 31 27 29 30 28 
">
      <Coordinate point="
25 80 30
25.5522 79.9694 30
26.0941 79.8788 30
26.6205 79.7301 30
27.1251 79.5259 30
27.6026 79.2692 30
28.0478 78.9637 30
28.456 78.6133 30
28.8229 78.2226 30
29.145 77.7963 30
29.4189 77.3395 30
29.6421 76.8577 30
29.8125 76.3565 30
29.9287 75.8416 30
29.9898 75.3187 30
29.9957 74.7938 30
29.938 74.2153 30
29.8141 73.6493 30
29.6262 73.1032 30
29.3776 72.5841 30
29.0722 72.0987 30
28.7145 71.653 30
28.3099 71.2524 30
27.8641 70.9016 30
27.3834 70.6046 30
26.8745 70.3647 30
26.3443 70.1841 30
25.7998 70.0644 30
25.3863 70.0149 30
25 70 30
25 70 -4
25.5522 70.0306 -4
26.0941 70.1212 -4
26.6205 70.2699 -4
27.1251 70.4741 -4
27.6026 70.7308 -4
28.0478 71.0363 -4
28.456 71.3867 -4
28.8229 71.7774 -4
29.145 72.2037 -4
29.4189 72.6605 -4
29.6421 73.1423 -4
29.8125 73.6435 -4
29.9287 74.1584 -4
29.9898 74.6813 -4
29.9957 75.2062 -4
29.938 75.7847 -4
29.8141 76.3507 -4
29.6262 76.8968 -4
29.3776 77.4159 -4
29.0722 77.9013 -4
28.7145 78.347 -4
28.3099 78.7476 -4
27.8641 79.0984 -4
27.3834 79.3954 -4
26.8745 79.6353 -4
26.3443 79.8159 -4
25.7998 79.9356 -4
25.3863 79.9851 -4
25 80 -4
"></Coordinate>
      <Normal vector="
0 1 0
0.110431 0.993884 -0
0.218821 0.975765 -0
0.324096 0.946024 -0
0.425029 0.90518 -0
0.520524 0.853847 -0
0.609558 0.792741 -0
0.691195 0.722669 -0
0.764589 0.644519 -0
0.828995 0.559255 -0
0.883778 0.467906 -0
0.928414 0.371548 -0
0.962494 0.271303 -0
0.985733 0.168315 -0
0.997966 0.0637485 -0
0.99915 -0.041233 0
0.987608 -0.156941 0
0.962819 -0.270148 0
0.925248 -0.379364 0
0.875525 -0.483173 0
0.814434 -0.580256 0
0.742902 -0.669401 0
0.661977 -0.749524 0
0.572822 -0.81968 0
0.47669 -0.879072 0
0.374908 -0.927062 0
0.268858 -0.96318 0
0.159957 -0.987124 0
0.0772668 -0.99701 0
-0 -1 0
0 -1 0
0.110431 -0.993884 0
0.218821 -0.975765 0
0.324096 -0.946024 0
0.425029 -0.90518 0
0.520524 -0.853847 0
0.609558 -0.792741 0
0.691195 -0.722669 0
0.764589 -0.644519 0
0.828995 -0.559255 0
0.883778 -0.467906 0
0.928414 -0.371548 0
0.962494 -0.271303 0
0.985733 -0.168315 0
0.997966 -0.0637485 0
0.99915 0.041233 -0
0.987608 0.156941 -0
0.962819 0.270148 -0
0.925248 0.379364 -0
0.875525 0.483173 -0
0.814434 0.580256 -0
0.742902 0.669401 -0
0.661977 0.749524 -0
0.572822 0.81968 -0
0.47669 0.879072 -0
0.374908 0.927062 -0
0.268858 0.96318 -0
0.159957 0.987124 -0
0.0772668 0.99701 -0
0 1 0
"></Normal>
     </IndexedTriangleSet>
    </Shape>
    <Shape DEF="face28">
     <Appearance><Material DEF="matface28" diffuseColor="1.000000 0.000000 0.000000" shininess="0.9" specularColor="0.2 0.2 0.2" transparency="0"></Material></Appearance>
     <IndexedTriangleSet DEF="setface28" index="
71 1 70 69 70 1 72 1 71 68 69 1 73 1 72 67 68 1 74 1 73 66 67 1 75 1 74 65 66 1 76 1 75 64 65 1 77 1 76 63 64 1 78 1 77 62 63 1 79 1 78 4 1 79 61 62 1 3 4 5 3 5 6 3 6 7 3 7 8 3 8 9 3 1 4 10 3 9 11 3 10 12 3 11 13 3 12 14 3 13 15 3 14 16 3 15 17 3 16 0 61 1 0 48 49 0 49 50 0 50 51 0 51 52 0 52 53 0 53 54 0 54 55 0 55 56 0 56 57 0 57 58 0 58 59 0 59 60 0 60 61 18 3 17 47 48 0 19 3 18 46 47 0 20 3 19 45 46 0 21 3 20 44 45 0 43 44 0 42 43 0 2 25 26 2 26 27 2 27 28 2 28 29 2 29 30 2 30 31 2 31 32 2 32 33 2 33 34 2 34 35 2 35 36 2 36 37 2 37 38 2 42 0 2 38 39 2 39 40 2 40 41 2 41 42 2 3 23 23 3 22 22 3 21 2 23 24 2 24 25 
">
      <Coordinate point="
15 67.5 -3
35 67.5 -3
15 82.5 -3
35 82.5 -3
30 75 -3
29.9824 75.4186 -3
29.9319 75.8224 -3
29.8464 76.2299 -3
29.7276 76.6277 -3
29.5768 77.0132 -3
29.395 77.3841 -3
29.1838 77.7379 -3
28.9447 78.0723 -3
28.6796 78.3853 -3
28.3903 78.675 -3
28.0789 78.9396 -3
27.7477 79.1774 -3
27.3987 79.387 -3
27.0346 79.5673 -3
26.6577 79.7172 -3
26.2705 79.8359 -3
25.8757 79.9227 -3
25.4758 79.9773 -3
25.0735 79.9995 -3
24.6267 79.986 -3
24.1839 79.9329 -3
23.7484 79.8408 -3
23.3237 79.7106 -3
22.913 79.5436 -3
22.5195 79.3413 -3
22.1461 79.1055 -3
21.7958 78.8384 -3
21.471 78.5421 -3
21.1741 78.2191 -3
20.9073 77.8722 -3
20.6723 77.5042 -3
20.4708 77.118 -3
20.304 76.7169 -3
20.173 76.3039 -3
20.0785 75.8824 -3
20.0208 75.4556 -3
20.005 75.2231 -3
20 75 -3
20.0176 74.5814 -3
20.0681 74.1776 -3
20.1536 73.7701 -3
20.2724 73.3723 -3
20.4232 72.9868 -3
20.605 72.6159 -3
20.8162 72.2621 -3
21.0553 71.9277 -3
21.3204 71.6147 -3
21.6097 71.325 -3
21.9211 71.0604 -3
22.2523 70.8226 -3
22.6013 70.613 -3
22.9654 70.4327 -3
23.3423 70.2828 -3
23.7295 70.1641 -3
24.1243 70.0773 -3
24.5242 70.0227 -3
24.9265 70.0005 -3
25.3733 70.014 -3
25.8161 70.0671 -3
26.2516 70.1592 -3
26.6763 70.2894 -3
27.087 70.4564 -3
27.4805 70.6587 -3
27.8539 70.8945 -3
28.2042 71.1616 -3
28.529 71.4579 -3
28.8259 71.7809 -3
29.0927 72.1278 -3
29.3277 72.4958 -3
29.5292 72.882 -3
29.696 73.2831 -3
29.827 73.6961 -3
29.9215 74.1176 -3
29.9792 74.5444 -3
29.995 74.7769 -3
"></Coordinate>
      <Normal vector="
0 0 -1
0 0 -1
0 0 -1
0 0 -1
0 0 -1
0 0 -1
0 0 -1
0 0 -1
0 0 -1
0 0 -1
0 0 -1
0 0 -1
0 0 -1
0 0 -1
0 0 -1
0 0 -1
0 0 -1
0 0 -1
0 0 -1
0 0 -1
0 0 -1
0 0 -1
0 0 -1
0 0 -1
0 0 -1
0 0 -1
0 0 -1
0 0 -1
0 0 -1
0 0 -1
0 0 -1
0 0 -1
0 0 -1
0 0 -1
0 0 -1
0 0 -1
0 0 -1
0 0 -1
0 0 -1
0 0 -1
0 0 -1
0 0 -1
0 0 -1
0 0 -1
0 0 -1
0 0 -1
0 0 -1
0 0 -1
0 0 -1
0 0 -1
0 0 -1
0 0 -1
0 0 -1
0 0 -1
0 0 -1
0 0 -1
0 0 -1
0 0 -1
0 0 -1
0 0 -1
0 0 -1
0 0 -1
0 0 -1
0 0 -1
0 0 -1
0 0 -1
0 0 -1
0 0 -1
0 0 -1
0 0 -1
0 0 -1
0 0 -1
0 0 -1
0 0 -1
0 0 -1
0 0 -1
0 0 -1
0 0 -1
0 0 -1
0 0 -1
"></Normal>
     </IndexedTriangleSet>
    </Shape>
    <Shape DEF="face29">
     <Appearance><Material DEF="matface29" diffuseColor="1.000000 0.000000 0.000000" shininess="0.9" specularColor="0.2 0.2 0.2" transparency="0"></Material></Appearance>
     <IndexedTriangleSet DEF="setface29" index="
0 1 2 0 2 3 
">
      <Coordinate point="
15 67.5 0
15 67.5 -3
35 67.5 -3
35 67.5 0
"></Coordinate>
      <Normal vector="
0 -1 0
0 -1 0
0 -1 0
0 -1 0
"></Normal>
     </IndexedTriangleSet>
    </Shape>
    <Shape DEF="face30">
     <Appearance><Material DEF="matface30" diffuseColor="1.000000 0.000000 0.000000" shininess="0.9" specularColor="0.2 0.2 0.2" transparency="0"></Material></Appearance>
     <IndexedTriangleSet DEF="setface30" index="
2 0 1 2 3 0 
">
      <Coordinate point="
35 67.5 0
35 67.5 -3
35 82.5 -3
35 82.5 0
"></Coordinate>
      <Normal vector="
1 -0 0
1 -0 0
1 -0 0
1 -0 0
"></Normal>
     </IndexedTriangleSet>
    </Shape>
    <Shape DEF="face31">
     <Appearance><Material DEF="matface31" diffuseColor="1.000000 0.000000 0.000000" shininess="0.9" specularColor="0.2 0.2 0.2" transparency="0"></Material></Appearance>
     <IndexedTriangleSet DEF="setface31" index="
2 0 1 2 3 0 
">
      <Coordinate point="
35 82.5 0
35 82.5 -3
15 82.5 -3
15 82.5 0
"></Coordinate>
      <Normal vector="
0 1 0
0 1 0
0 1 0
0 1 0
"></Normal>
     </IndexedTriangleSet>
    </Shape>
    <Shape DEF="face32">
     <Appearance><Material DEF="matface32" diffuseColor="1.000000 0.000000 0.000000" shininess="0.9" specularColor="0.2 0.2 0.2" transparency="0"></Material></Appearance>
     <IndexedTriangleSet DEF="setface32" index="
13 0 14 15 14 0 12 0 13 16 15 0 11 0 12 17 16 0 10 0 11 18 17 0 9 0 10 19 18 0 8 0 9 20 19 0 7 0 8 21 20 0 6 0 7 22 21 0 5 0 6 23 22 0 4 0 5 1 76 75 1 77 76 1 78 77 1 79 78 1 4 79 1 0 4 74 1 75 73 1 74 72 1 73 71 1 72 70 1 71 69 1 70 68 1 69 67 1 68 66 1 67 2 23 0 2 24 23 2 25 24 2 26 25 2 27 26 2 28 27 2 29 28 2 30 29 2 31 30 2 32 31 2 33 32 2 34 33 2 35 34 2 36 35 37 36 2 65 1 66 38 37 2 64 1 65 39 38 2 63 1 64 40 39 2 41 40 2 42 41 2 3 42 2 3 43 42 3 44 43 3 45 44 3 46 45 3 47 46 3 48 47 3 49 48 3 50 49 3 51 50 3 52 51 3 53 52 3 54 53 3 55 54 3 56 55 3 57 56 3 58 57 3 59 58 3 1 61 61 1 62 62 1 63 3 61 60 3 60 59 
">
      <Coordinate point="
15 67.5 0
15 82.5 0
35 67.5 0
35 82.5 0
20 75 0
20.0176 74.5814 0
20.0681 74.1776 0
20.1536 73.7701 0
20.2724 73.3723 0
20.4232 72.9868 0
20.605 72.6159 0
20.8162 72.2621 0
21.0553 71.9277 0
21.3204 71.6147 0
21.6097 71.325 0
21.9211 71.0604 0
22.2523 70.8226 0
22.6013 70.613 0
22.9654 70.4327 0
23.3423 70.2828 0
23.7295 70.1641 0
24.1243 70.0773 0
24.5242 70.0227 0
24.9265 70.0005 0
25.3733 70.014 0
25.8161 70.0671 0
26.2516 70.1592 0
26.6763 70.2894 0
27.087 70.4564 0
27.4805 70.6587 0
27.8539 70.8945 0
28.2042 71.1616 0
28.529 71.4579 0
28.8259 71.7809 0
29.0927 72.1278 0
29.3277 72.4958 0
29.5292 72.882 0
29.696 73.2831 0
29.827 73.6961 0
29.9215 74.1176 0
29.9792 74.5444 0
29.995 74.7769 0
30 75 0
29.9824 75.4186 0
29.9319 75.8224 0
29.8464 76.2299 0
29.7276 76.6277 0
29.5768 77.0132 0
29.395 77.3841 0
29.1838 77.7379 0
28.9447 78.0723 0
28.6796 78.3853 0
28.3903 78.675 0
28.0789 78.9396 0
27.7477 79.1774 0
27.3987 79.387 0
27.0346 79.5673 0
26.6577 79.7172 0
26.2705 79.8359 0
25.8757 79.9227 0
25.4758 79.9773 0
25.0735 79.9995 0
24.6267 79.986 0
24.1839 79.9329 0
23.7484 79.8408 0
23.3237 79.7106 0
22.913 79.5436 0
22.5195 79.3413 0
22.1461 79.1055 0
21.7958 78.8384 0
21.471 78.5421 0
21.1741 78.2191 0
20.9073 77.8722 0
20.6723 77.5042 0
20.4708 77.118 0
20.304 76.7169 0
20.173 76.3039 0
20.0785 75.8824 0
20.0208 75.4556 0
20.005 75.2231 0
"></Coordinate>
      <Normal vector="
0 -0 1
0 -0 1
0 -0 1
0 -0 1
0 -0 1
0 -0 1
0 -0 1
0 -0 1
0 -0 1
0 -0 1
0 -0 1
0 -0 1
0 -0 1
0 -0 1
0 -0 1
0 -0 1
0 -0 1
0 -0 1
0 -0 1
0 -0 1
0 -0 1
0 -0 1
0 -0 1
0 -0 1
0 -0 1
0 -0 1
0 -0 1
0 -0 1
0 -0 1
0 -0 1
0 -0 1
0 -0 1
0 -0 1
0 -0 1
0 -0 1
0 -0 1
0 -0 1
0 -0 1
0 -0 1
0 -0 1
0 -0 1
0 -0 1
0 -0 1
0 -0 1
0 -0 1
0 -0 1
0 -0 1
0 -0 1
0 -0 1
0 -0 1
0 -0 1
0 -0 1
0 -0 1
0 -0 1
0 -0 1
0 -0 1
0 -0 1
0 -0 1
0 -0 1
0 -0 1
0 -0 1
0 -0 1
0 -0 1
0 -0 1
0 -0 1
0 -0 1
0 -0 1
0 -0 1
0 -0 1
0 -0 1
0 -0 1
0 -0 1
0 -0 1
0 -0 1
0 -0 1
0 -0 1
0 -0 1
0 -0 1
0 -0 1
0 -0 1
"></Normal>
     </IndexedTriangleSet>
    </Shape>
    <Shape DEF="face33">
     <Appearance><Material DEF="matface33" diffuseColor="1.000000 0.000000 0.000000" shininess="0.9" specularColor="0.2 0.2 0.2" transparency="0"></Material></Appearance>
     <IndexedTriangleSet DEF="setface33" index="
1 2 3 1 3 0 
">
      <Coordinate point="
15 67.5 0
15 82.5 0
15 82.5 -3
15 67.5 -3
"></Coordinate>
      <Normal vector="
-1 -0 0
-1 -0 0
-1 -0 0
-1 -0 0
"></Normal>
     </IndexedTriangleSet>
    </Shape>
    <Shape DEF="face34">
     <Appearance><Material DEF="matface34" diffuseColor="1.000000 0.000000 0.000000" shininess="0.9" specularColor="0.2 0.2 0.2" transparency="0"></Material></Appearance>
     <IndexedTriangleSet DEF="setface34" index="
1 55 0 1 56 55 2 56 1 2 57 56 3 57 2 3 58 57 4 58 3 4 59 58 5 59 4 5 60 59 6 60 5 6 61 60 7 61 6 7 62 61 8 62 7 8 63 62 9 63 8 9 64 63 10 65 64 10 64 9 11 66 65 11 65 10 12 66 11 12 67 66 13 68 67 13 67 12 14 69 68 14 68 13 15 70 69 15 69 14 16 71 70 16 70 15 17 72 71 17 71 16 18 72 17 18 73 72 19 73 18 19 74 73 20 74 19 20 75 74 21 75 20 21 76 75 22 76 21 22 77 76 23 77 22 23 78 77 24 78 23 24 79 78 25 79 24 25 80 79 26 80 25 26 81 80 27 81 26 27 82 81 28 82 27 28 83 82 29 83 28 29 84 83 30 84 29 30 85 84 30 86 85 31 86 30 32 86 31 32 87 86 33 87 32 33 88 87 34 88 33 34 89 88 35 89 34 35 90 89 36 90 35 36 91 90 37 91 36 37 92 91 38 92 37 38 93 92 39 93 38 39 94 93 40 94 39 40 95 94 41 95 40 41 96 95 41 97 96 42 97 41 43 97 42 43 98 97 44 98 43 44 99 98 44 100 99 45 100 44 46 100 45 46 101 100 47 102 101 47 101 46 48 103 102 48 102 47 49 104 103 49 103 48 50 105 104 50 104 49 51 106 105 51 105 50 52 107 106 52 106 51 53 54 107 53 107 52 
">
      <Coordinate point="
30 75 -6.67466e-16
29.9914 75.2927 -6.67466e-16
29.9637 75.6014 -6.67466e-16
29.9202 75.89 -6.67466e-16
29.86 76.1751 -6.67466e-16
29.7834 76.4558 -6.67466e-16
29.6907 76.7313 -6.67466e-16
29.5823 77.0005 -6.67466e-16
29.4587 77.2627 -6.67466e-16
29.3203 77.517 -6.67466e-16
29.1675 77.7626 -6.67466e-16
29.001 77.9987 -6.67466e-16
28.8213 78.2245 -6.67466e-16
28.6291 78.4394 -6.67466e-16
28.4251 78.6427 -6.67466e-16
28.2098 78.8337 -6.67466e-16
27.9842 79.0118 -6.67466e-16
27.749 79.1765 -6.67466e-16
27.5049 79.3273 -6.67466e-16
27.2527 79.4638 -6.67466e-16
26.9934 79.5854 -6.67466e-16
26.7278 79.692 -6.67466e-16
26.4568 79.7831 -6.67466e-16
26.1812 79.8585 -6.67466e-16
25.902 79.918 -6.67466e-16
25.6201 79.9614 -6.67466e-16
25.3364 79.9887 -6.67466e-16
25.0519 79.9997 -6.67466e-16
24.7358 79.993 -6.67466e-16
24.4212 79.9664 -6.67466e-16
24.1091 79.92 -6.67466e-16
23.8009 79.8541 -6.67466e-16
23.4977 79.769 -6.67466e-16
23.2009 79.6651 -6.67466e-16
22.9114 79.5429 -6.67466e-16
22.6304 79.4029 -6.67466e-16
22.3591 79.2457 -6.67466e-16
22.0984 79.072 -6.67466e-16
21.8494 78.8825 -6.67466e-16
21.613 78.6781 -6.67466e-16
21.39 78.4595 -6.67466e-16
21.1814 78.2277 -6.67466e-16
20.9878 77.9837 -6.67466e-16
20.81 77.7283 -6.67466e-16
20.6486 77.4628 -6.67466e-16
20.5042 77.1881 -6.67466e-16
20.3773 76.9053 -6.67466e-16
20.2682 76.6156 -6.67466e-16
20.1774 76.3202 -6.67466e-16
20.1052 76.0201 -6.67466e-16
20.0516 75.7167 -6.67466e-16
20.0169 75.411 -6.67466e-16
20.0041 75.2016 -6.67466e-16
20 75 0
20 75 -3
30 75 -3
29.9914 75.2927 -3
29.9637 75.6014 -3
29.9202 75.89 -3
29.86 76.1751 -3
29.7834 76.4558 -3
29.6907 76.7313 -3
29.5823 77.0005 -3
29.4587 77.2627 -3
29.3203 77.517 -3
29.1675 77.7626 -3
29.001 77.9987 -3
28.8213 78.2245 -3
28.6291 78.4394 -3
28.4251 78.6427 -3
28.2098 78.8337 -3
27.9842 79.0118 -3
27.749 79.1765 -3
27.5049 79.3273 -3
27.2527 79.4638 -3
26.9934 79.5854 -3
26.7278 79.692 -3
26.4568 79.7831 -3
26.1812 79.8585 -3
25.902 79.918 -3
25.6201 79.9614 -3
25.3364 79.9887 -3
25.0519 79.9997 -3
24.7358 79.993 -3
24.4212 79.9664 -3
24.1091 79.92 -3
23.8009 79.8541 -3
23.4977 79.769 -3
23.2009 79.6651 -3
22.9114 79.5429 -3
22.6304 79.4029 -3
22.3591 79.2457 -3
22.0984 79.072 -3
21.8494 78.8825 -3
21.613 78.6781 -3
21.39 78.4595 -3
21.1814 78.2277 -3
20.9878 77.9837 -3
20.81 77.7283 -3
20.6486 77.4628 -3
20.5042 77.1881 -3
20.3773 76.9053 -3
20.2682 76.6156 -3
20.1774 76.3202 -3
20.1052 76.0201 -3
20.0516 75.7167 -3
20.0169 75.411 -3
20.0041 75.2016 -3
"></Coordinate>
      <Normal vector="
-1 7.10543e-16 0
-0.998285 -0.0585382 0
-0.992741 -0.120275 0
-0.984032 -0.177991 0
-0.971992 -0.235016 0
-0.956673 -0.291164 0
-0.938141 -0.346253 0
-0.91647 -0.400104 0
-0.891742 -0.452544 0
-0.864052 -0.503403 0
-0.8335 -0.55252 0
-0.800197 -0.599737 0
-0.764262 -0.644905 0
-0.725822 -0.687882 0
-0.685011 -0.728533 0
-0.64197 -0.76673 0
-0.596846 -0.802356 0
-0.549794 -0.8353 0
-0.500973 -0.865463 0
-0.450548 -0.892752 0
-0.398688 -0.917087 0
-0.345565 -0.938395 0
-0.291358 -0.956614 0
-0.236243 -0.971694 0
-0.180404 -0.983593 0
-0.124024 -0.992279 0
-0.067287 -0.997734 0
-0.0103775 -0.999946 0
0.0528326 -0.998603 0
0.115769 -0.993276 0
0.178181 -0.983998 0
0.239823 -0.970817 0
0.300451 -0.953797 0
0.359829 -0.933018 0
0.417724 -0.908574 0
0.473913 -0.880572 0
0.528179 -0.849133 0
0.580313 -0.814394 0
0.630118 -0.7765 0
0.677404 -0.735611 0
0.721996 -0.691897 0
0.763726 -0.64554 0
0.802442 -0.59673 0
0.838003 -0.545666 0
0.870281 -0.492556 0
0.899163 -0.437614 0
0.924549 -0.381062 0
0.946356 -0.323125 0
0.964513 -0.264035 0
0.978966 -0.204025 0
0.989675 -0.143331 0
0.996616 -0.0821929 0
0.999187 -0.0403195 0
1 -7.10543e-16 0
1 -7.10543e-16 0
-1 7.10543e-16 0
-0.998285 -0.0585382 0
-0.992741 -0.120275 0
-0.984032 -0.177991 0
-0.971992 -0.235016 0
-0.956673 -0.291164 0
-0.938141 -0.346253 0
-0.91647 -0.400104 0
-0.891742 -0.452544 0
-0.864052 -0.503403 0
-0.8335 -0.55252 0
-0.800197 -0.599737 0
-0.764262 -0.644905 0
-0.725822 -0.687882 0
-0.685011 -0.728533 0
-0.64197 -0.76673 0
-0.596846 -0.802356 0
-0.549794 -0.8353 0
-0.500973 -0.865463 0
-0.450548 -0.892752 0
-0.398688 -0.917087 0
-0.345565 -0.938395 0
-0.291358 -0.956614 0
-0.236243 -0.971694 0
-0.180404 -0.983593 0
-0.124024 -0.992279 0
-0.067287 -0.997734 0
-0.0103775 -0.999946 0
0.0528326 -0.998603 0
0.115769 -0.993276 0
0.178181 -0.983998 0
0.239823 -0.970817 0
0.300451 -0.953797 0
0.359829 -0.933018 0
0.417724 -0.908574 0
0.473913 -0.880572 0
0.528179 -0.849133 0
0.580313 -0.814394 0
0.630118 -0.7765 0
0.677404 -0.735611 0
0.721996 -0.691897 0
0.763726 -0.64554 0
0.802442 -0.59673 0
0.838003 -0.545666 0
0.870281 -0.492556 0
0.899163 -0.437614 0
0.924549 -0.381062 0
0.946356 -0.323125 0
0.964513 -0.264035 0
0.978966 -0.204025 0
0.989675 -0.143331 0
0.996616 -0.0821929 0
0.999187 -0.0403195 0
"></Normal>
     </IndexedTriangleSet>
    </Shape>
    <Shape DEF="face35">
     <Appearance><Material DEF="matface35" diffuseColor="1.000000 0.000000 0.000000" shininess="0.9" specularColor="0.2 0.2 0.2" transparency="0"></Material></Appearance>
     <IndexedTriangleSet DEF="setface35" index="
1 55 0 1 56 55 2 56 1 2 57 56 3 57 2 3 58 57 4 58 3 4 59 58 5 59 4 5 60 59 6 60 5 6 61 60 7 61 6 7 62 61 8 62 7 8 63 62 9 63 8 9 64 63 10 65 64 10 64 9 11 66 65 11 65 10 12 66 11 12 67 66 13 68 67 13 67 12 14 69 68 14 68 13 15 70 69 15 69 14 16 71 70 16 70 15 17 72 71 17 71 16 18 72 17 18 73 72 19 73 18 19 74 73 20 74 19 20 75 74 21 75 20 21 76 75 22 76 21 22 77 76 23 77 22 23 78 77 24 78 23 24 79 78 25 79 24 25 80 79 26 80 25 26 81 80 27 81 26 27 82 81 28 82 27 28 83 82 29 83 28 29 84 83 30 84 29 30 85 84 30 86 85 31 86 30 32 86 31 32 87 86 33 87 32 33 88 87 33 89 88 34 89 33 35 89 34 35 90 89 36 90 35 36 91 90 37 91 36 37 92 91 38 92 37 38 93 92 39 93 38 39 94 93 39 95 94 40 95 39 40 96 95 41 96 40 42 96 41 42 97 96 43 97 42 43 98 97 44 98 43 44 99 98 45 99 44 45 100 99 45 101 100 46 101 45 47 102 101 47 101 46 48 103 102 48 102 47 49 104 103 49 103 48 50 105 104 50 104 49 51 106 105 51 105 50 52 107 106 52 106 51 53 54 107 53 107 52 
">
      <Coordinate point="
20 75 -6.67466e-16
20.0086 74.7073 -6.67466e-16
20.0363 74.3986 -6.67466e-16
20.0798 74.11 -6.67466e-16
20.14 73.8249 -6.67466e-16
20.2166 73.5442 -6.67466e-16
20.3093 73.2687 -6.67466e-16
20.4177 72.9995 -6.67466e-16
20.5413 72.7373 -6.67466e-16
20.6797 72.483 -6.67466e-16
20.8325 72.2374 -6.67466e-16
20.999 72.0013 -6.67466e-16
21.1787 71.7755 -6.67466e-16
21.3709 71.5606 -6.67466e-16
21.5749 71.3573 -6.67466e-16
21.7902 71.1663 -6.67466e-16
22.0158 70.9882 -6.67466e-16
22.251 70.8235 -6.67466e-16
22.4951 70.6727 -6.67466e-16
22.7473 70.5362 -6.67466e-16
23.0066 70.4146 -6.67466e-16
23.2722 70.308 -6.67466e-16
23.5432 70.2169 -6.67466e-16
23.8188 70.1415 -6.67466e-16
24.098 70.082 -6.67466e-16
24.3799 70.0386 -6.67466e-16
24.6636 70.0113 -6.67466e-16
24.9481 70.0003 -6.67466e-16
25.2642 70.007 -6.67466e-16
25.5788 70.0336 -6.67466e-16
25.8909 70.08 -6.67466e-16
26.1991 70.1459 -6.67466e-16
26.5023 70.231 -6.67466e-16
26.7991 70.3349 -6.67466e-16
27.0886 70.4571 -6.67466e-16
27.3696 70.5971 -6.67466e-16
27.6409 70.7543 -6.67466e-16
27.9016 70.928 -6.67466e-16
28.1506 71.1175 -6.67466e-16
28.387 71.3219 -6.67466e-16
28.61 71.5405 -6.67466e-16
28.8186 71.7723 -6.67466e-16
29.0122 72.0163 -6.67466e-16
29.19 72.2717 -6.67466e-16
29.3514 72.5372 -6.67466e-16
29.4958 72.8119 -6.67466e-16
29.6227 73.0947 -6.67466e-16
29.7318 73.3844 -6.67466e-16
29.8226 73.6798 -6.67466e-16
29.8948 73.9799 -6.67466e-16
29.9484 74.2833 -6.67466e-16
29.9831 74.589 -6.67466e-16
29.9959 74.7984 -6.67466e-16
30 75 0
30 75 -3
20 75 -3
20.0086 74.7073 -3
20.0363 74.3986 -3
20.0798 74.11 -3
20.14 73.8249 -3
20.2166 73.5442 -3
20.3093 73.2687 -3
20.4177 72.9995 -3
20.5413 72.7373 -3
20.6797 72.483 -3
20.8325 72.2374 -3
20.999 72.0013 -3
21.1787 71.7755 -3
21.3709 71.5606 -3
21.5749 71.3573 -3
21.7902 71.1663 -3
22.0158 70.9882 -3
22.251 70.8235 -3
22.4951 70.6727 -3
22.7473 70.5362 -3
23.0066 70.4146 -3
23.2722 70.308 -3
23.5432 70.2169 -3
23.8188 70.1415 -3
24.098 70.082 -3
24.3799 70.0386 -3
24.6636 70.0113 -3
24.9481 70.0003 -3
25.2642 70.007 -3
25.5788 70.0336 -3
25.8909 70.08 -3
26.1991 70.1459 -3
26.5023 70.231 -3
26.7991 70.3349 -3
27.0886 70.4571 -3
27.3696 70.5971 -3
27.6409 70.7543 -3
27.9016 70.928 -3
28.1506 71.1175 -3
28.387 71.3219 -3
28.61 71.5405 -3
28.8186 71.7723 -3
29.0122 72.0163 -3
29.19 72.2717 -3
29.3514 72.5372 -3
29.4958 72.8119 -3
29.6227 73.0947 -3
29.7318 73.3844 -3
29.8226 73.6798 -3
29.8948 73.9799 -3
29.9484 74.2833 -3
29.9831 74.589 -3
29.9959 74.7984 -3
"></Coordinate>
      <Normal vector="
1 0 -0
0.998285 0.0585382 -0
0.992741 0.120275 -0
0.984032 0.177991 -0
0.971992 0.235016 -0
0.956673 0.291164 -0
0.938141 0.346253 -0
0.91647 0.400104 -0
0.891742 0.452544 -0
0.864052 0.503403 -0
0.8335 0.55252 -0
0.800197 0.599737 -0
0.764262 0.644905 -0
0.725822 0.687882 -0
0.685011 0.728533 -0
0.64197 0.76673 -0
0.596846 0.802356 -0
0.549794 0.8353 -0
0.500973 0.865463 -0
0.450548 0.892752 -0
0.398688 0.917087 -0
0.345565 0.938395 -0
0.291358 0.956614 -0
0.236243 0.971694 -0
0.180404 0.983593 -0
0.124024 0.992279 -0
0.067287 0.997734 -0
0.0103775 0.999946 -0
-0.0528326 0.998603 0
-0.115769 0.993276 0
-0.178181 0.983998 0
-0.239823 0.970817 0
-0.300451 0.953797 0
-0.359829 0.933018 0
-0.417724 0.908574 0
-0.473913 0.880572 0
-0.528179 0.849133 0
-0.580313 0.814394 0
-0.630118 0.7765 0
-0.677404 0.735611 0
-0.721996 0.691897 0
-0.763726 0.64554 0
-0.802442 0.59673 0
-0.838003 0.545666 0
-0.870281 0.492556 0
-0.899163 0.437614 0
-0.924549 0.381062 0
-0.946356 0.323125 0
-0.964513 0.264035 0
-0.978966 0.204025 0
-0.989675 0.143331 0
-0.996616 0.0821929 0
-0.999187 0.0403195 0
-1 -0 0
-1 -0 0
1 0 -0
0.998285 0.0585382 -0
0.992741 0.120275 -0
0.984032 0.177991 -0
0.971992 0.235016 -0
0.956673 0.291164 -0
0.938141 0.346253 -0
0.91647 0.400104 -0
0.891742 0.452544 -0
0.864052 0.503403 -0
0.8335 0.55252 -0
0.800197 0.599737 -0
0.764262 0.644905 -0
0.725822 0.687882 -0
0.685011 0.728533 -0
0.64197 0.76673 -0
0.596846 0.802356 -0
0.549794 0.8353 -0
0.500973 0.865463 -0
0.450548 0.892752 -0
0.398688 0.917087 -0
0.345565 0.938395 -0
0.291358 0.956614 -0
0.236243 0.971694 -0
0.180404 0.983593 -0
0.124024 0.992279 -0
0.067287 0.997734 -0
0.0103775 0.999946 -0
-0.0528326 0.998603 0
-0.115769 0.993276 0
-0.178181 0.983998 0
-0.239823 0.970817 0
-0.300451 0.953797 0
-0.359829 0.933018 0
-0.417724 0.908574 0
-0.473913 0.880572 0
-0.528179 0.849133 0
-0.580313 0.814394 0
-0.630118 0.7765 0
-0.677404 0.735611 0
-0.721996 0.691897 0
-0.763726 0.64554 0
-0.802442 0.59673 0
-0.838003 0.545666 0
-0.870281 0.492556 0
-0.899163 0.437614 0
-0.924549 0.381062 0
-0.946356 0.323125 0
-0.964513 0.264035 0
-0.978966 0.204025 0
-0.989675 0.143331 0
-0.996616 0.0821929 0
-0.999187 0.0403195 0
"></Normal>
     </IndexedTriangleSet>
    </Shape>
    <Shape DEF="face36">
     <Appearance><Material DEF="matface36" diffuseColor="0.000000 0.000000 1.000000" shininess="0.9" specularColor="0.2 0.2 0.2" transparency="0"></Material></Appearance>
     <IndexedTriangleSet DEF="setface36" index="
102 35 34 101 36 35 101 35 102 103 34 33 103 102 34 100 36 101 100 37 36 104 103 33 104 33 32 99 37 100 99 38 37 105 104 32 105 31 30 105 32 31 98 38 99 98 39 38 98 40 39 106 30 29 106 105 30 97 41 40 97 40 98 107 29 28 107 106 29 96 41 97 96 42 41 108 28 27 108 107 28 95 42 96 95 43 42 109 27 26 109 108 27 94 43 95 94 44 43 110 26 25 110 109 26 93 45 44 93 44 94 111 25 24 111 110 25 92 45 93 92 46 45 112 23 22 112 24 23 112 111 24 167 47 46 167 46 92 113 112 22 113 22 21 166 47 167 166 48 47 166 49 48 114 21 20 114 113 21 165 50 49 165 49 166 164 51 50 164 50 165 115 19 18 115 20 19 115 114 20 163 52 51 163 51 164 116 18 17 116 115 18 162 53 52 162 54 53 162 52 163 117 17 16 117 116 17 161 54 162 161 55 54 118 15 14 118 16 15 118 117 16 160 55 161 160 56 55 119 118 14 13 119 14 159 56 160 159 57 56 120 119 13 12 120 13 58 57 159 158 58 159 121 120 12 11 121 12 59 58 158 157 59 158 10 122 121 10 121 11 60 59 157 60 157 156 9 123 122 9 122 10 61 60 156 8 124 123 8 123 9 62 156 155 62 61 156 7 124 8 63 155 154 63 62 155 6 125 124 6 124 7 64 154 153 64 63 154 5 126 125 5 125 6 65 64 153 4 127 126 4 126 5 66 65 153 66 153 152 3 128 127 3 127 4 67 66 152 67 152 151 2 128 3 68 67 151 68 151 150 1 128 2 1 129 128 69 68 150 0 130 129 0 129 1 70 69 150 70 150 149 91 130 0 91 131 130 71 149 148 71 70 149 90 131 91 90 132 131 72 148 147 72 71 148 89 133 132 89 132 90 73 147 146 73 72 147 88 134 133 88 133 89 74 146 145 74 73 146 87 135 134 87 134 88 75 74 145 75 145 144 86 136 135 86 135 87 76 144 143 76 75 144 85 136 86 77 76 143 84 137 136 84 136 85 78 143 142 78 77 143 83 138 137 83 137 84 79 142 141 79 78 142 82 139 138 82 138 83 80 141 140 80 79 141 81 140 139 81 139 82 81 80 140 
">
      <Coordinate point="
47.5 54.5096 30
48.0025 54.5265 30
48.5361 54.5815 30
49.0293 54.6672 30
49.5148 54.7853 30
49.9905 54.9352 30
50.4544 55.1161 30
50.9046 55.3269 30
51.3392 55.5667 30
51.7563 55.8344 30
52.1543 56.1285 30
52.5316 56.4479 30
52.8865 56.7909 30
53.2177 57.156 30
53.5239 57.5416 30
53.8037 57.946 30
54.0562 58.3673 30
54.2803 58.8037 30
54.4752 59.2534 30
54.6401 59.7143 30
54.7745 60.1844 30
54.8779 60.6618 30
54.9499 61.1444 30
54.9904 61.6301 30
54.9992 62.1169 30
54.972 62.6566 30
54.9062 63.1922 30
54.8021 63.721 30
54.6606 64.2403 30
54.4824 64.7474 30
54.2687 65.2399 30
54.0207 65.7152 30
53.7397 66.1709 30
53.4274 66.6049 30
53.0854 67.0149 30
52.7158 67.399 30
52.3203 67.7554 30
51.9012 68.0824 30
51.4607 68.3785 30
51.0012 68.6422 30
50.5249 68.8725 30
50.0345 69.0684 30
49.5325 69.229 30
49.0213 69.3537 30
48.5037 69.4422 30
47.9872 69.4938 30
47.5 69.5096 30
46.9975 69.4928 30
46.4639 69.4377 30
45.9707 69.352 30
45.4852 69.2339 30
45.0095 69.084 30
44.5456 68.9032 30
44.0954 68.6923 30
43.6608 68.4525 30
43.2437 68.1849 30
42.8457 67.8907 30
42.4684 67.5714 30
42.1135 67.2284 30
41.7823 66.8632 30
41.4761 66.4776 30
41.1963 66.0733 30
40.9438 65.6519 30
40.7197 65.2155 30
40.5248 64.7659 30
40.3599 64.305 30
40.2255 63.8348 30
40.1221 63.3574 30
40.0501 62.8749 30
40.0096 62.3891 30
40.0008 61.9023 30
40.028 61.3627 30
40.0938 60.8271 30
40.1979 60.2982 30
40.3394 59.779 30
40.5176 59.2718 30
40.7313 58.7794 30
40.9793 58.3041 30
41.2603 57.8483 30
41.5726 57.4144 30
41.9146 57.0043 30
42.2842 56.6202 30
42.6797 56.2638 30
43.0988 55.9368 30
43.5393 55.6408 30
43.9988 55.377 30
44.4751 55.1467 30
44.9655 54.9509 30
45.4675 54.7903 30
45.9787 54.6655 30
46.4963 54.5771 30
47.0128 54.5255 30
47.5 67.0096 30
47.9132 66.9925 30
48.3114 66.9433 30
48.7138 66.86 30
49.1069 66.7444 30
49.4883 66.5973 30
49.8555 66.42 30
50.2062 66.2139 30
50.5383 65.9806 30
50.8498 65.7216 30
51.1387 65.4389 30
51.4034 65.1343 30
51.6422 64.81 30
51.8538 64.4682 30
52.0369 64.1112 30
52.1906 63.7412 30
52.314 63.3607 30
52.4064 62.9723 30
52.4675 62.5784 30
52.497 62.1814 30
52.4949 61.7841 30
52.4556 61.3451 30
52.3781 60.9121 30
52.263 60.4885 30
52.1115 60.0773 30
51.9251 59.6818 30
51.7052 59.3048 30
51.4539 58.9491 30
51.1732 58.6173 30
50.8654 58.3118 30
50.5331 58.0346 30
50.1789 57.7878 30
49.8056 57.5729 30
49.4162 57.3914 30
49.0137 57.2442 30
48.6012 57.1324 30
48.1819 57.0563 30
47.8308 57.0206 30
47.5 57.0096 30
47.0868 57.0267 30
46.6886 57.0759 30
46.2862 57.1592 30
45.8931 57.2749 30
45.5117 57.422 30
45.1445 57.5992 30
44.7938 57.8053 30
44.4617 58.0387 30
44.1502 58.2976 30
43.8613 58.5804 30
43.5966 58.8849 30
43.3578 59.2092 30
43.1462 59.551 30
42.9631 59.9081 30
42.8094 60.2781 30
42.686 60.6585 30
42.5936 61.0469 30
42.5325 61.4409 30
42.503 61.8378 30
42.5051 62.2352 30
42.5444 62.6741 30
42.6219 63.1071 30
42.737 63.5308 30
42.8885 63.9419 30
43.0749 64.3374 30
43.2948 64.7144 30
43.5461 65.0701 30
43.8268 65.4019 30
44.1346 65.7075 30
44.4669 65.9846 30
44.8211 66.2314 30
45.1944 66.4463 30
45.5838 66.6279 30
45.9863 66.775 30
46.3988 66.8869 30
46.8181 66.9629 30
47.1692 66.9987 30
"></Coordinate>
      <Normal vector="
-0 -0 -1
-0 -0 -1
-0 -0 -1
-0 -0 -1
-0 -0 -1
-0 -0 -1
-0 -0 -1
-0 -0 -1
-0 -0 -1
-0 -0 -1
-0 -0 -1
-0 -0 -1
-0 -0 -1
-0 -0 -1
-0 -0 -1
-0 -0 -1
-0 -0 -1
-0 -0 -1
-0 -0 -1
-0 -0 -1
-0 -0 -1
-0 -0 -1
-0 -0 -1
-0 -0 -1
-0 -0 -1
-0 -0 -1
-0 -0 -1
-0 -0 -1
-0 -0 -1
-0 -0 -1
-0 -0 -1
-0 -0 -1
-0 -0 -1
-0 -0 -1
-0 -0 -1
-0 -0 -1
-0 -0 -1
-0 -0 -1
-0 -0 -1
-0 -0 -1
-0 -0 -1
-0 -0 -1
-0 -0 -1
-0 -0 -1
-0 -0 -1
-0 -0 -1
-0 -0 -1
-0 -0 -1
-0 -0 -1
-0 -0 -1
-0 -0 -1
-0 -0 -1
-0 -0 -1
-0 -0 -1
-0 -0 -1
-0 -0 -1
-0 -0 -1
-0 -0 -1
-0 -0 -1
-0 -0 -1
-0 -0 -1
-0 -0 -1
-0 -0 -1
-0 -0 -1
-0 -0 -1
-0 -0 -1
-0 -0 -1
-0 -0 -1
-0 -0 -1
-0 -0 -1
-0 -0 -1
-0 -0 -1
-0 -0 -1
-0 -0 -1
-0 -0 -1
-0 -0 -1
-0 -0 -1
-0 -0 -1
-0 -0 -1
-0 -0 -1
-0 -0 -1
-0 -0 -1
-0 -0 -1
-0 -0 -1
-0 -0 -1
-0 -0 -1
-0 -0 -1
-0 -0 -1
-0 -0 -1
-0 -0 -1
-0 -0 -1
-0 -0 -1
-0 -0 -1
-0 -0 -1
-0 -0 -1
-0 -0 -1
-0 -0 -1
-0 -0 -1
-0 -0 -1
-0 -0 -1
-0 -0 -1
-0 -0 -1
-0 -0 -1
-0 -0 -1
-0 -0 -1
-0 -0 -1
-0 -0 -1
-0 -0 -1
-0 -0 -1
-0 -0 -1
-0 -0 -1
-0 -0 -1
-0 -0 -1
-0 -0 -1
-0 -0 -1
-0 -0 -1
-0 -0 -1
-0 -0 -1
-0 -0 -1
-0 -0 -1
-0 -0 -1
-0 -0 -1
-0 -0 -1
-0 -0 -1
-0 -0 -1
-0 -0 -1
-0 -0 -1
-0 -0 -1
-0 -0 -1
-0 -0 -1
-0 -0 -1
-0 -0 -1
-0 -0 -1
-0 -0 -1
-0 -0 -1
-0 -0 -1
-0 -0 -1
-0 -0 -1
-0 -0 -1
-0 -0 -1
-0 -0 -1
-0 -0 -1
-0 -0 -1
-0 -0 -1
-0 -0 -1
-0 -0 -1
-0 -0 -1
-0 -0 -1
-0 -0 -1
-0 -0 -1
-0 -0 -1
-0 -0 -1
-0 -0 -1
-0 -0 -1
-0 -0 -1
-0 -0 -1
-0 -0 -1
-0 -0 -1
-0 -0 -1
-0 -0 -1
-0 -0 -1
-0 -0 -1
-0 -0 -1
-0 -0 -1
-0 -0 -1
-0 -0 -1
-0 -0 -1
-0 -0 -1
"></Normal>
     </IndexedTriangleSet>
    </Shape>
    <Shape DEF="face37">
     <Appearance><Material DEF="matface37" diffuseColor="0.000000 0.000000 1.000000" shininess="0.9" specularColor="0.2 0.2 0.2" transparency="0"></Material></Appearance>
     <IndexedTriangleSet DEF="setface37" index="
41 40 39 47 45 44 47 46 45 49 47 44 49 48 47 50 44 43 50 49 44 51 50 43 51 42 41 51 43 42 52 41 39 52 51 41 53 52 39 54 39 38 54 53 39 55 38 37 55 54 38 56 37 36 56 55 37 57 36 35 57 56 36 58 57 35 59 58 35 59 34 33 59 35 34 60 59 33 61 33 32 61 60 33 62 61 32 62 31 30 62 32 31 63 62 30 64 63 30 64 30 29 65 64 29 65 29 28 66 65 28 66 28 27 67 66 27 2 4 3 68 67 27 68 26 25 68 27 26 69 68 25 0 2 1 0 4 2 70 24 23 70 25 24 70 69 25 91 5 4 91 4 0 71 70 23 71 23 22 72 22 21 72 71 22 89 5 91 89 91 90 73 72 21 88 5 89 74 21 20 74 73 21 75 19 18 75 20 19 75 74 20 86 6 5 86 5 88 86 88 87 76 75 18 76 18 17 85 7 6 85 6 86 77 17 16 77 76 17 84 8 7 84 9 8 84 7 85 78 16 15 78 77 16 83 10 9 83 9 84 79 14 13 79 15 14 79 78 15 82 10 83 80 13 12 80 79 13 81 11 10 81 12 11 81 10 82 81 80 12 
">
      <Coordinate point="
47.5 69.5096 33
48.0025 69.4928 33
48.5361 69.4377 33
49.0293 69.352 33
49.5148 69.2339 33
49.9905 69.084 33
50.4544 68.9032 33
50.9046 68.6923 33
51.3392 68.4525 33
51.7563 68.1849 33
52.1543 67.8907 33
52.5316 67.5714 33
52.8865 67.2284 33
53.2177 66.8632 33
53.5239 66.4776 33
53.8037 66.0733 33
54.0562 65.6519 33
54.2803 65.2155 33
54.4752 64.7659 33
54.6401 64.305 33
54.7745 63.8348 33
54.8779 63.3574 33
54.9499 62.8749 33
54.9904 62.3891 33
54.9992 61.9023 33
54.972 61.3627 33
54.9062 60.8271 33
54.8021 60.2982 33
54.6606 59.779 33
54.4824 59.2718 33
54.2687 58.7794 33
54.0207 58.3041 33
53.7397 57.8483 33
53.4274 57.4144 33
53.0854 57.0043 33
52.7158 56.6202 33
52.3203 56.2638 33
51.9012 55.9368 33
51.4607 55.6408 33
51.0012 55.377 33
50.5249 55.1467 33
50.0345 54.9509 33
49.5325 54.7903 33
49.0213 54.6655 33
48.5037 54.5771 33
47.9872 54.5255 33
47.5 54.5096 33
46.9975 54.5265 33
46.4639 54.5815 33
45.9707 54.6672 33
45.4852 54.7853 33
45.0095 54.9352 33
44.5456 55.1161 33
44.0954 55.3269 33
43.6608 55.5667 33
43.2437 55.8344 33
42.8457 56.1285 33
42.4684 56.4479 33
42.1135 56.7909 33
41.7823 57.156 33
41.4761 57.5416 33
41.1963 57.946 33
40.9438 58.3673 33
40.7197 58.8037 33
40.5248 59.2534 33
40.3599 59.7143 33
40.2255 60.1844 33
40.1221 60.6618 33
40.0501 61.1444 33
40.0096 61.6301 33
40.0008 62.1169 33
40.028 62.6566 33
40.0938 63.1922 33
40.1979 63.721 33
40.3394 64.2403 33
40.5176 64.7474 33
40.7313 65.2399 33
40.9793 65.7152 33
41.2603 66.1709 33
41.5726 66.6049 33
41.9146 67.0149 33
42.2842 67.399 33
42.6797 67.7554 33
43.0988 68.0824 33
43.5393 68.3785 33
43.9988 68.6422 33
44.4751 68.8725 33
44.9655 69.0684 33
45.4675 69.229 33
45.9787 69.3537 33
46.4963 69.4422 33
47.0128 69.4938 33
"></Coordinate>
      <Normal vector="
0 -0 1
0 -0 1
0 -0 1
0 -0 1
0 -0 1
0 -0 1
0 -0 1
0 -0 1
0 -0 1
0 -0 1
0 -0 1
0 -0 1
0 -0 1
0 -0 1
0 -0 1
0 -0 1
0 -0 1
0 -0 1
0 -0 1
0 -0 1
0 -0 1
0 -0 1
0 -0 1
0 -0 1
0 -0 1
0 -0 1
0 -0 1
0 -0 1
0 -0 1
0 -0 1
0 -0 1
0 -0 1
0 -0 1
0 -0 1
0 -0 1
0 -0 1
0 -0 1
0 -0 1
0 -0 1
0 -0 1
0 -0 1
0 -0 1
0 -0 1
0 -0 1
0 -0 1
0 -0 1
0 -0 1
0 -0 1
0 -0 1
0 -0 1
0 -0 1
0 -0 1
0 -0 1
0 -0 1
0 -0 1
0 -0 1
0 -0 1
0 -0 1
0 -0 1
0 -0 1
0 -0 1
0 -0 1
0 -0 1
0 -0 1
0 -0 1
0 -0 1
0 -0 1
0 -0 1
0 -0 1
0 -0 1
0 -0 1
0 -0 1
0 -0 1
0 -0 1
0 -0 1
0 -0 1
0 -0 1
0 -0 1
0 -0 1
0 -0 1
0 -0 1
0 -0 1
0 -0 1
0 -0 1
0 -0 1
0 -0 1
0 -0 1
0 -0 1
0 -0 1
0 -0 1
0 -0 1
0 -0 1
"></Normal>
     </IndexedTriangleSet>
    </Shape>
    <Shape DEF="face38">
     <Appearance><Material DEF="matface38" diffuseColor="0.000000 0.000000 1.000000" shininess="0.9" specularColor="0.2 0.2 0.2" transparency="0"></Material></Appearance>
     <IndexedTriangleSet DEF="setface38" index="
54 52 53 55 52 54 55 51 52 56 51 55 56 50 51 57 50 56 57 49 50 58 49 57 58 48 49 59 48 58 59 47 48 60 47 59 60 46 47 61 45 46 61 46 60 62 44 45 62 45 61 63 43 44 63 44 62 64 42 43 64 43 63 65 41 42 65 42 64 66 41 65 67 40 41 67 41 66 68 39 40 68 40 67 69 38 39 69 39 68 70 37 38 70 38 69 71 36 37 71 37 70 72 35 36 72 36 71 73 34 35 73 35 72 74 34 73 74 33 34 75 33 74 75 32 33 76 32 75 76 31 32 77 31 76 77 30 31 78 30 77 79 29 30 79 30 78 80 29 79 80 28 29 81 27 28 81 28 80 82 26 27 82 27 81 83 25 26 83 26 82 84 23 24 84 24 25 84 25 83 85 22 23 85 23 84 86 21 22 86 22 85 87 20 21 87 21 86 88 19 20 88 20 87 89 18 19 89 19 88 90 17 18 90 18 89 91 16 17 91 17 90 92 15 16 92 16 91 93 14 15 93 15 92 94 13 14 94 14 93 95 11 12 95 12 13 95 13 94 96 10 11 96 11 95 97 9 10 97 10 96 98 8 9 98 9 97 99 7 8 99 8 98 100 6 7 100 7 99 101 6 100 101 5 6 102 4 5 102 5 101 103 3 4 103 4 102 104 2 3 104 3 103 105 1 2 105 2 104 106 0 1 106 1 105 107 0 106 
">
      <Coordinate point="
47.5 69.5096 30
47.061 69.4968 30
46.5979 69.4552 30
46.1651 69.3899 30
45.7374 69.2996 30
45.3163 69.1847 30
44.9031 69.0457 30
44.4992 68.8831 30
44.1059 68.6977 30
43.7245 68.49 30
43.3561 68.2609 30
43.002 68.0111 30
42.6632 67.7416 30
42.3409 67.4533 30
42.036 67.1472 30
41.7495 66.8244 30
41.4823 66.486 30
41.2352 66.1331 30
41.009 65.7669 30
40.8044 65.3887 30
40.6218 64.9998 30
40.462 64.6014 30
40.3254 64.1948 30
40.2123 63.7814 30
40.1231 63.3627 30
40.0579 62.9398 30
40.017 62.5143 30
40.0004 62.0874 30
40.0105 61.6134 30
40.0504 61.1414 30
40.12 60.6733 30
40.2189 60.2109 30
40.3465 59.7562 30
40.5024 59.3109 30
40.6857 58.8767 30
40.8957 58.4553 30
41.1315 58.0483 30
41.392 57.6573 30
41.6763 57.2837 30
41.9829 56.9291 30
42.3108 56.5947 30
42.6584 56.2817 30
43.0245 55.9913 30
43.4075 55.7246 30
43.8058 55.4825 30
44.2179 55.2659 30
44.642 55.0755 30
45.0766 54.9119 30
45.5197 54.7758 30
45.9698 54.6674 30
46.425 54.5871 30
46.8836 54.535 30
47.1976 54.5157 30
47.5 54.5096 30
47.5 54.5096 33
47.061 54.5225 33
46.5979 54.5641 33
46.1651 54.6294 33
45.7374 54.7197 33
45.3163 54.8346 33
44.9031 54.9736 33
44.4992 55.1361 33
44.1059 55.3216 33
43.7245 55.5292 33
43.3561 55.7584 33
43.002 56.0081 33
42.6632 56.2777 33
42.3409 56.566 33
42.036 56.872 33
41.7495 57.1948 33
41.4823 57.5333 33
41.2352 57.8862 33
41.009 58.2523 33
40.8044 58.6305 33
40.6218 59.0195 33
40.462 59.4179 33
40.3254 59.8244 33
40.2123 60.2378 33
40.1231 60.6566 33
40.0579 61.0794 33
40.017 61.505 33
40.0004 61.9318 33
40.0105 62.4059 33
40.0504 62.8779 33
40.12 63.346 33
40.2189 63.8083 33
40.3465 64.263 33
40.5024 64.7083 33
40.6857 65.1425 33
40.8957 65.564 33
41.1315 65.971 33
41.392 66.362 33
41.6763 66.7355 33
41.9829 67.0902 33
42.3108 67.4246 33
42.6584 67.7376 33
43.0245 68.0279 33
43.4075 68.2946 33
43.8058 68.5367 33
44.2179 68.7533 33
44.642 68.9437 33
45.0766 69.1073 33
45.5197 69.2435 33
45.9698 69.3519 33
46.425 69.4322 33
46.8836 69.4842 33
47.1976 69.5035 33
47.5 69.5096 33
"></Coordinate>
      <Normal vector="
-0 1 0
-0.0585382 0.998285 0
-0.120275 0.992741 0
-0.177991 0.984032 0
-0.235016 0.971992 0
-0.291164 0.956673 0
-0.346253 0.938141 0
-0.400104 0.91647 0
-0.452544 0.891742 0
-0.503403 0.864052 0
-0.55252 0.8335 0
-0.599737 0.800197 0
-0.644905 0.764262 0
-0.687882 0.725822 0
-0.728533 0.685011 0
-0.76673 0.64197 0
-0.802356 0.596846 0
-0.8353 0.549794 0
-0.865463 0.500973 0
-0.892752 0.450548 0
-0.917087 0.398688 0
-0.938395 0.345565 0
-0.956614 0.291358 0
-0.971694 0.236243 0
-0.983593 0.180405 0
-0.992279 0.124024 0
-0.997734 0.067287 0
-0.999946 0.0103775 0
-0.998603 -0.0528326 0
-0.993276 -0.115769 0
-0.983998 -0.178181 0
-0.970817 -0.239823 0
-0.953797 -0.300451 0
-0.933018 -0.359829 0
-0.908574 -0.417724 0
-0.880572 -0.473913 0
-0.849133 -0.528178 0
-0.814394 -0.580313 0
-0.7765 -0.630118 0
-0.735611 -0.677404 0
-0.691897 -0.721996 0
-0.64554 -0.763726 0
-0.59673 -0.802442 0
-0.545666 -0.838003 0
-0.492556 -0.870281 0
-0.437614 -0.899163 0
-0.381062 -0.924549 0
-0.323125 -0.946356 0
-0.264035 -0.964513 0
-0.204025 -0.978966 0
-0.143331 -0.989675 0
-0.0821929 -0.996616 0
-0.0403195 -0.999187 0
0 -1 0
0 -1 0
-0.0585382 -0.998285 0
-0.120275 -0.992741 0
-0.177991 -0.984032 0
-0.235016 -0.971992 0
-0.291164 -0.956673 0
-0.346253 -0.938141 0
-0.400104 -0.91647 0
-0.452544 -0.891742 0
-0.503403 -0.864052 0
-0.55252 -0.8335 0
-0.599737 -0.800197 0
-0.644905 -0.764262 0
-0.687882 -0.725822 0
-0.728533 -0.685011 0
-0.76673 -0.64197 0
-0.802356 -0.596846 0
-0.8353 -0.549794 0
-0.865463 -0.500973 0
-0.892752 -0.450548 0
-0.917087 -0.398688 0
-0.938395 -0.345565 0
-0.956614 -0.291358 0
-0.971694 -0.236243 0
-0.983593 -0.180405 0
-0.992279 -0.124024 0
-0.997734 -0.067287 0
-0.999946 -0.0103775 0
-0.998603 0.0528326 0
-0.993276 0.115769 0
-0.983998 0.178181 0
-0.970817 0.239823 0
-0.953797 0.300451 0
-0.933018 0.359829 0
-0.908574 0.417724 0
-0.880572 0.473913 0
-0.849133 0.528178 0
-0.814394 0.580313 0
-0.7765 0.630118 0
-0.735611 0.677404 0
-0.691897 0.721996 0
-0.64554 0.763726 0
-0.59673 0.802442 0
-0.545666 0.838003 0
-0.492556 0.870281 0
-0.437614 0.899163 0
-0.381062 0.924549 0
-0.323125 0.946356 0
-0.264035 0.964513 0
-0.204025 0.978966 0
-0.143331 0.989675 0
-0.0821929 0.996616 0
-0.0403195 0.999187 0
0 1 0
"></Normal>
     </IndexedTriangleSet>
    </Shape>
    <Shape DEF="face39">
     <Appearance><Material DEF="matface39" diffuseColor="0.000000 0.000000 1.000000" shininess="0.9" specularColor="0.2 0.2 0.2" transparency="0"></Material></Appearance>
     <IndexedTriangleSet DEF="setface39" index="
46 44 43 46 45 44 48 47 46 49 48 46 50 46 43 50 43 42 50 49 46 51 42 41 51 50 42 52 40 39 52 41 40 52 51 41 53 52 39 54 39 38 54 53 39 55 54 38 55 38 37 56 37 36 56 55 37 57 36 35 57 56 36 58 57 35 59 58 35 59 34 33 59 35 34 60 59 33 61 32 31 61 33 32 61 60 33 62 61 31 62 31 30 63 62 30 63 30 29 64 63 29 65 29 28 65 64 29 66 65 28 66 28 27 67 66 27 68 26 25 68 27 26 68 67 27 1 3 2 1 4 3 1 5 4 69 68 25 69 25 24 0 5 1 70 24 23 70 69 24 71 70 23 71 23 22 72 71 22 89 5 0 89 91 90 89 0 91 73 21 20 73 22 21 73 72 22 88 6 5 88 5 89 74 20 19 74 73 20 75 74 19 86 6 88 86 88 87 76 17 16 76 18 17 76 19 18 76 75 19 85 7 6 85 8 7 85 6 86 77 16 15 77 76 16 84 9 8 84 8 85 78 77 15 83 9 84 79 78 15 82 10 9 82 11 10 82 9 83 80 13 12 80 14 13 80 15 14 80 79 15 81 12 11 81 11 82 81 80 12 
">
      <Coordinate point="
47.5 57.0096 -4
47.835 57.0209 -4
48.1907 57.0576 -4
48.5195 57.1147 -4
48.8432 57.1934 -4
49.1603 57.2933 -4
49.4696 57.4139 -4
49.7697 57.5545 -4
50.0595 57.7144 -4
50.3376 57.8928 -4
50.6029 58.0889 -4
50.8544 58.3018 -4
51.091 58.5305 -4
51.3118 58.7739 -4
51.5159 59.0309 -4
51.7025 59.3005 -4
51.8708 59.5814 -4
52.0202 59.8724 -4
52.1501 60.1721 -4
52.2601 60.4794 -4
52.3497 60.7928 -4
52.4186 61.1111 -4
52.4666 61.4328 -4
52.4936 61.7566 -4
52.4995 62.0812 -4
52.4814 62.4409 -4
52.4375 62.798 -4
52.3681 63.1505 -4
52.2737 63.4967 -4
52.155 63.8348 -4
52.0125 64.1631 -4
51.8471 64.48 -4
51.6598 64.7838 -4
51.4516 65.0731 -4
51.2236 65.3465 -4
50.9772 65.6026 -4
50.7135 65.8402 -4
50.4342 66.0582 -4
50.1405 66.2555 -4
49.8341 66.4314 -4
49.5166 66.5849 -4
49.1897 66.7155 -4
48.855 66.8225 -4
48.5142 66.9057 -4
48.1692 66.9646 -4
47.8248 66.9991 -4
47.5 67.0096 -4
47.165 66.9984 -4
46.8093 66.9617 -4
46.4805 66.9046 -4
46.1568 66.8258 -4
45.8397 66.7259 -4
45.5304 66.6053 -4
45.2303 66.4648 -4
44.9405 66.3049 -4
44.6624 66.1264 -4
44.3971 65.9303 -4
44.1456 65.7175 -4
43.909 65.4888 -4
43.6882 65.2454 -4
43.4841 64.9883 -4
43.2975 64.7187 -4
43.1292 64.4378 -4
42.9798 64.1469 -4
42.8499 63.8471 -4
42.7399 63.5398 -4
42.6503 63.2264 -4
42.5814 62.9082 -4
42.5334 62.5864 -4
42.5064 62.2626 -4
42.5005 61.9381 -4
42.5186 61.5783 -4
42.5625 61.2212 -4
42.6319 60.8687 -4
42.7263 60.5225 -4
42.845 60.1844 -4
42.9875 59.8561 -4
43.1529 59.5393 -4
43.3402 59.2354 -4
43.5484 58.9461 -4
43.7764 58.6728 -4
44.0228 58.4167 -4
44.2865 58.1791 -4
44.5658 57.9611 -4
44.8595 57.7637 -4
45.1659 57.5879 -4
45.4834 57.4343 -4
45.8103 57.3038 -4
46.145 57.1967 -4
46.4858 57.1136 -4
46.8308 57.0546 -4
47.1752 57.0202 -4
"></Coordinate>
      <Normal vector="
-0 -0 -1
-0 -0 -1
-0 -0 -1
-0 -0 -1
-0 -0 -1
-0 -0 -1
-0 -0 -1
-0 -0 -1
-0 -0 -1
-0 -0 -1
-0 -0 -1
-0 -0 -1
-0 -0 -1
-0 -0 -1
-0 -0 -1
-0 -0 -1
-0 -0 -1
-0 -0 -1
-0 -0 -1
-0 -0 -1
-0 -0 -1
-0 -0 -1
-0 -0 -1
-0 -0 -1
-0 -0 -1
-0 -0 -1
-0 -0 -1
-0 -0 -1
-0 -0 -1
-0 -0 -1
-0 -0 -1
-0 -0 -1
-0 -0 -1
-0 -0 -1
-0 -0 -1
-0 -0 -1
-0 -0 -1
-0 -0 -1
-0 -0 -1
-0 -0 -1
-0 -0 -1
-0 -0 -1
-0 -0 -1
-0 -0 -1
-0 -0 -1
-0 -0 -1
-0 -0 -1
-0 -0 -1
-0 -0 -1
-0 -0 -1
-0 -0 -1
-0 -0 -1
-0 -0 -1
-0 -0 -1
-0 -0 -1
-0 -0 -1
-0 -0 -1
-0 -0 -1
-0 -0 -1
-0 -0 -1
-0 -0 -1
-0 -0 -1
-0 -0 -1
-0 -0 -1
-0 -0 -1
-0 -0 -1
-0 -0 -1
-0 -0 -1
-0 -0 -1
-0 -0 -1
-0 -0 -1
-0 -0 -1
-0 -0 -1
-0 -0 -1
-0 -0 -1
-0 -0 -1
-0 -0 -1
-0 -0 -1
-0 -0 -1
-0 -0 -1
-0 -0 -1
-0 -0 -1
-0 -0 -1
-0 -0 -1
-0 -0 -1
-0 -0 -1
-0 -0 -1
-0 -0 -1
-0 -0 -1
-0 -0 -1
-0 -0 -1
-0 -0 -1
"></Normal>
     </IndexedTriangleSet>
    </Shape>
    <Shape DEF="face40">
     <Appearance><Material DEF="matface40" diffuseColor="0.000000 0.000000 1.000000" shininess="0.9" specularColor="0.2 0.2 0.2" transparency="0"></Material></Appearance>
     <IndexedTriangleSet DEF="setface40" index="
0 58 59 1 57 58 1 58 0 2 57 1 2 56 57 3 56 2 3 55 56 4 55 3 4 54 55 5 54 4 5 53 54 6 53 5 6 52 53 7 52 6 7 51 52 8 51 7 8 50 51 9 50 8 9 49 50 10 49 9 10 48 49 11 48 10 11 47 48 12 47 11 13 47 12 13 46 47 14 45 46 14 46 13 15 44 45 15 45 14 16 44 15 16 43 44 17 41 42 17 42 43 17 43 16 18 41 17 18 40 41 19 39 40 19 40 18 20 39 19 20 38 39 21 37 38 21 38 20 22 36 37 22 37 21 23 35 36 23 36 22 24 34 35 24 35 23 25 33 34 25 34 24 26 32 33 26 33 25 27 31 32 27 32 26 28 30 31 28 31 27 29 30 28 
">
      <Coordinate point="
47.5 57.0096 30
46.9478 57.0402 30
46.4059 57.1308 30
45.8795 57.2795 30
45.3749 57.4837 30
44.8974 57.7404 30
44.4522 58.0459 30
44.044 58.3963 30
43.6771 58.787 30
43.355 59.2133 30
43.0811 59.6701 30
42.8579 60.1519 30
42.6875 60.6531 30
42.5713 61.168 30
42.5102 61.6909 30
42.5043 62.2158 30
42.562 62.7943 30
42.6859 63.3604 30
42.8738 63.9064 30
43.1224 64.4255 30
43.4278 64.9109 30
43.7855 65.3566 30
44.1901 65.7572 30
44.6359 66.108 30
45.1166 66.405 30
45.6255 66.6449 30
46.1557 66.8255 30
46.7002 66.9452 30
47.1137 66.9947 30
47.5 67.0096 30
47.5 67.0096 -4
46.9478 66.979 -4
46.4059 66.8884 -4
45.8795 66.7397 -4
45.3749 66.5355 -4
44.8974 66.2789 -4
44.4522 65.9733 -4
44.044 65.623 -4
43.6771 65.2322 -4
43.355 64.8059 -4
43.0811 64.3491 -4
42.8579 63.8674 -4
42.6875 63.3661 -4
42.5713 62.8512 -4
42.5102 62.3284 -4
42.5043 61.8035 -4
42.562 61.2249 -4
42.6859 60.6589 -4
42.8738 60.1128 -4
43.1224 59.5938 -4
43.4278 59.1083 -4
43.7855 58.6626 -4
44.1901 58.262 -4
44.6359 57.9112 -4
45.1166 57.6143 -4
45.6255 57.3743 -4
46.1557 57.1937 -4
46.7002 57.074 -4
47.1137 57.0246 -4
47.5 57.0096 -4
"></Coordinate>
      <Normal vector="
0 -1 0
-0.110431 -0.993884 0
-0.218821 -0.975765 0
-0.324096 -0.946024 0
-0.425029 -0.90518 0
-0.520524 -0.853847 0
-0.609558 -0.792741 0
-0.691195 -0.722669 0
-0.764589 -0.644519 0
-0.828995 -0.559255 0
-0.883778 -0.467906 0
-0.928414 -0.371548 0
-0.962494 -0.271303 0
-0.985733 -0.168315 0
-0.997966 -0.0637485 0
-0.99915 0.041233 0
-0.987608 0.156941 0
-0.962819 0.270148 0
-0.925248 0.379364 0
-0.875525 0.483173 0
-0.814434 0.580256 0
-0.742902 0.669401 0
-0.661977 0.749524 0
-0.572822 0.81968 0
-0.47669 0.879072 0
-0.374908 0.927062 0
-0.268858 0.96318 0
-0.159957 0.987124 0
-0.0772668 0.99701 0
-0 1 0
0 1 0
-0.110431 0.993884 0
-0.218821 0.975765 0
-0.324096 0.946024 0
-0.425029 0.90518 0
-0.520524 0.853847 0
-0.609558 0.792741 0
-0.691195 0.722669 0
-0.764589 0.644519 0
-0.828995 0.559255 0
-0.883778 0.467906 0
-0.928414 0.371548 0
-0.962494 0.271303 0
-0.985733 0.168315 0
-0.997966 0.0637485 0
-0.99915 -0.041233 0
-0.987608 -0.156941 0
-0.962819 -0.270148 0
-0.925248 -0.379364 0
-0.875525 -0.483173 0
-0.814434 -0.580256 0
-0.742902 -0.669401 0
-0.661977 -0.749524 0
-0.572822 -0.81968 0
-0.47669 -0.879072 0
-0.374908 -0.927062 0
-0.268858 -0.96318 0
-0.159957 -0.987124 0
-0.0772668 -0.99701 0
0 -1 0
"></Normal>
     </IndexedTriangleSet>
    </Shape>
    <Shape DEF="face41">
     <Appearance><Material DEF="matface41" diffuseColor="0.000000 0.000000 1.000000" shininess="0.9" specularColor="0.2 0.2 0.2" transparency="0"></Material></Appearance>
     <IndexedTriangleSet DEF="setface41" index="
54 52 53 55 52 54 55 51 52 56 51 55 56 50 51 57 50 56 57 49 50 58 49 57 58 48 49 59 48 58 59 47 48 60 47 59 60 46 47 61 45 46 61 46 60 62 44 45 62 45 61 63 43 44 63 44 62 64 42 43 64 43 63 65 41 42 65 42 64 66 41 65 67 40 41 67 41 66 68 39 40 68 40 67 69 38 39 69 39 68 70 37 38 70 38 69 71 36 37 71 37 70 72 35 36 72 36 71 73 34 35 73 35 72 74 34 73 74 33 34 75 33 74 75 32 33 76 32 75 76 31 32 77 31 76 77 30 31 78 30 77 79 29 30 79 30 78 80 29 79 80 28 29 81 27 28 81 28 80 82 26 27 82 27 81 83 25 26 83 26 82 84 23 24 84 24 25 84 25 83 85 22 23 85 23 84 86 21 22 86 22 85 87 20 21 87 21 86 88 19 20 88 20 87 89 18 19 89 19 88 90 17 18 90 18 89 91 16 17 91 17 90 92 15 16 92 16 91 93 14 15 93 15 92 94 13 14 94 14 93 95 11 12 95 12 13 95 13 94 96 10 11 96 11 95 97 9 10 97 10 96 98 8 9 98 9 97 99 7 8 99 8 98 100 6 7 100 7 99 101 6 100 101 5 6 102 4 5 102 5 101 103 3 4 103 4 102 104 2 3 104 3 103 105 1 2 105 2 104 106 0 1 106 1 105 107 0 106 
">
      <Coordinate point="
47.5 54.5096 30
47.939 54.5225 30
48.4021 54.5641 30
48.8349 54.6294 30
49.2626 54.7197 30
49.6837 54.8346 30
50.0969 54.9736 30
50.5008 55.1361 30
50.8941 55.3216 30
51.2755 55.5292 30
51.6439 55.7584 30
51.998 56.0081 30
52.3368 56.2777 30
52.6591 56.566 30
52.964 56.872 30
53.2505 57.1948 30
53.5177 57.5333 30
53.7648 57.8862 30
53.991 58.2523 30
54.1956 58.6305 30
54.3782 59.0195 30
54.538 59.4179 30
54.6746 59.8244 30
54.7877 60.2378 30
54.8769 60.6566 30
54.9421 61.0794 30
54.983 61.505 30
54.9996 61.9318 30
54.9895 62.4059 30
54.9496 62.8779 30
54.88 63.346 30
54.7811 63.8083 30
54.6535 64.263 30
54.4976 64.7083 30
54.3143 65.1425 30
54.1043 65.564 30
53.8685 65.971 30
53.608 66.362 30
53.3237 66.7355 30
53.0171 67.0902 30
52.6892 67.4246 30
52.3416 67.7376 30
51.9755 68.0279 30
51.5925 68.2946 30
51.1942 68.5367 30
50.7821 68.7533 30
50.358 68.9437 30
49.9234 69.1073 30
49.4803 69.2435 30
49.0302 69.3519 30
48.575 69.4322 30
48.1164 69.4842 30
47.8024 69.5035 30
47.5 69.5096 30
47.5 69.5096 33
47.939 69.4968 33
48.4021 69.4552 33
48.8349 69.3899 33
49.2626 69.2996 33
49.6837 69.1847 33
50.0969 69.0457 33
50.5008 68.8831 33
50.8941 68.6977 33
51.2755 68.49 33
51.6439 68.2609 33
51.998 68.0111 33
52.3368 67.7416 33
52.6591 67.4533 33
52.964 67.1472 33
53.2505 66.8244 33
53.5177 66.486 33
53.7648 66.1331 33
53.991 65.7669 33
54.1956 65.3887 33
54.3782 64.9998 33
54.538 64.6014 33
54.6746 64.1948 33
54.7877 63.7814 33
54.8769 63.3627 33
54.9421 62.9398 33
54.983 62.5143 33
54.9996 62.0874 33
54.9895 61.6134 33
54.9496 61.1414 33
54.88 60.6733 33
54.7811 60.2109 33
54.6535 59.7562 33
54.4976 59.3109 33
54.3143 58.8767 33
54.1043 58.4553 33
53.8685 58.0483 33
53.608 57.6573 33
53.3237 57.2837 33
53.0171 56.9291 33
52.6892 56.5947 33
52.3416 56.2817 33
51.9755 55.9913 33
51.5925 55.7246 33
51.1942 55.4825 33
50.7821 55.2659 33
50.358 55.0755 33
49.9234 54.9119 33
49.4803 54.7758 33
49.0302 54.6674 33
48.575 54.5871 33
48.1164 54.535 33
47.8024 54.5157 33
47.5 54.5096 33
"></Coordinate>
      <Normal vector="
9.4739e-16 -1 0
0.0585382 -0.998285 0
0.120275 -0.992741 0
0.177991 -0.984032 0
0.235016 -0.971992 0
0.291164 -0.956673 0
0.346253 -0.938141 0
0.400104 -0.91647 0
0.452544 -0.891742 0
0.503403 -0.864052 0
0.55252 -0.8335 0
0.599737 -0.800197 0
0.644905 -0.764262 0
0.687882 -0.725822 0
0.728533 -0.685011 0
0.76673 -0.64197 0
0.802356 -0.596846 0
0.8353 -0.549794 0
0.865463 -0.500973 0
0.892752 -0.450548 0
0.917087 -0.398688 0
0.938395 -0.345565 0
0.956614 -0.291358 0
0.971694 -0.236243 0
0.983593 -0.180405 0
0.992279 -0.124024 0
0.997734 -0.067287 0
0.999946 -0.0103775 0
0.998603 0.0528326 -0
0.993276 0.115769 -0
0.983998 0.178181 -0
0.970817 0.239823 -0
0.953797 0.300451 -0
0.933018 0.359829 -0
0.908574 0.417724 -0
0.880572 0.473913 -0
0.849133 0.528178 -0
0.814394 0.580313 -0
0.7765 0.630118 -0
0.735611 0.677404 -0
0.691897 0.721996 -0
0.64554 0.763726 -0
0.59673 0.802442 -0
0.545666 0.838003 -0
0.492556 0.870281 -0
0.437614 0.899163 -0
0.381062 0.924549 -0
0.323125 0.946356 -0
0.264035 0.964513 -0
0.204025 0.978966 -0
0.143331 0.989675 -0
0.0821929 0.996616 -0
0.0403195 0.999187 -0
-1.89478e-15 1 0
-1.89478e-15 1 0
0.0585382 0.998285 -0
0.120275 0.992741 -0
0.177991 0.984032 -0
0.235016 0.971992 -0
0.291164 0.956673 -0
0.346253 0.938141 -0
0.400104 0.91647 -0
0.452544 0.891742 -0
0.503403 0.864052 -0
0.55252 0.8335 -0
0.599737 0.800197 -0
0.644905 0.764262 -0
0.687882 0.725822 -0
0.728533 0.685011 -0
0.76673 0.64197 -0
0.802356 0.596846 -0
0.8353 0.549794 -0
0.865463 0.500973 -0
0.892752 0.450548 -0
0.917087 0.398688 -0
0.938395 0.345565 -0
0.956614 0.291358 -0
0.971694 0.236243 -0
0.983593 0.180405 -0
0.992279 0.124024 -0
0.997734 0.067287 -0
0.999946 0.0103775 -0
0.998603 -0.0528326 0
0.993276 -0.115769 0
0.983998 -0.178181 0
0.970817 -0.239823 0
0.953797 -0.300451 0
0.933018 -0.359829 0
0.908574 -0.417724 0
0.880572 -0.473913 0
0.849133 -0.528178 0
0.814394 -0.580313 0
0.7765 -0.630118 0
0.735611 -0.677404 0
0.691897 -0.721996 0
0.64554 -0.763726 0
0.59673 -0.802442 0
0.545666 -0.838003 0
0.492556 -0.870281 0
0.437614 -0.899163 0
0.381062 -0.924549 0
0.323125 -0.946356 0
0.264035 -0.964513 0
0.204025 -0.978966 0
0.143331 -0.989675 0
0.0821929 -0.996616 0
0.0403195 -0.999187 0
9.4739e-16 -1 0
"></Normal>
     </IndexedTriangleSet>
    </Shape>
    <Shape DEF="face42">
     <Appearance><Material DEF="matface42" diffuseColor="0.000000 0.000000 1.000000" shininess="0.9" specularColor="0.2 0.2 0.2" transparency="0"></Material></Appearance>
     <IndexedTriangleSet DEF="setface42" index="
0 58 59 1 57 58 1 58 0 2 57 1 2 56 57 3 56 2 3 55 56 4 55 3 4 54 55 5 54 4 5 53 54 6 53 5 6 52 53 7 52 6 7 51 52 8 51 7 8 50 51 9 50 8 9 49 50 10 49 9 10 48 49 11 48 10 11 47 48 12 47 11 13 47 12 13 46 47 14 45 46 14 46 13 15 44 45 15 45 14 16 44 15 16 43 44 17 41 42 17 42 43 17 43 16 18 41 17 18 40 41 19 39 40 19 40 18 20 39 19 20 38 39 21 37 38 21 38 20 22 36 37 22 37 21 23 35 36 23 36 22 24 34 35 24 35 23 25 33 34 25 34 24 26 32 33 26 33 25 27 31 32 27 32 26 28 30 31 28 31 27 29 30 28 
">
      <Coordinate point="
47.5 67.0096 30
48.0522 66.979 30
48.5941 66.8884 30
49.1205 66.7397 30
49.6251 66.5355 30
50.1026 66.2789 30
50.5478 65.9733 30
50.956 65.623 30
51.3229 65.2322 30
51.645 64.8059 30
51.9189 64.3491 30
52.1421 63.8674 30
52.3125 63.3661 30
52.4287 62.8512 30
52.4898 62.3284 30
52.4957 61.8035 30
52.438 61.2249 30
52.3141 60.6589 30
52.1262 60.1128 30
51.8776 59.5938 30
51.5722 59.1083 30
51.2145 58.6626 30
50.8099 58.262 30
50.3641 57.9112 30
49.8834 57.6143 30
49.3745 57.3743 30
48.8443 57.1937 30
48.2998 57.074 30
47.8863 57.0246 30
47.5 57.0096 30
47.5 57.0096 -4
48.0522 57.0402 -4
48.5941 57.1308 -4
49.1205 57.2795 -4
49.6251 57.4837 -4
50.1026 57.7404 -4
50.5478 58.0459 -4
50.956 58.3963 -4
51.3229 58.787 -4
51.645 59.2133 -4
51.9189 59.6701 -4
52.1421 60.1519 -4
52.3125 60.6531 -4
52.4287 61.168 -4
52.4898 61.6909 -4
52.4957 62.2158 -4
52.438 62.7943 -4
52.3141 63.3604 -4
52.1262 63.9064 -4
51.8776 64.4255 -4
51.5722 64.9109 -4
51.2145 65.3566 -4
50.8099 65.7572 -4
50.3641 66.108 -4
49.8834 66.405 -4
49.3745 66.6449 -4
48.8443 66.8255 -4
48.2998 66.9452 -4
47.8863 66.9947 -4
47.5 67.0096 -4
"></Coordinate>
      <Normal vector="
0 1 0
0.110431 0.993884 -0
0.218821 0.975765 -0
0.324096 0.946024 -0
0.425029 0.90518 -0
0.520524 0.853847 -0
0.609558 0.792741 -0
0.691195 0.722669 -0
0.764589 0.644519 -0
0.828995 0.559255 -0
0.883778 0.467906 -0
0.928414 0.371548 -0
0.962494 0.271303 -0
0.985733 0.168315 -0
0.997966 0.0637485 -0
0.99915 -0.041233 0
0.987608 -0.156941 0
0.962819 -0.270148 0
0.925248 -0.379364 0
0.875525 -0.483173 0
0.814434 -0.580256 0
0.742902 -0.669401 0
0.661977 -0.749524 0
0.572822 -0.81968 0
0.47669 -0.879072 0
0.374908 -0.927062 0
0.268858 -0.96318 0
0.159957 -0.987124 0
0.0772668 -0.99701 0
-0 -1 0
0 -1 0
0.110431 -0.993884 0
0.218821 -0.975765 0
0.324096 -0.946024 0
0.425029 -0.90518 0
0.520524 -0.853847 0
0.609558 -0.792741 0
0.691195 -0.722669 0
0.764589 -0.644519 0
0.828995 -0.559255 0
0.883778 -0.467906 0
0.928414 -0.371548 0
0.962494 -0.271303 0
0.985733 -0.168315 0
0.997966 -0.0637485 0
0.99915 0.041233 -0
0.987608 0.156941 -0
0.962819 0.270148 -0
0.925248 0.379364 -0
0.875525 0.483173 -0
0.814434 0.580256 -0
0.742902 0.669401 -0
0.661977 0.749524 -0
0.572822 0.81968 -0
0.47669 0.879072 -0
0.374908 0.927062 -0
0.268858 0.96318 -0
0.159957 0.987124 -0
0.0772668 0.99701 -0
0 1 0
"></Normal>
     </IndexedTriangleSet>
    </Shape>
    <Shape DEF="face43">
     <Appearance><Material DEF="matface43" diffuseColor="1.000000 0.000000 0.000000" shininess="0.9" specularColor="0.2 0.2 0.2" transparency="0"></Material></Appearance>
     <IndexedTriangleSet DEF="setface43" index="
71 1 70 69 70 1 72 1 71 68 69 1 73 1 72 67 68 1 74 1 73 66 67 1 75 1 74 65 66 1 76 1 75 64 65 1 77 1 76 63 64 1 78 1 77 62 63 1 79 1 78 4 1 79 61 62 1 3 4 5 3 5 6 3 6 7 3 7 8 3 8 9 3 1 4 10 3 9 11 3 10 12 3 11 13 3 12 14 3 13 15 3 14 16 3 15 17 3 16 0 61 1 0 48 49 0 49 50 0 50 51 0 51 52 0 52 53 0 53 54 0 54 55 0 55 56 0 56 57 0 57 58 0 58 59 0 59 60 0 60 61 18 3 17 47 48 0 19 3 18 46 47 0 20 3 19 45 46 0 21 3 20 44 45 0 43 44 0 42 43 0 2 25 26 2 26 27 2 27 28 2 28 29 2 29 30 2 30 31 2 31 32 2 32 33 2 33 34 2 34 35 2 35 36 2 36 37 2 37 38 2 42 0 2 38 39 2 39 40 2 40 41 2 41 42 2 3 23 23 3 22 22 3 21 2 23 24 2 24 25 
">
      <Coordinate point="
37.5 54.5096 -3
57.5 54.5096 -3
37.5 69.5096 -3
57.5 69.5096 -3
52.5 62.0096 -3
52.4824 62.4283 -3
52.4319 62.832 -3
52.3464 63.2395 -3
52.2276 63.6373 -3
52.0768 64.0229 -3
51.895 64.3937 -3
51.6838 64.7475 -3
51.4447 65.0819 -3
51.1796 65.395 -3
50.8903 65.6846 -3
50.5789 65.9492 -3
50.2477 66.187 -3
49.8987 66.3967 -3
49.5346 66.5769 -3
49.1577 66.7268 -3
48.7705 66.8455 -3
48.3757 66.9323 -3
47.9758 66.9869 -3
47.5735 67.0091 -3
47.1267 66.9957 -3
46.6839 66.9426 -3
46.2484 66.8504 -3
45.8237 66.7202 -3
45.413 66.5532 -3
45.0195 66.3509 -3
44.6461 66.1152 -3
44.2958 65.848 -3
43.971 65.5517 -3
43.6741 65.2287 -3
43.4073 64.8818 -3
43.1723 64.5138 -3
42.9708 64.1277 -3
42.804 63.7265 -3
42.673 63.3135 -3
42.5785 62.892 -3
42.5208 62.4652 -3
42.505 62.2327 -3
42.5 62.0096 -3
42.5176 61.591 -3
42.5681 61.1872 -3
42.6536 60.7797 -3
42.7724 60.3819 -3
42.9232 59.9964 -3
43.105 59.6255 -3
43.3162 59.2718 -3
43.5553 58.9373 -3
43.8204 58.6243 -3
44.1097 58.3346 -3
44.4211 58.0701 -3
44.7523 57.8322 -3
45.1013 57.6226 -3
45.4654 57.4423 -3
45.8423 57.2924 -3
46.2295 57.1737 -3
46.6243 57.0869 -3
47.0242 57.0323 -3
47.4265 57.0102 -3
47.8733 57.0236 -3
48.3161 57.0767 -3
48.7516 57.1688 -3
49.1763 57.299 -3
49.587 57.466 -3
49.9805 57.6683 -3
50.3539 57.9041 -3
50.7042 58.1713 -3
51.029 58.4676 -3
51.3259 58.7905 -3
51.5927 59.1374 -3
51.8277 59.5054 -3
52.0292 59.8916 -3
52.196 60.2927 -3
52.327 60.7057 -3
52.4215 61.1272 -3
52.4792 61.554 -3
52.495 61.7866 -3
"></Coordinate>
      <Normal vector="
0 0 -1
0 0 -1
0 0 -1
0 0 -1
0 0 -1
0 0 -1
0 0 -1
0 0 -1
0 0 -1
0 0 -1
0 0 -1
0 0 -1
0 0 -1
0 0 -1
0 0 -1
0 0 -1
0 0 -1
0 0 -1
0 0 -1
0 0 -1
0 0 -1
0 0 -1
0 0 -1
0 0 -1
0 0 -1
0 0 -1
0 0 -1
0 0 -1
0 0 -1
0 0 -1
0 0 -1
0 0 -1
0 0 -1
0 0 -1
0 0 -1
0 0 -1
0 0 -1
0 0 -1
0 0 -1
0 0 -1
0 0 -1
0 0 -1
0 0 -1
0 0 -1
0 0 -1
0 0 -1
0 0 -1
0 0 -1
0 0 -1
0 0 -1
0 0 -1
0 0 -1
0 0 -1
0 0 -1
0 0 -1
0 0 -1
0 0 -1
0 0 -1
0 0 -1
0 0 -1
0 0 -1
0 0 -1
0 0 -1
0 0 -1
0 0 -1
0 0 -1
0 0 -1
0 0 -1
0 0 -1
0 0 -1
0 0 -1
0 0 -1
0 0 -1
0 0 -1
0 0 -1
0 0 -1
0 0 -1
0 0 -1
0 0 -1
0 0 -1
"></Normal>
     </IndexedTriangleSet>
    </Shape>
    <Shape DEF="face44">
     <Appearance><Material DEF="matface44" diffuseColor="1.000000 0.000000 0.000000" shininess="0.9" specularColor="0.2 0.2 0.2" transparency="0"></Material></Appearance>
     <IndexedTriangleSet DEF="setface44" index="
0 1 2 0 2 3 
">
      <Coordinate point="
37.5 54.5096 0
37.5 54.5096 -3
57.5 54.5096 -3
57.5 54.5096 0
"></Coordinate>
      <Normal vector="
0 -1 0
0 -1 0
0 -1 0
0 -1 0
"></Normal>
     </IndexedTriangleSet>
    </Shape>
    <Shape DEF="face45">
     <Appearance><Material DEF="matface45" diffuseColor="1.000000 0.000000 0.000000" shininess="0.9" specularColor="0.2 0.2 0.2" transparency="0"></Material></Appearance>
     <IndexedTriangleSet DEF="setface45" index="
2 0 1 2 3 0 
">
      <Coordinate point="
57.5 54.5096 0
57.5 54.5096 -3
57.5 69.5096 -3
57.5 69.5096 0
"></Coordinate>
      <Normal vector="
1 -0 0
1 -0 0
1 -0 0
1 -0 0
"></Normal>
     </IndexedTriangleSet>
    </Shape>
    <Shape DEF="face46">
     <Appearance><Material DEF="matface46" diffuseColor="1.000000 0.000000 0.000000" shininess="0.9" specularColor="0.2 0.2 0.2" transparency="0"></Material></Appearance>
     <IndexedTriangleSet DEF="setface46" index="
2 0 1 2 3 0 
">
      <Coordinate point="
57.5 69.5096 0
57.5 69.5096 -3
37.5 69.5096 -3
37.5 69.5096 0
"></Coordinate>
      <Normal vector="
0 1 0
0 1 0
0 1 0
0 1 0
"></Normal>
     </IndexedTriangleSet>
    </Shape>
    <Shape DEF="face47">
     <Appearance><Material DEF="matface47" diffuseColor="1.000000 0.000000 0.000000" shininess="0.9" specularColor="0.2 0.2 0.2" transparency="0"></Material></Appearance>
     <IndexedTriangleSet DEF="setface47" index="
13 0 14 15 14 0 12 0 13 16 15 0 11 0 12 17 16 0 10 0 11 18 17 0 9 0 10 19 18 0 8 0 9 20 19 0 7 0 8 21 20 0 6 0 7 22 21 0 5 0 6 23 22 0 4 0 5 1 76 75 1 77 76 1 78 77 1 79 78 1 4 79 1 0 4 74 1 75 73 1 74 72 1 73 71 1 72 70 1 71 69 1 70 68 1 69 67 1 68 66 1 67 2 23 0 2 24 23 2 25 24 2 26 25 2 27 26 2 28 27 2 29 28 2 30 29 2 31 30 2 32 31 2 33 32 2 34 33 2 35 34 2 36 35 37 36 2 65 1 66 38 37 2 64 1 65 39 38 2 63 1 64 40 39 2 41 40 2 42 41 2 3 42 2 3 43 42 3 44 43 3 45 44 3 46 45 3 47 46 3 48 47 3 49 48 3 50 49 3 51 50 3 52 51 3 53 52 3 54 53 3 55 54 3 56 55 3 57 56 3 58 57 3 59 58 3 1 61 61 1 62 62 1 63 3 61 60 3 60 59 
">
      <Coordinate point="
37.5 54.5096 0
37.5 69.5096 0
57.5 54.5096 0
57.5 69.5096 0
42.5 62.0096 0
42.5176 61.591 0
42.5681 61.1872 0
42.6536 60.7797 0
42.7724 60.3819 0
42.9232 59.9964 0
43.105 59.6255 0
43.3162 59.2718 0
43.5553 58.9373 0
43.8204 58.6243 0
44.1097 58.3346 0
44.4211 58.0701 0
44.7523 57.8322 0
45.1013 57.6226 0
45.4654 57.4423 0
45.8423 57.2924 0
46.2295 57.1737 0
46.6243 57.0869 0
47.0242 57.0323 0
47.4265 57.0102 0
47.8733 57.0236 0
48.3161 57.0767 0
48.7516 57.1688 0
49.1763 57.299 0
49.587 57.466 0
49.9805 57.6683 0
50.3539 57.9041 0
50.7042 58.1713 0
51.029 58.4676 0
51.3259 58.7905 0
51.5927 59.1374 0
51.8277 59.5054 0
52.0292 59.8916 0
52.196 60.2927 0
52.327 60.7057 0
52.4215 61.1272 0
52.4792 61.554 0
52.495 61.7866 0
52.5 62.0096 0
52.4824 62.4283 0
52.4319 62.832 0
52.3464 63.2395 0
52.2276 63.6373 0
52.0768 64.0229 0
51.895 64.3937 0
51.6838 64.7475 0
51.4447 65.0819 0
51.1796 65.395 0
50.8903 65.6846 0
50.5789 65.9492 0
50.2477 66.187 0
49.8987 66.3967 0
49.5346 66.5769 0
49.1577 66.7268 0
48.7705 66.8455 0
48.3757 66.9323 0
47.9758 66.9869 0
47.5735 67.0091 0
47.1267 66.9957 0
46.6839 66.9426 0
46.2484 66.8504 0
45.8237 66.7202 0
45.413 66.5532 0
45.0195 66.3509 0
44.6461 66.1152 0
44.2958 65.848 0
43.971 65.5517 0
43.6741 65.2287 0
43.4073 64.8818 0
43.1723 64.5138 0
42.9708 64.1277 0
42.804 63.7265 0
42.673 63.3135 0
42.5785 62.892 0
42.5208 62.4652 0
42.505 62.2327 0
"></Coordinate>
      <Normal vector="
0 -0 1
0 -0 1
0 -0 1
0 -0 1
0 -0 1
0 -0 1
0 -0 1
0 -0 1
0 -0 1
0 -0 1
0 -0 1
0 -0 1
0 -0 1
0 -0 1
0 -0 1
0 -0 1
0 -0 1
0 -0 1
0 -0 1
0 -0 1
0 -0 1
0 -0 1
0 -0 1
0 -0 1
0 -0 1
0 -0 1
0 -0 1
0 -0 1
0 -0 1
0 -0 1
0 -0 1
0 -0 1
0 -0 1
0 -0 1
0 -0 1
0 -0 1
0 -0 1
0 -0 1
0 -0 1
0 -0 1
0 -0 1
0 -0 1
0 -0 1
0 -0 1
0 -0 1
0 -0 1
0 -0 1
0 -0 1
0 -0 1
0 -0 1
0 -0 1
0 -0 1
0 -0 1
0 -0 1
0 -0 1
0 -0 1
0 -0 1
0 -0 1
0 -0 1
0 -0 1
0 -0 1
0 -0 1
0 -0 1
0 -0 1
0 -0 1
0 -0 1
0 -0 1
0 -0 1
0 -0 1
0 -0 1
0 -0 1
0 -0 1
0 -0 1
0 -0 1
0 -0 1
0 -0 1
0 -0 1
0 -0 1
0 -0 1
0 -0 1
"></Normal>
     </IndexedTriangleSet>
    </Shape>
    <Shape DEF="face48">
     <Appearance><Material DEF="matface48" diffuseColor="1.000000 0.000000 0.000000" shininess="0.9" specularColor="0.2 0.2 0.2" transparency="0"></Material></Appearance>
     <IndexedTriangleSet DEF="setface48" index="
1 2 3 1 3 0 
">
      <Coordinate point="
37.5 54.5096 0
37.5 69.5096 0
37.5 69.5096 -3
37.5 54.5096 -3
"></Coordinate>
      <Normal vector="
-1 -0 0
-1 -0 0
-1 -0 0
-1 -0 0
"></Normal>
     </IndexedTriangleSet>
    </Shape>
    <Shape DEF="face49">
     <Appearance><Material DEF="matface49" diffuseColor="1.000000 0.000000 0.000000" shininess="0.9" specularColor="0.2 0.2 0.2" transparency="0"></Material></Appearance>
     <IndexedTriangleSet DEF="setface49" index="
1 55 0 1 56 55 2 56 1 2 57 56 3 57 2 3 58 57 4 58 3 4 59 58 5 59 4 5 60 59 6 60 5 6 61 60 7 61 6 7 62 61 8 62 7 8 63 62 9 63 8 9 64 63 10 65 64 10 64 9 11 66 65 11 65 10 12 66 11 12 67 66 13 68 67 13 67 12 14 69 68 14 68 13 15 70 69 15 69 14 16 71 70 16 70 15 17 72 71 17 71 16 18 72 17 18 73 72 19 73 18 19 74 73 20 74 19 20 75 74 21 75 20 21 76 75 22 76 21 22 77 76 23 77 22 23 78 77 24 78 23 24 79 78 25 79 24 25 80 79 26 80 25 26 81 80 27 81 26 27 82 81 28 82 27 28 83 82 29 83 28 29 84 83 30 84 29 30 85 84 30 86 85 31 86 30 32 86 31 32 87 86 33 87 32 33 88 87 34 88 33 34 89 88 35 89 34 35 90 89 36 90 35 36 91 90 37 91 36 37 92 91 38 92 37 38 93 92 39 93 38 39 94 93 40 94 39 40 95 94 41 95 40 41 96 95 41 97 96 42 97 41 43 97 42 43 98 97 44 98 43 44 99 98 44 100 99 45 100 44 46 100 45 46 101 100 47 102 101 47 101 46 48 103 102 48 102 47 49 104 103 49 103 48 50 105 104 50 104 49 51 106 105 51 105 50 52 107 106 52 106 51 53 54 107 53 107 52 
">
      <Coordinate point="
52.5 62.0096 -6.67466e-16
52.4914 62.3023 -6.67466e-16
52.4637 62.611 -6.67466e-16
52.4202 62.8996 -6.67466e-16
52.36 63.1847 -6.67466e-16
52.2834 63.4654 -6.67466e-16
52.1907 63.7409 -6.67466e-16
52.0823 64.0101 -6.67466e-16
51.9587 64.2723 -6.67466e-16
51.8203 64.5266 -6.67466e-16
51.6675 64.7722 -6.67466e-16
51.501 65.0083 -6.67466e-16
51.3213 65.2341 -6.67466e-16
51.1291 65.449 -6.67466e-16
50.9251 65.6523 -6.67466e-16
50.7098 65.8433 -6.67466e-16
50.4842 66.0214 -6.67466e-16
50.249 66.1861 -6.67466e-16
50.0049 66.3369 -6.67466e-16
49.7527 66.4734 -6.67466e-16
49.4934 66.5951 -6.67466e-16
49.2278 66.7016 -6.67466e-16
48.9568 66.7927 -6.67466e-16
48.6812 66.8681 -6.67466e-16
48.402 66.9276 -6.67466e-16
48.1201 66.971 -6.67466e-16
47.8364 66.9983 -6.67466e-16
47.5519 67.0093 -6.67466e-16
47.2358 67.0026 -6.67466e-16
46.9212 66.976 -6.67466e-16
46.6091 66.9296 -6.67466e-16
46.3009 66.8637 -6.67466e-16
45.9977 66.7786 -6.67466e-16
45.7009 66.6747 -6.67466e-16
45.4114 66.5525 -6.67466e-16
45.1304 66.4125 -6.67466e-16
44.8591 66.2553 -6.67466e-16
44.5984 66.0816 -6.67466e-16
44.3494 65.8921 -6.67466e-16
44.113 65.6877 -6.67466e-16
43.89 65.4691 -6.67466e-16
43.6814 65.2373 -6.67466e-16
43.4878 64.9933 -6.67466e-16
43.31 64.738 -6.67466e-16
43.1486 64.4724 -6.67466e-16
43.0042 64.1977 -6.67466e-16
42.8773 63.9149 -6.67466e-16
42.7682 63.6252 -6.67466e-16
42.6774 63.3298 -6.67466e-16
42.6052 63.0297 -6.67466e-16
42.5516 62.7263 -6.67466e-16
42.5169 62.4206 -6.67466e-16
42.5041 62.2112 -6.67466e-16
42.5 62.0096 0
42.5 62.0096 -3
52.5 62.0096 -3
52.4914 62.3023 -3
52.4637 62.611 -3
52.4202 62.8996 -3
52.36 63.1847 -3
52.2834 63.4654 -3
52.1907 63.7409 -3
52.0823 64.0101 -3
51.9587 64.2723 -3
51.8203 64.5266 -3
51.6675 64.7722 -3
51.501 65.0083 -3
51.3213 65.2341 -3
51.1291 65.449 -3
50.9251 65.6523 -3
50.7098 65.8433 -3
50.4842 66.0214 -3
50.249 66.1861 -3
50.0049 66.3369 -3
49.7527 66.4734 -3
49.4934 66.5951 -3
49.2278 66.7016 -3
48.9568 66.7927 -3
48.6812 66.8681 -3
48.402 66.9276 -3
48.1201 66.971 -3
47.8364 66.9983 -3
47.5519 67.0093 -3
47.2358 67.0026 -3
46.9212 66.976 -3
46.6091 66.9296 -3
46.3009 66.8637 -3
45.9977 66.7786 -3
45.7009 66.6747 -3
45.4114 66.5525 -3
45.1304 66.4125 -3
44.8591 66.2553 -3
44.5984 66.0816 -3
44.3494 65.8921 -3
44.113 65.6877 -3
43.89 65.4691 -3
43.6814 65.2373 -3
43.4878 64.9933 -3
43.31 64.738 -3
43.1486 64.4724 -3
43.0042 64.1977 -3
42.8773 63.9149 -3
42.7682 63.6252 -3
42.6774 63.3298 -3
42.6052 63.0297 -3
42.5516 62.7263 -3
42.5169 62.4206 -3
42.5041 62.2112 -3
"></Coordinate>
      <Normal vector="
-1 2.84217e-15 0
-0.998285 -0.0585382 0
-0.992741 -0.120275 0
-0.984032 -0.177991 0
-0.971992 -0.235016 0
-0.956673 -0.291164 0
-0.938141 -0.346253 0
-0.91647 -0.400104 0
-0.891742 -0.452544 0
-0.864052 -0.503403 0
-0.8335 -0.55252 0
-0.800197 -0.599737 0
-0.764262 -0.644905 0
-0.725822 -0.687882 0
-0.685011 -0.728533 0
-0.64197 -0.76673 0
-0.596846 -0.802356 0
-0.549794 -0.8353 0
-0.500973 -0.865463 0
-0.450548 -0.892752 0
-0.398688 -0.917087 0
-0.345565 -0.938395 0
-0.291358 -0.956614 0
-0.236243 -0.971694 0
-0.180404 -0.983593 0
-0.124024 -0.992279 0
-0.067287 -0.997734 0
-0.0103775 -0.999946 0
0.0528326 -0.998603 0
0.115769 -0.993276 0
0.178181 -0.983998 0
0.239823 -0.970817 0
0.300451 -0.953797 0
0.359829 -0.933018 0
0.417724 -0.908574 0
0.473913 -0.880572 0
0.528179 -0.849133 0
0.580313 -0.814394 0
0.630118 -0.7765 0
0.677404 -0.735611 0
0.721996 -0.691897 0
0.763726 -0.64554 0
0.802442 -0.59673 0
0.838003 -0.545666 0
0.870281 -0.492556 0
0.899163 -0.437614 0
0.924549 -0.381062 0
0.946356 -0.323125 0
0.964513 -0.264035 0
0.978966 -0.204025 0
0.989675 -0.143331 0
0.996616 -0.0821929 0
0.999187 -0.0403195 0
1 -1.42109e-15 0
1 -1.42109e-15 0
-1 2.84217e-15 0
-0.998285 -0.0585382 0
-0.992741 -0.120275 0
-0.984032 -0.177991 0
-0.971992 -0.235016 0
-0.956673 -0.291164 0
-0.938141 -0.346253 0
-0.91647 -0.400104 0
-0.891742 -0.452544 0
-0.864052 -0.503403 0
-0.8335 -0.55252 0
-0.800197 -0.599737 0
-0.764262 -0.644905 0
-0.725822 -0.687882 0
-0.685011 -0.728533 0
-0.64197 -0.76673 0
-0.596846 -0.802356 0
-0.549794 -0.8353 0
-0.500973 -0.865463 0
-0.450548 -0.892752 0
-0.398688 -0.917087 0
-0.345565 -0.938395 0
-0.291358 -0.956614 0
-0.236243 -0.971694 0
-0.180404 -0.983593 0
-0.124024 -0.992279 0
-0.067287 -0.997734 0
-0.0103775 -0.999946 0
0.0528326 -0.998603 0
0.115769 -0.993276 0
0.178181 -0.983998 0
0.239823 -0.970817 0
0.300451 -0.953797 0
0.359829 -0.933018 0
0.417724 -0.908574 0
0.473913 -0.880572 0
0.528179 -0.849133 0
0.580313 -0.814394 0
0.630118 -0.7765 0
0.677404 -0.735611 0
0.721996 -0.691897 0
0.763726 -0.64554 0
0.802442 -0.59673 0
0.838003 -0.545666 0
0.870281 -0.492556 0
0.899163 -0.437614 0
0.924549 -0.381062 0
0.946356 -0.323125 0
0.964513 -0.264035 0
0.978966 -0.204025 0
0.989675 -0.143331 0
0.996616 -0.0821929 0
0.999187 -0.0403195 0
"></Normal>
     </IndexedTriangleSet>
    </Shape>
    <Shape DEF="face50">
     <Appearance><Material DEF="matface50" diffuseColor="1.000000 0.000000 0.000000" shininess="0.9" specularColor="0.2 0.2 0.2" transparency="0"></Material></Appearance>
     <IndexedTriangleSet DEF="setface50" index="
1 55 0 1 56 55 2 56 1 2 57 56 3 57 2 3 58 57 4 58 3 4 59 58 5 59 4 5 60 59 6 60 5 6 61 60 7 61 6 7 62 61 8 62 7 8 63 62 9 63 8 9 64 63 10 65 64 10 64 9 11 66 65 11 65 10 12 66 11 12 67 66 13 68 67 13 67 12 14 69 68 14 68 13 15 70 69 15 69 14 16 71 70 16 70 15 17 72 71 17 71 16 18 72 17 18 73 72 19 73 18 19 74 73 20 74 19 20 75 74 21 75 20 21 76 75 22 76 21 22 77 76 23 77 22 23 78 77 24 78 23 24 79 78 25 79 24 25 80 79 26 80 25 26 81 80 27 81 26 27 82 81 28 82 27 28 83 82 29 83 28 29 84 83 30 84 29 30 85 84 30 86 85 31 86 30 32 86 31 32 87 86 33 87 32 33 88 87 33 89 88 34 89 33 35 89 34 35 90 89 36 90 35 36 91 90 37 91 36 37 92 91 38 92 37 38 93 92 39 93 38 39 94 93 39 95 94 40 95 39 40 96 95 41 96 40 42 96 41 42 97 96 43 97 42 43 98 97 44 98 43 44 99 98 45 99 44 45 100 99 45 101 100 46 101 45 47 102 101 47 101 46 48 103 102 48 102 47 49 104 103 49 103 48 50 105 104 50 104 49 51 106 105 51 105 50 52 107 106 52 106 51 53 54 107 53 107 52 
">
      <Coordinate point="
42.5 62.0096 -6.67466e-16
42.5086 61.7169 -6.67466e-16
42.5363 61.4082 -6.67466e-16
42.5798 61.1197 -6.67466e-16
42.64 60.8345 -6.67466e-16
42.7166 60.5538 -6.67466e-16
42.8093 60.2784 -6.67466e-16
42.9177 60.0091 -6.67466e-16
43.0413 59.7469 -6.67466e-16
43.1797 59.4926 -6.67466e-16
43.3325 59.247 -6.67466e-16
43.499 59.0109 -6.67466e-16
43.6787 58.7851 -6.67466e-16
43.8709 58.5702 -6.67466e-16
44.0749 58.367 -6.67466e-16
44.2902 58.176 -6.67466e-16
44.5158 57.9978 -6.67466e-16
44.751 57.8331 -6.67466e-16
44.9951 57.6823 -6.67466e-16
45.2473 57.5459 -6.67466e-16
45.5066 57.4242 -6.67466e-16
45.7722 57.3176 -6.67466e-16
46.0432 57.2265 -6.67466e-16
46.3188 57.1511 -6.67466e-16
46.598 57.0917 -6.67466e-16
46.8799 57.0482 -6.67466e-16
47.1636 57.021 -6.67466e-16
47.4481 57.0099 -6.67466e-16
47.7642 57.0166 -6.67466e-16
48.0788 57.0432 -6.67466e-16
48.3909 57.0896 -6.67466e-16
48.6991 57.1555 -6.67466e-16
49.0023 57.2406 -6.67466e-16
49.2991 57.3445 -6.67466e-16
49.5886 57.4667 -6.67466e-16
49.8696 57.6068 -6.67466e-16
50.1409 57.764 -6.67466e-16
50.4016 57.9377 -6.67466e-16
50.6506 58.1271 -6.67466e-16
50.887 58.3316 -6.67466e-16
51.11 58.5501 -6.67466e-16
51.3186 58.7819 -6.67466e-16
51.5122 59.026 -6.67466e-16
51.69 59.2813 -6.67466e-16
51.8514 59.5468 -6.67466e-16
51.9958 59.8215 -6.67466e-16
52.1227 60.1043 -6.67466e-16
52.2318 60.394 -6.67466e-16
52.3226 60.6894 -6.67466e-16
52.3948 60.9895 -6.67466e-16
52.4484 61.293 -6.67466e-16
52.4831 61.5987 -6.67466e-16
52.4959 61.808 -6.67466e-16
52.5 62.0096 0
52.5 62.0096 -3
42.5 62.0096 -3
42.5086 61.7169 -3
42.5363 61.4082 -3
42.5798 61.1197 -3
42.64 60.8345 -3
42.7166 60.5538 -3
42.8093 60.2784 -3
42.9177 60.0091 -3
43.0413 59.7469 -3
43.1797 59.4926 -3
43.3325 59.247 -3
43.499 59.0109 -3
43.6787 58.7851 -3
43.8709 58.5702 -3
44.0749 58.367 -3
44.2902 58.176 -3
44.5158 57.9978 -3
44.751 57.8331 -3
44.9951 57.6823 -3
45.2473 57.5459 -3
45.5066 57.4242 -3
45.7722 57.3176 -3
46.0432 57.2265 -3
46.3188 57.1511 -3
46.598 57.0917 -3
46.8799 57.0482 -3
47.1636 57.021 -3
47.4481 57.0099 -3
47.7642 57.0166 -3
48.0788 57.0432 -3
48.3909 57.0896 -3
48.6991 57.1555 -3
49.0023 57.2406 -3
49.2991 57.3445 -3
49.5886 57.4667 -3
49.8696 57.6068 -3
50.1409 57.764 -3
50.4016 57.9377 -3
50.6506 58.1271 -3
50.887 58.3316 -3
51.11 58.5501 -3
51.3186 58.7819 -3
51.5122 59.026 -3
51.69 59.2813 -3
51.8514 59.5468 -3
51.9958 59.8215 -3
52.1227 60.1043 -3
52.2318 60.394 -3
52.3226 60.6894 -3
52.3948 60.9895 -3
52.4484 61.293 -3
52.4831 61.5987 -3
52.4959 61.808 -3
"></Coordinate>
      <Normal vector="
1 1.42109e-15 -0
0.998285 0.0585382 -0
0.992741 0.120275 -0
0.984032 0.177991 -0
0.971992 0.235016 -0
0.956673 0.291164 -0
0.938141 0.346253 -0
0.91647 0.400104 -0
0.891742 0.452544 -0
0.864052 0.503403 -0
0.8335 0.55252 -0
0.800197 0.599737 -0
0.764262 0.644905 -0
0.725822 0.687882 -0
0.685011 0.728533 -0
0.64197 0.76673 -0
0.596846 0.802356 -0
0.549794 0.8353 -0
0.500973 0.865463 -0
0.450548 0.892752 -0
0.398688 0.917087 -0
0.345565 0.938395 -0
0.291358 0.956614 -0
0.236243 0.971694 -0
0.180404 0.983593 -0
0.124024 0.992279 -0
0.067287 0.997734 -0
0.0103775 0.999946 -0
-0.0528326 0.998603 0
-0.115769 0.993276 0
-0.178181 0.983998 0
-0.239823 0.970817 0
-0.300451 0.953797 0
-0.359829 0.933018 0
-0.417724 0.908574 0
-0.473913 0.880572 0
-0.528179 0.849133 0
-0.580313 0.814394 0
-0.630118 0.7765 0
-0.677404 0.735611 0
-0.721996 0.691897 0
-0.763726 0.64554 0
-0.802442 0.59673 0
-0.838003 0.545666 0
-0.870281 0.492556 0
-0.899163 0.437614 0
-0.924549 0.381062 0
-0.946356 0.323125 0
-0.964513 0.264035 0
-0.978966 0.204025 0
-0.989675 0.143331 0
-0.996616 0.0821929 0
-0.999187 0.0403195 0
-1 -2.84217e-15 0
-1 -2.84217e-15 0
1 1.42109e-15 -0
0.998285 0.0585382 -0
0.992741 0.120275 -0
0.984032 0.177991 -0
0.971992 0.235016 -0
0.956673 0.291164 -0
0.938141 0.346253 -0
0.91647 0.400104 -0
0.891742 0.452544 -0
0.864052 0.503403 -0
0.8335 0.55252 -0
0.800197 0.599737 -0
0.764262 0.644905 -0
0.725822 0.687882 -0
0.685011 0.728533 -0
0.64197 0.76673 -0
0.596846 0.802356 -0
0.549794 0.8353 -0
0.500973 0.865463 -0
0.450548 0.892752 -0
0.398688 0.917087 -0
0.345565 0.938395 -0
0.291358 0.956614 -0
0.236243 0.971694 -0
0.180404 0.983593 -0
0.124024 0.992279 -0
0.067287 0.997734 -0
0.0103775 0.999946 -0
-0.0528326 0.998603 0
-0.115769 0.993276 0
-0.178181 0.983998 0
-0.239823 0.970817 0
-0.300451 0.953797 0
-0.359829 0.933018 0
-0.417724 0.908574 0
-0.473913 0.880572 0
-0.528179 0.849133 0
-0.580313 0.814394 0
-0.630118 0.7765 0
-0.677404 0.735611 0
-0.721996 0.691897 0
-0.763726 0.64554 0
-0.802442 0.59673 0
-0.838003 0.545666 0
-0.870281 0.492556 0
-0.899163 0.437614 0
-0.924549 0.381062 0
-0.946356 0.323125 0
-0.964513 0.264035 0
-0.978966 0.204025 0
-0.989675 0.143331 0
-0.996616 0.0821929 0
-0.999187 0.0403195 0
"></Normal>
     </IndexedTriangleSet>
    </Shape>
    <Shape DEF="face51">
     <Appearance><Material DEF="matface51" diffuseColor="0.000000 0.000000 1.000000" shininess="0.9" specularColor="0.2 0.2 0.2" transparency="0"></Material></Appearance>
     <IndexedTriangleSet DEF="setface51" index="
102 35 34 101 36 35 101 35 102 103 34 33 103 102 34 100 36 101 100 37 36 104 103 33 104 33 32 99 37 100 99 38 37 105 104 32 105 31 30 105 32 31 98 38 99 98 39 38 98 40 39 106 30 29 106 105 30 97 41 40 97 40 98 107 29 28 107 106 29 96 41 97 96 42 41 108 28 27 108 107 28 95 42 96 95 43 42 109 27 26 109 108 27 94 43 95 94 44 43 110 26 25 110 109 26 93 45 44 93 44 94 111 25 24 111 110 25 92 45 93 92 46 45 112 23 22 112 24 23 112 111 24 167 47 46 167 46 92 113 112 22 113 22 21 166 47 167 166 48 47 166 49 48 114 21 20 114 113 21 165 50 49 165 49 166 164 51 50 164 50 165 115 19 18 115 20 19 115 114 20 163 52 51 163 51 164 116 18 17 116 115 18 162 53 52 162 54 53 162 52 163 117 17 16 117 116 17 161 54 162 161 55 54 118 15 14 118 16 15 118 117 16 160 55 161 160 56 55 119 118 14 13 119 14 159 56 160 159 57 56 120 119 13 12 120 13 58 57 159 158 58 159 121 120 12 11 121 12 59 58 158 157 59 158 10 122 121 10 121 11 60 59 157 60 157 156 9 123 122 9 122 10 61 60 156 8 124 123 8 123 9 62 156 155 62 61 156 7 124 8 63 155 154 63 62 155 6 125 124 6 124 7 64 154 153 64 63 154 5 126 125 5 125 6 65 64 153 4 127 126 4 126 5 66 65 153 66 153 152 3 128 127 3 127 4 67 66 152 67 152 151 2 128 3 68 67 151 68 151 150 1 128 2 1 129 128 69 68 150 0 130 129 0 129 1 70 69 150 70 150 149 91 130 0 91 131 130 71 149 148 71 70 149 90 131 91 90 132 131 72 148 147 72 71 148 89 133 132 89 132 90 73 147 146 73 72 147 88 134 133 88 133 89 74 146 145 74 73 146 87 135 134 87 134 88 75 74 145 75 145 144 86 136 135 86 135 87 76 144 143 76 75 144 85 136 86 77 76 143 84 137 136 84 136 85 78 143 142 78 77 143 83 138 137 83 137 84 79 142 141 79 78 142 82 139 138 82 138 83 80 141 140 80 79 141 81 140 139 81 139 82 81 80 140 
">
      <Coordinate point="
47.5 80.4904 30
48.0025 80.5072 30
48.5361 80.5623 30
49.0293 80.648 30
49.5148 80.7661 30
49.9905 80.916 30
50.4544 81.0968 30
50.9046 81.3077 30
51.3392 81.5475 30
51.7563 81.8151 30
52.1543 82.1093 30
52.5316 82.4286 30
52.8865 82.7716 30
53.2177 83.1368 30
53.5239 83.5224 30
53.8037 83.9267 30
54.0562 84.3481 30
54.2803 84.7845 30
54.4752 85.2341 30
54.6401 85.695 30
54.7745 86.1652 30
54.8779 86.6426 30
54.9499 87.1251 30
54.9904 87.6109 30
54.9992 88.0977 30
54.972 88.6373 30
54.9062 89.1729 30
54.8021 89.7018 30
54.6606 90.221 30
54.4824 90.7282 30
54.2687 91.2206 30
54.0207 91.6959 30
53.7397 92.1517 30
53.4274 92.5856 30
53.0854 92.9957 30
52.7158 93.3798 30
52.3203 93.7362 30
51.9012 94.0632 30
51.4607 94.3592 30
51.0012 94.623 30
50.5249 94.8533 30
50.0345 95.0491 30
49.5325 95.2097 30
49.0213 95.3345 30
48.5037 95.4229 30
47.9872 95.4745 30
47.5 95.4904 30
46.9975 95.4735 30
46.4639 95.4185 30
45.9707 95.3328 30
45.4852 95.2147 30
45.0095 95.0648 30
44.5456 94.8839 30
44.0954 94.6731 30
43.6608 94.4333 30
43.2437 94.1656 30
42.8457 93.8715 30
42.4684 93.5521 30
42.1135 93.2091 30
41.7823 92.844 30
41.4761 92.4584 30
41.1963 92.054 30
40.9438 91.6327 30
40.7197 91.1963 30
40.5248 90.7466 30
40.3599 90.2857 30
40.2255 89.8156 30
40.1221 89.3382 30
40.0501 88.8556 30
40.0096 88.3699 30
40.0008 87.8831 30
40.028 87.3434 30
40.0938 86.8078 30
40.1979 86.279 30
40.3394 85.7597 30
40.5176 85.2526 30
40.7313 84.7601 30
40.9793 84.2848 30
41.2603 83.8291 30
41.5726 83.3951 30
41.9146 82.9851 30
42.2842 82.601 30
42.6797 82.2446 30
43.0988 81.9176 30
43.5393 81.6215 30
43.9988 81.3578 30
44.4751 81.1275 30
44.9655 80.9316 30
45.4675 80.771 30
45.9787 80.6463 30
46.4963 80.5578 30
47.0128 80.5062 30
47.5 92.9904 30
47.9132 92.9733 30
48.3114 92.9241 30
48.7138 92.8408 30
49.1069 92.7251 30
49.4883 92.578 30
49.8555 92.4008 30
50.2062 92.1947 30
50.5383 91.9613 30
50.8498 91.7024 30
51.1387 91.4196 30
51.4034 91.1151 30
51.6422 90.7908 30
51.8538 90.449 30
52.0369 90.0919 30
52.1906 89.7219 30
52.314 89.3415 30
52.4064 88.9531 30
52.4675 88.5591 30
52.497 88.1622 30
52.4949 87.7648 30
52.4556 87.3259 30
52.3781 86.8929 30
52.263 86.4692 30
52.1115 86.0581 30
51.9251 85.6626 30
51.7052 85.2856 30
51.4539 84.9299 30
51.1732 84.5981 30
50.8654 84.2925 30
50.5331 84.0154 30
50.1789 83.7686 30
49.8056 83.5537 30
49.4162 83.3721 30
49.0137 83.225 30
48.6012 83.1131 30
48.1819 83.0371 30
47.8308 83.0013 30
47.5 82.9904 30
47.0868 83.0075 30
46.6886 83.0567 30
46.2862 83.14 30
45.8931 83.2556 30
45.5117 83.4027 30
45.1445 83.58 30
44.7938 83.7861 30
44.4617 84.0194 30
44.1502 84.2784 30
43.8613 84.5611 30
43.5966 84.8657 30
43.3578 85.19 30
43.1462 85.5318 30
42.9631 85.8888 30
42.8094 86.2588 30
42.686 86.6393 30
42.5936 87.0277 30
42.5325 87.4216 30
42.503 87.8186 30
42.5051 88.2159 30
42.5444 88.6549 30
42.6219 89.0879 30
42.737 89.5115 30
42.8885 89.9227 30
43.0749 90.3182 30
43.2948 90.6952 30
43.5461 91.0509 30
43.8268 91.3827 30
44.1346 91.6882 30
44.4669 91.9654 30
44.8211 92.2122 30
45.1944 92.4271 30
45.5838 92.6086 30
45.9863 92.7558 30
46.3988 92.8676 30
46.8181 92.9437 30
47.1692 92.9794 30
"></Coordinate>
      <Normal vector="
-0 -0 -1
-0 -0 -1
-0 -0 -1
-0 -0 -1
-0 -0 -1
-0 -0 -1
-0 -0 -1
-0 -0 -1
-0 -0 -1
-0 -0 -1
-0 -0 -1
-0 -0 -1
-0 -0 -1
-0 -0 -1
-0 -0 -1
-0 -0 -1
-0 -0 -1
-0 -0 -1
-0 -0 -1
-0 -0 -1
-0 -0 -1
-0 -0 -1
-0 -0 -1
-0 -0 -1
-0 -0 -1
-0 -0 -1
-0 -0 -1
-0 -0 -1
-0 -0 -1
-0 -0 -1
-0 -0 -1
-0 -0 -1
-0 -0 -1
-0 -0 -1
-0 -0 -1
-0 -0 -1
-0 -0 -1
-0 -0 -1
-0 -0 -1
-0 -0 -1
-0 -0 -1
-0 -0 -1
-0 -0 -1
-0 -0 -1
-0 -0 -1
-0 -0 -1
-0 -0 -1
-0 -0 -1
-0 -0 -1
-0 -0 -1
-0 -0 -1
-0 -0 -1
-0 -0 -1
-0 -0 -1
-0 -0 -1
-0 -0 -1
-0 -0 -1
-0 -0 -1
-0 -0 -1
-0 -0 -1
-0 -0 -1
-0 -0 -1
-0 -0 -1
-0 -0 -1
-0 -0 -1
-0 -0 -1
-0 -0 -1
-0 -0 -1
-0 -0 -1
-0 -0 -1
-0 -0 -1
-0 -0 -1
-0 -0 -1
-0 -0 -1
-0 -0 -1
-0 -0 -1
-0 -0 -1
-0 -0 -1
-0 -0 -1
-0 -0 -1
-0 -0 -1
-0 -0 -1
-0 -0 -1
-0 -0 -1
-0 -0 -1
-0 -0 -1
-0 -0 -1
-0 -0 -1
-0 -0 -1
-0 -0 -1
-0 -0 -1
-0 -0 -1
-0 -0 -1
-0 -0 -1
-0 -0 -1
-0 -0 -1
-0 -0 -1
-0 -0 -1
-0 -0 -1
-0 -0 -1
-0 -0 -1
-0 -0 -1
-0 -0 -1
-0 -0 -1
-0 -0 -1
-0 -0 -1
-0 -0 -1
-0 -0 -1
-0 -0 -1
-0 -0 -1
-0 -0 -1
-0 -0 -1
-0 -0 -1
-0 -0 -1
-0 -0 -1
-0 -0 -1
-0 -0 -1
-0 -0 -1
-0 -0 -1
-0 -0 -1
-0 -0 -1
-0 -0 -1
-0 -0 -1
-0 -0 -1
-0 -0 -1
-0 -0 -1
-0 -0 -1
-0 -0 -1
-0 -0 -1
-0 -0 -1
-0 -0 -1
-0 -0 -1
-0 -0 -1
-0 -0 -1
-0 -0 -1
-0 -0 -1
-0 -0 -1
-0 -0 -1
-0 -0 -1
-0 -0 -1
-0 -0 -1
-0 -0 -1
-0 -0 -1
-0 -0 -1
-0 -0 -1
-0 -0 -1
-0 -0 -1
-0 -0 -1
-0 -0 -1
-0 -0 -1
-0 -0 -1
-0 -0 -1
-0 -0 -1
-0 -0 -1
-0 -0 -1
-0 -0 -1
-0 -0 -1
-0 -0 -1
-0 -0 -1
-0 -0 -1
-0 -0 -1
-0 -0 -1
-0 -0 -1
-0 -0 -1
-0 -0 -1
-0 -0 -1
-0 -0 -1
-0 -0 -1
"></Normal>
     </IndexedTriangleSet>
    </Shape>
    <Shape DEF="face52">
     <Appearance><Material DEF="matface52" diffuseColor="0.000000 0.000000 1.000000" shininess="0.9" specularColor="0.2 0.2 0.2" transparency="0"></Material></Appearance>
     <IndexedTriangleSet DEF="setface52" index="
41 40 39 47 45 44 47 46 45 49 47 44 49 48 47 50 44 43 50 49 44 51 50 43 51 42 41 51 43 42 52 41 39 52 51 41 53 52 39 54 39 38 54 53 39 55 38 37 55 54 38 56 37 36 56 55 37 57 36 35 57 56 36 58 57 35 59 58 35 59 34 33 59 35 34 60 59 33 61 33 32 61 60 33 62 61 32 62 31 30 62 32 31 63 62 30 64 63 30 64 30 29 65 64 29 65 29 28 66 65 28 66 28 27 67 66 27 2 4 3 68 67 27 68 26 25 68 27 26 69 68 25 0 2 1 0 4 2 70 24 23 70 25 24 70 69 25 91 5 4 91 4 0 71 70 23 71 23 22 72 22 21 72 71 22 89 5 91 89 91 90 73 72 21 88 5 89 74 21 20 74 73 21 75 19 18 75 20 19 75 74 20 86 6 5 86 5 88 86 88 87 76 75 18 76 18 17 85 7 6 85 6 86 77 17 16 77 76 17 84 8 7 84 9 8 84 7 85 78 16 15 78 77 16 83 10 9 83 9 84 79 14 13 79 15 14 79 78 15 82 10 83 80 13 12 80 79 13 81 11 10 81 12 11 81 10 82 81 80 12 
">
      <Coordinate point="
47.5 95.4904 33
48.0025 95.4735 33
48.5361 95.4185 33
49.0293 95.3328 33
49.5148 95.2147 33
49.9905 95.0648 33
50.4544 94.8839 33
50.9046 94.6731 33
51.3392 94.4333 33
51.7563 94.1656 33
52.1543 93.8715 33
52.5316 93.5521 33
52.8865 93.2091 33
53.2177 92.844 33
53.5239 92.4584 33
53.8037 92.054 33
54.0562 91.6327 33
54.2803 91.1963 33
54.4752 90.7466 33
54.6401 90.2857 33
54.7745 89.8156 33
54.8779 89.3382 33
54.9499 88.8556 33
54.9904 88.3699 33
54.9992 87.8831 33
54.972 87.3434 33
54.9062 86.8078 33
54.8021 86.279 33
54.6606 85.7597 33
54.4824 85.2526 33
54.2687 84.7601 33
54.0207 84.2848 33
53.7397 83.8291 33
53.4274 83.3951 33
53.0854 82.9851 33
52.7158 82.601 33
52.3203 82.2446 33
51.9012 81.9176 33
51.4607 81.6215 33
51.0012 81.3578 33
50.5249 81.1275 33
50.0345 80.9316 33
49.5325 80.771 33
49.0213 80.6463 33
48.5037 80.5578 33
47.9872 80.5062 33
47.5 80.4904 33
46.9975 80.5072 33
46.4639 80.5623 33
45.9707 80.648 33
45.4852 80.7661 33
45.0095 80.916 33
44.5456 81.0968 33
44.0954 81.3077 33
43.6608 81.5475 33
43.2437 81.8151 33
42.8457 82.1093 33
42.4684 82.4286 33
42.1135 82.7716 33
41.7823 83.1368 33
41.4761 83.5224 33
41.1963 83.9267 33
40.9438 84.3481 33
40.7197 84.7845 33
40.5248 85.2341 33
40.3599 85.695 33
40.2255 86.1652 33
40.1221 86.6426 33
40.0501 87.1251 33
40.0096 87.6109 33
40.0008 88.0977 33
40.028 88.6373 33
40.0938 89.1729 33
40.1979 89.7018 33
40.3394 90.221 33
40.5176 90.7282 33
40.7313 91.2206 33
40.9793 91.6959 33
41.2603 92.1517 33
41.5726 92.5856 33
41.9146 92.9957 33
42.2842 93.3798 33
42.6797 93.7362 33
43.0988 94.0632 33
43.5393 94.3592 33
43.9988 94.623 33
44.4751 94.8533 33
44.9655 95.0491 33
45.4675 95.2097 33
45.9787 95.3345 33
46.4963 95.4229 33
47.0128 95.4745 33
"></Coordinate>
      <Normal vector="
0 -0 1
0 -0 1
0 -0 1
0 -0 1
0 -0 1
0 -0 1
0 -0 1
0 -0 1
0 -0 1
0 -0 1
0 -0 1
0 -0 1
0 -0 1
0 -0 1
0 -0 1
0 -0 1
0 -0 1
0 -0 1
0 -0 1
0 -0 1
0 -0 1
0 -0 1
0 -0 1
0 -0 1
0 -0 1
0 -0 1
0 -0 1
0 -0 1
0 -0 1
0 -0 1
0 -0 1
0 -0 1
0 -0 1
0 -0 1
0 -0 1
0 -0 1
0 -0 1
0 -0 1
0 -0 1
0 -0 1
0 -0 1
0 -0 1
0 -0 1
0 -0 1
0 -0 1
0 -0 1
0 -0 1
0 -0 1
0 -0 1
0 -0 1
0 -0 1
0 -0 1
0 -0 1
0 -0 1
0 -0 1
0 -0 1
0 -0 1
0 -0 1
0 -0 1
0 -0 1
0 -0 1
0 -0 1
0 -0 1
0 -0 1
0 -0 1
0 -0 1
0 -0 1
0 -0 1
0 -0 1
0 -0 1
0 -0 1
0 -0 1
0 -0 1
0 -0 1
0 -0 1
0 -0 1
0 -0 1
0 -0 1
0 -0 1
0 -0 1
0 -0 1
0 -0 1
0 -0 1
0 -0 1
0 -0 1
0 -0 1
0 -0 1
0 -0 1
0 -0 1
0 -0 1
0 -0 1
0 -0 1
"></Normal>
     </IndexedTriangleSet>
    </Shape>
    <Shape DEF="face53">
     <Appearance><Material DEF="matface53" diffuseColor="0.000000 0.000000 1.000000" shininess="0.9" specularColor="0.2 0.2 0.2" transparency="0"></Material></Appearance>
     <IndexedTriangleSet DEF="setface53" index="
54 52 53 55 52 54 55 51 52 56 51 55 56 50 51 57 50 56 57 49 50 58 49 57 58 48 49 59 48 58 59 47 48 60 47 59 60 46 47 61 45 46 61 46 60 62 44 45 62 45 61 63 43 44 63 44 62 64 42 43 64 43 63 65 41 42 65 42 64 66 41 65 67 40 41 67 41 66 68 39 40 68 40 67 69 38 39 69 39 68 70 37 38 70 38 69 71 36 37 71 37 70 72 35 36 72 36 71 73 34 35 73 35 72 74 34 73 74 33 34 75 33 74 75 32 33 76 32 75 76 31 32 77 31 76 77 30 31 78 30 77 79 29 30 79 30 78 80 29 79 80 28 29 81 27 28 81 28 80 82 26 27 82 27 81 83 25 26 83 26 82 84 23 24 84 24 25 84 25 83 85 22 23 85 23 84 86 21 22 86 22 85 87 20 21 87 21 86 88 19 20 88 20 87 89 18 19 89 19 88 90 17 18 90 18 89 91 16 17 91 17 90 92 15 16 92 16 91 93 14 15 93 15 92 94 13 14 94 14 93 95 11 12 95 12 13 95 13 94 96 10 11 96 11 95 97 9 10 97 10 96 98 8 9 98 9 97 99 7 8 99 8 98 100 6 7 100 7 99 101 6 100 101 5 6 102 4 5 102 5 101 103 3 4 103 4 102 104 2 3 104 3 103 105 1 2 105 2 104 106 0 1 106 1 105 107 0 106 
">
      <Coordinate point="
47.5 95.4904 30
47.061 95.4775 30
46.5979 95.4359 30
46.1651 95.3706 30
45.7374 95.2803 30
45.3163 95.1654 30
44.9031 95.0264 30
44.4992 94.8639 30
44.1059 94.6784 30
43.7245 94.4708 30
43.3561 94.2416 30
43.002 93.9919 30
42.6632 93.7223 30
42.3409 93.434 30
42.036 93.128 30
41.7495 92.8052 30
41.4823 92.4667 30
41.2352 92.1138 30
41.009 91.7477 30
40.8044 91.3695 30
40.6218 90.9805 30
40.462 90.5821 30
40.3254 90.1756 30
40.2123 89.7622 30
40.1231 89.3434 30
40.0579 88.9206 30
40.017 88.495 30
40.0004 88.0682 30
40.0105 87.5941 30
40.0504 87.1221 30
40.12 86.654 30
40.2189 86.1917 30
40.3465 85.737 30
40.5024 85.2917 30
40.6857 84.8575 30
40.8957 84.436 30
41.1315 84.029 30
41.392 83.638 30
41.6763 83.2645 30
41.9829 82.9098 30
42.3108 82.5754 30
42.6584 82.2624 30
43.0245 81.9721 30
43.4075 81.7054 30
43.8058 81.4633 30
44.2179 81.2467 30
44.642 81.0563 30
45.0766 80.8927 30
45.5197 80.7565 30
45.9698 80.6481 30
46.425 80.5678 30
46.8836 80.5158 30
47.1976 80.4965 30
47.5 80.4904 30
47.5 80.4904 33
47.061 80.5032 33
46.5979 80.5448 33
46.1651 80.6101 33
45.7374 80.7004 33
45.3163 80.8153 33
44.9031 80.9543 33
44.4992 81.1169 33
44.1059 81.3023 33
43.7245 81.51 33
43.3561 81.7391 33
43.002 81.9889 33
42.6632 82.2584 33
42.3409 82.5467 33
42.036 82.8528 33
41.7495 83.1756 33
41.4823 83.514 33
41.2352 83.8669 33
41.009 84.2331 33
40.8044 84.6113 33
40.6218 85.0002 33
40.462 85.3986 33
40.3254 85.8052 33
40.2123 86.2186 33
40.1231 86.6373 33
40.0579 87.0602 33
40.017 87.4857 33
40.0004 87.9126 33
40.0105 88.3866 33
40.0504 88.8586 33
40.12 89.3267 33
40.2189 89.7891 33
40.3465 90.2438 33
40.5024 90.6891 33
40.6857 91.1233 33
40.8957 91.5447 33
41.1315 91.9517 33
41.392 92.3427 33
41.6763 92.7163 33
41.9829 93.0709 33
42.3108 93.4053 33
42.6584 93.7183 33
43.0245 94.0087 33
43.4075 94.2754 33
43.8058 94.5175 33
44.2179 94.7341 33
44.642 94.9245 33
45.0766 95.0881 33
45.5197 95.2242 33
45.9698 95.3326 33
46.425 95.4129 33
46.8836 95.465 33
47.1976 95.4843 33
47.5 95.4904 33
"></Coordinate>
      <Normal vector="
-0 1 0
-0.0585382 0.998285 0
-0.120275 0.992741 0
-0.177991 0.984032 0
-0.235016 0.971992 0
-0.291164 0.956673 0
-0.346253 0.938141 0
-0.400104 0.91647 0
-0.452544 0.891742 0
-0.503403 0.864052 0
-0.55252 0.8335 0
-0.599737 0.800197 0
-0.644905 0.764262 0
-0.687882 0.725822 0
-0.728533 0.685011 0
-0.76673 0.64197 0
-0.802356 0.596846 0
-0.8353 0.549794 0
-0.865463 0.500973 0
-0.892752 0.450548 0
-0.917087 0.398688 0
-0.938395 0.345565 0
-0.956614 0.291358 0
-0.971694 0.236243 0
-0.983593 0.180405 0
-0.992279 0.124024 0
-0.997734 0.067287 0
-0.999946 0.0103775 0
-0.998603 -0.0528326 0
-0.993276 -0.115769 0
-0.983998 -0.178181 0
-0.970817 -0.239823 0
-0.953797 -0.300451 0
-0.933018 -0.359829 0
-0.908574 -0.417724 0
-0.880572 -0.473913 0
-0.849133 -0.528178 0
-0.814394 -0.580313 0
-0.7765 -0.630118 0
-0.735611 -0.677404 0
-0.691897 -0.721996 0
-0.64554 -0.763726 0
-0.59673 -0.802442 0
-0.545666 -0.838003 0
-0.492556 -0.870281 0
-0.437614 -0.899163 0
-0.381062 -0.924549 0
-0.323125 -0.946356 0
-0.264035 -0.964513 0
-0.204025 -0.978966 0
-0.143331 -0.989675 0
-0.0821929 -0.996616 0
-0.0403195 -0.999187 0
0 -1 0
0 -1 0
-0.0585382 -0.998285 0
-0.120275 -0.992741 0
-0.177991 -0.984032 0
-0.235016 -0.971992 0
-0.291164 -0.956673 0
-0.346253 -0.938141 0
-0.400104 -0.91647 0
-0.452544 -0.891742 0
-0.503403 -0.864052 0
-0.55252 -0.8335 0
-0.599737 -0.800197 0
-0.644905 -0.764262 0
-0.687882 -0.725822 0
-0.728533 -0.685011 0
-0.76673 -0.64197 0
-0.802356 -0.596846 0
-0.8353 -0.549794 0
-0.865463 -0.500973 0
-0.892752 -0.450548 0
-0.917087 -0.398688 0
-0.938395 -0.345565 0
-0.956614 -0.291358 0
-0.971694 -0.236243 0
-0.983593 -0.180405 0
-0.992279 -0.124024 0
-0.997734 -0.067287 0
-0.999946 -0.0103775 0
-0.998603 0.0528326 0
-0.993276 0.115769 0
-0.983998 0.178181 0
-0.970817 0.239823 0
-0.953797 0.300451 0
-0.933018 0.359829 0
-0.908574 0.417724 0
-0.880572 0.473913 0
-0.849133 0.528178 0
-0.814394 0.580313 0
-0.7765 0.630118 0
-0.735611 0.677404 0
-0.691897 0.721996 0
-0.64554 0.763726 0
-0.59673 0.802442 0
-0.545666 0.838003 0
-0.492556 0.870281 0
-0.437614 0.899163 0
-0.381062 0.924549 0
-0.323125 0.946356 0
-0.264035 0.964513 0
-0.204025 0.978966 0
-0.143331 0.989675 0
-0.0821929 0.996616 0
-0.0403195 0.999187 0
0 1 0
"></Normal>
     </IndexedTriangleSet>
    </Shape>
    <Shape DEF="face54">
     <Appearance><Material DEF="matface54" diffuseColor="0.000000 0.000000 1.000000" shininess="0.9" specularColor="0.2 0.2 0.2" transparency="0"></Material></Appearance>
     <IndexedTriangleSet DEF="setface54" index="
46 44 43 46 45 44 48 47 46 49 48 46 50 46 43 50 43 42 50 49 46 51 42 41 51 50 42 52 40 39 52 41 40 52 51 41 53 52 39 54 39 38 54 53 39 55 54 38 55 38 37 56 37 36 56 55 37 57 36 35 57 56 36 58 57 35 59 58 35 59 34 33 59 35 34 60 59 33 61 32 31 61 33 32 61 60 33 62 61 31 62 31 30 63 62 30 63 30 29 64 63 29 65 29 28 65 64 29 66 65 28 66 28 27 67 66 27 68 26 25 68 27 26 68 67 27 1 3 2 1 4 3 1 5 4 69 68 25 69 25 24 0 5 1 70 24 23 70 69 24 71 70 23 71 23 22 72 71 22 89 5 0 89 91 90 89 0 91 73 21 20 73 22 21 73 72 22 88 6 5 88 5 89 74 20 19 74 73 20 75 74 19 86 6 88 86 88 87 76 17 16 76 18 17 76 19 18 76 75 19 85 7 6 85 8 7 85 6 86 77 16 15 77 76 16 84 9 8 84 8 85 78 77 15 83 9 84 79 78 15 82 10 9 82 11 10 82 9 83 80 13 12 80 14 13 80 15 14 80 79 15 81 12 11 81 11 82 81 80 12 
">
      <Coordinate point="
47.5 82.9904 -4
47.835 83.0016 -4
48.1907 83.0383 -4
48.5195 83.0954 -4
48.8432 83.1742 -4
49.1603 83.2741 -4
49.4696 83.3947 -4
49.7697 83.5352 -4
50.0595 83.6951 -4
50.3376 83.8736 -4
50.6029 84.0697 -4
50.8544 84.2825 -4
51.091 84.5112 -4
51.3118 84.7546 -4
51.5159 85.0117 -4
51.7025 85.2813 -4
51.8708 85.5622 -4
52.0202 85.8531 -4
52.1501 86.1529 -4
52.2601 86.4602 -4
52.3497 86.7736 -4
52.4186 87.0918 -4
52.4666 87.4136 -4
52.4936 87.7374 -4
52.4995 88.0619 -4
52.4814 88.4217 -4
52.4375 88.7788 -4
52.3681 89.1313 -4
52.2737 89.4775 -4
52.155 89.8156 -4
52.0125 90.1439 -4
51.8471 90.4607 -4
51.6598 90.7646 -4
51.4516 91.0539 -4
51.2236 91.3272 -4
50.9772 91.5833 -4
50.7135 91.8209 -4
50.4342 92.0389 -4
50.1405 92.2363 -4
49.8341 92.4121 -4
49.5166 92.5657 -4
49.1897 92.6962 -4
48.855 92.8033 -4
48.5142 92.8864 -4
48.1692 92.9454 -4
47.8248 92.9798 -4
47.5 92.9904 -4
47.165 92.9791 -4
46.8093 92.9424 -4
46.4805 92.8853 -4
46.1568 92.8066 -4
45.8397 92.7067 -4
45.5304 92.5861 -4
45.2303 92.4455 -4
44.9405 92.2856 -4
44.6624 92.1072 -4
44.3971 91.9111 -4
44.1456 91.6982 -4
43.909 91.4695 -4
43.6882 91.2261 -4
43.4841 90.9691 -4
43.2975 90.6995 -4
43.1292 90.4186 -4
42.9798 90.1276 -4
42.8499 89.8279 -4
42.7399 89.5206 -4
42.6503 89.2072 -4
42.5814 88.8889 -4
42.5334 88.5672 -4
42.5064 88.2434 -4
42.5005 87.9188 -4
42.5186 87.5591 -4
42.5625 87.202 -4
42.6319 86.8495 -4
42.7263 86.5033 -4
42.845 86.1652 -4
42.9875 85.8369 -4
43.1529 85.52 -4
43.3402 85.2162 -4
43.5484 84.9269 -4
43.7764 84.6535 -4
44.0228 84.3974 -4
44.2865 84.1598 -4
44.5658 83.9418 -4
44.8595 83.7445 -4
45.1659 83.5686 -4
45.4834 83.4151 -4
45.8103 83.2845 -4
46.145 83.1775 -4
46.4858 83.0943 -4
46.8308 83.0354 -4
47.1752 83.0009 -4
"></Coordinate>
      <Normal vector="
-0 -0 -1
-0 -0 -1
-0 -0 -1
-0 -0 -1
-0 -0 -1
-0 -0 -1
-0 -0 -1
-0 -0 -1
-0 -0 -1
-0 -0 -1
-0 -0 -1
-0 -0 -1
-0 -0 -1
-0 -0 -1
-0 -0 -1
-0 -0 -1
-0 -0 -1
-0 -0 -1
-0 -0 -1
-0 -0 -1
-0 -0 -1
-0 -0 -1
-0 -0 -1
-0 -0 -1
-0 -0 -1
-0 -0 -1
-0 -0 -1
-0 -0 -1
-0 -0 -1
-0 -0 -1
-0 -0 -1
-0 -0 -1
-0 -0 -1
-0 -0 -1
-0 -0 -1
-0 -0 -1
-0 -0 -1
-0 -0 -1
-0 -0 -1
-0 -0 -1
-0 -0 -1
-0 -0 -1
-0 -0 -1
-0 -0 -1
-0 -0 -1
-0 -0 -1
-0 -0 -1
-0 -0 -1
-0 -0 -1
-0 -0 -1
-0 -0 -1
-0 -0 -1
-0 -0 -1
-0 -0 -1
-0 -0 -1
-0 -0 -1
-0 -0 -1
-0 -0 -1
-0 -0 -1
-0 -0 -1
-0 -0 -1
-0 -0 -1
-0 -0 -1
-0 -0 -1
-0 -0 -1
-0 -0 -1
-0 -0 -1
-0 -0 -1
-0 -0 -1
-0 -0 -1
-0 -0 -1
-0 -0 -1
-0 -0 -1
-0 -0 -1
-0 -0 -1
-0 -0 -1
-0 -0 -1
-0 -0 -1
-0 -0 -1
-0 -0 -1
-0 -0 -1
-0 -0 -1
-0 -0 -1
-0 -0 -1
-0 -0 -1
-0 -0 -1
-0 -0 -1
-0 -0 -1
-0 -0 -1
-0 -0 -1
-0 -0 -1
-0 -0 -1
"></Normal>
     </IndexedTriangleSet>
    </Shape>
    <Shape DEF="face55">
     <Appearance><Material DEF="matface55" diffuseColor="0.000000 0.000000 1.000000" shininess="0.9" specularColor="0.2 0.2 0.2" transparency="0"></Material></Appearance>
     <IndexedTriangleSet DEF="setface55" index="
0 58 59 1 57 58 1 58 0 2 57 1 2 56 57 3 56 2 3 55 56 4 55 3 4 54 55 5 54 4 5 53 54 6 53 5 6 52 53 7 52 6 7 51 52 8 51 7 8 50 51 9 50 8 9 49 50 10 49 9 10 48 49 11 48 10 11 47 48 12 47 11 13 47 12 13 46 47 14 45 46 14 46 13 15 44 45 15 45 14 16 44 15 16 43 44 17 41 42 17 42 43 17 43 16 18 41 17 18 40 41 19 39 40 19 40 18 20 39 19 20 38 39 21 37 38 21 38 20 22 36 37 22 37 21 23 35 36 23 36 22 24 34 35 24 35 23 25 33 34 25 34 24 26 32 33 26 33 25 27 31 32 27 32 26 28 30 31 28 31 27 29 30 28 
">
      <Coordinate point="
47.5 82.9904 30
46.9478 83.021 30
46.4059 83.1116 30
45.8795 83.2603 30
45.3749 83.4645 30
44.8974 83.7211 30
44.4522 84.0267 30
44.044 84.377 30
43.6771 84.7678 30
43.355 85.1941 30
43.0811 85.6509 30
42.8579 86.1326 30
42.6875 86.6339 30
42.5713 87.1488 30
42.5102 87.6716 30
42.5043 88.1965 30
42.562 88.7751 30
42.6859 89.3411 30
42.8738 89.8872 30
43.1224 90.4062 30
43.4278 90.8917 30
43.7855 91.3374 30
44.1901 91.738 30
44.6359 92.0888 30
45.1166 92.3857 30
45.6255 92.6257 30
46.1557 92.8063 30
46.7002 92.926 30
47.1137 92.9754 30
47.5 92.9904 30
47.5 92.9904 -4
46.9478 92.9598 -4
46.4059 92.8692 -4
45.8795 92.7205 -4
45.3749 92.5163 -4
44.8974 92.2596 -4
44.4522 91.9541 -4
44.044 91.6037 -4
43.6771 91.213 -4
43.355 90.7867 -4
43.0811 90.3299 -4
42.8579 89.8481 -4
42.6875 89.3469 -4
42.5713 88.832 -4
42.5102 88.3091 -4
42.5043 87.7842 -4
42.562 87.2057 -4
42.6859 86.6396 -4
42.8738 86.0936 -4
43.1224 85.5745 -4
43.4278 85.0891 -4
43.7855 84.6434 -4
44.1901 84.2428 -4
44.6359 83.892 -4
45.1166 83.595 -4
45.6255 83.3551 -4
46.1557 83.1745 -4
46.7002 83.0548 -4
47.1137 83.0053 -4
47.5 82.9904 -4
"></Coordinate>
      <Normal vector="
0 -1 0
-0.110431 -0.993884 0
-0.218821 -0.975765 0
-0.324096 -0.946024 0
-0.425029 -0.90518 0
-0.520524 -0.853847 0
-0.609558 -0.792741 0
-0.691195 -0.722669 0
-0.764589 -0.644519 0
-0.828995 -0.559255 0
-0.883778 -0.467906 0
-0.928414 -0.371548 0
-0.962494 -0.271303 0
-0.985733 -0.168315 0
-0.997966 -0.0637485 0
-0.99915 0.041233 0
-0.987608 0.156941 0
-0.962819 0.270148 0
-0.925248 0.379364 0
-0.875525 0.483173 0
-0.814434 0.580256 0
-0.742902 0.669401 0
-0.661977 0.749524 0
-0.572822 0.81968 0
-0.47669 0.879072 0
-0.374908 0.927062 0
-0.268858 0.96318 0
-0.159957 0.987124 0
-0.0772668 0.99701 0
2.84217e-15 1 -0
2.84217e-15 1 -0
-0.110431 0.993884 0
-0.218821 0.975765 0
-0.324096 0.946024 0
-0.425029 0.90518 0
-0.520524 0.853847 0
-0.609558 0.792741 0
-0.691195 0.722669 0
-0.764589 0.644519 0
-0.828995 0.559255 0
-0.883778 0.467906 0
-0.928414 0.371548 0
-0.962494 0.271303 0
-0.985733 0.168315 0
-0.997966 0.0637485 0
-0.99915 -0.041233 0
-0.987608 -0.156941 0
-0.962819 -0.270148 0
-0.925248 -0.379364 0
-0.875525 -0.483173 0
-0.814434 -0.580256 0
-0.742902 -0.669401 0
-0.661977 -0.749524 0
-0.572822 -0.81968 0
-0.47669 -0.879072 0
-0.374908 -0.927062 0
-0.268858 -0.96318 0
-0.159957 -0.987124 0
-0.0772668 -0.99701 0
0 -1 0
"></Normal>
     </IndexedTriangleSet>
    </Shape>
    <Shape DEF="face56">
     <Appearance><Material DEF="matface56" diffuseColor="0.000000 0.000000 1.000000" shininess="0.9" specularColor="0.2 0.2 0.2" transparency="0"></Material></Appearance>
     <IndexedTriangleSet DEF="setface56" index="
54 52 53 55 52 54 55 51 52 56 51 55 56 50 51 57 50 56 57 49 50 58 49 57 58 48 49 59 48 58 59 47 48 60 47 59 60 46 47 61 45 46 61 46 60 62 44 45 62 45 61 63 43 44 63 44 62 64 42 43 64 43 63 65 41 42 65 42 64 66 41 65 67 40 41 67 41 66 68 39 40 68 40 67 69 38 39 69 39 68 70 37 38 70 38 69 71 36 37 71 37 70 72 35 36 72 36 71 73 34 35 73 35 72 74 34 73 74 33 34 75 33 74 75 32 33 76 32 75 76 31 32 77 31 76 77 30 31 78 30 77 79 29 30 79 30 78 80 29 79 80 28 29 81 27 28 81 28 80 82 26 27 82 27 81 83 25 26 83 26 82 84 23 24 84 24 25 84 25 83 85 22 23 85 23 84 86 21 22 86 22 85 87 20 21 87 21 86 88 19 20 88 20 87 89 18 19 89 19 88 90 17 18 90 18 89 91 16 17 91 17 90 92 15 16 92 16 91 93 14 15 93 15 92 94 13 14 94 14 93 95 11 12 95 12 13 95 13 94 96 10 11 96 11 95 97 9 10 97 10 96 98 8 9 98 9 97 99 7 8 99 8 98 100 6 7 100 7 99 101 6 100 101 5 6 102 4 5 102 5 101 103 3 4 103 4 102 104 2 3 104 3 103 105 1 2 105 2 104 106 0 1 106 1 105 107 0 106 
">
      <Coordinate point="
47.5 80.4904 30
47.939 80.5032 30
48.4021 80.5448 30
48.8349 80.6101 30
49.2626 80.7004 30
49.6837 80.8153 30
50.0969 80.9543 30
50.5008 81.1169 30
50.8941 81.3023 30
51.2755 81.51 30
51.6439 81.7391 30
51.998 81.9889 30
52.3368 82.2584 30
52.6591 82.5467 30
52.964 82.8528 30
53.2505 83.1756 30
53.5177 83.514 30
53.7648 83.8669 30
53.991 84.2331 30
54.1956 84.6113 30
54.3782 85.0002 30
54.538 85.3986 30
54.6746 85.8052 30
54.7877 86.2186 30
54.8769 86.6373 30
54.9421 87.0602 30
54.983 87.4857 30
54.9996 87.9126 30
54.9895 88.3866 30
54.9496 88.8586 30
54.88 89.3267 30
54.7811 89.7891 30
54.6535 90.2438 30
54.4976 90.6891 30
54.3143 91.1233 30
54.1043 91.5447 30
53.8685 91.9517 30
53.608 92.3427 30
53.3237 92.7163 30
53.0171 93.0709 30
52.6892 93.4053 30
52.3416 93.7183 30
51.9755 94.0087 30
51.5925 94.2754 30
51.1942 94.5175 30
50.7821 94.7341 30
50.358 94.9245 30
49.9234 95.0881 30
49.4803 95.2242 30
49.0302 95.3326 30
48.575 95.4129 30
48.1164 95.465 30
47.8024 95.4843 30
47.5 95.4904 30
47.5 95.4904 33
47.939 95.4775 33
48.4021 95.4359 33
48.8349 95.3706 33
49.2626 95.2803 33
49.6837 95.1654 33
50.0969 95.0264 33
50.5008 94.8639 33
50.8941 94.6784 33
51.2755 94.4708 33
51.6439 94.2416 33
51.998 93.9919 33
52.3368 93.7223 33
52.6591 93.434 33
52.964 93.128 33
53.2505 92.8052 33
53.5177 92.4667 33
53.7648 92.1138 33
53.991 91.7477 33
54.1956 91.3695 33
54.3782 90.9805 33
54.538 90.5821 33
54.6746 90.1756 33
54.7877 89.7622 33
54.8769 89.3434 33
54.9421 88.9206 33
54.983 88.495 33
54.9996 88.0682 33
54.9895 87.5941 33
54.9496 87.1221 33
54.88 86.654 33
54.7811 86.1917 33
54.6535 85.737 33
54.4976 85.2917 33
54.3143 84.8575 33
54.1043 84.436 33
53.8685 84.029 33
53.608 83.638 33
53.3237 83.2645 33
53.0171 82.9098 33
52.6892 82.5754 33
52.3416 82.2624 33
51.9755 81.9721 33
51.5925 81.7054 33
51.1942 81.4633 33
50.7821 81.2467 33
50.358 81.0563 33
49.9234 80.8927 33
49.4803 80.7565 33
49.0302 80.6481 33
48.575 80.5678 33
48.1164 80.5158 33
47.8024 80.4965 33
47.5 80.4904 33
"></Coordinate>
      <Normal vector="
-0 -1 0
0.0585382 -0.998285 0
0.120275 -0.992741 0
0.177991 -0.984032 0
0.235016 -0.971992 0
0.291164 -0.956673 0
0.346253 -0.938141 0
0.400104 -0.91647 0
0.452544 -0.891742 0
0.503403 -0.864052 0
0.55252 -0.8335 0
0.599737 -0.800197 0
0.644905 -0.764262 0
0.687882 -0.725822 0
0.728533 -0.685011 0
0.76673 -0.64197 0
0.802356 -0.596846 0
0.8353 -0.549794 0
0.865463 -0.500973 0
0.892752 -0.450548 0
0.917087 -0.398688 0
0.938395 -0.345565 0
0.956614 -0.291358 0
0.971694 -0.236243 0
0.983593 -0.180405 0
0.992279 -0.124024 0
0.997734 -0.067287 0
0.999946 -0.0103775 0
0.998603 0.0528326 -0
0.993276 0.115769 -0
0.983998 0.178181 -0
0.970817 0.239823 -0
0.953797 0.300451 -0
0.933018 0.359829 -0
0.908574 0.417724 -0
0.880572 0.473913 -0
0.849133 0.528178 -0
0.814394 0.580313 -0
0.7765 0.630118 -0
0.735611 0.677404 -0
0.691897 0.721996 -0
0.64554 0.763726 -0
0.59673 0.802442 -0
0.545666 0.838003 -0
0.492556 0.870281 -0
0.437614 0.899163 -0
0.381062 0.924549 -0
0.323125 0.946356 -0
0.264035 0.964513 -0
0.204025 0.978966 -0
0.143331 0.989675 -0
0.0821929 0.996616 -0
0.0403195 0.999187 -0
0 1 0
0 1 0
0.0585382 0.998285 -0
0.120275 0.992741 -0
0.177991 0.984032 -0
0.235016 0.971992 -0
0.291164 0.956673 -0
0.346253 0.938141 -0
0.400104 0.91647 -0
0.452544 0.891742 -0
0.503403 0.864052 -0
0.55252 0.8335 -0
0.599737 0.800197 -0
0.644905 0.764262 -0
0.687882 0.725822 -0
0.728533 0.685011 -0
0.76673 0.64197 -0
0.802356 0.596846 -0
0.8353 0.549794 -0
0.865463 0.500973 -0
0.892752 0.450548 -0
0.917087 0.398688 -0
0.938395 0.345565 -0
0.956614 0.291358 -0
0.971694 0.236243 -0
0.983593 0.180405 -0
0.992279 0.124024 -0
0.997734 0.067287 -0
0.999946 0.0103775 -0
0.998603 -0.0528326 0
0.993276 -0.115769 0
0.983998 -0.178181 0
0.970817 -0.239823 0
0.953797 -0.300451 0
0.933018 -0.359829 0
0.908574 -0.417724 0
0.880572 -0.473913 0
0.849133 -0.528178 0
0.814394 -0.580313 0
0.7765 -0.630118 0
0.735611 -0.677404 0
0.691897 -0.721996 0
0.64554 -0.763726 0
0.59673 -0.802442 0
0.545666 -0.838003 0
0.492556 -0.870281 0
0.437614 -0.899163 0
0.381062 -0.924549 0
0.323125 -0.946356 0
0.264035 -0.964513 0
0.204025 -0.978966 0
0.143331 -0.989675 0
0.0821929 -0.996616 0
0.0403195 -0.999187 0
0 -1 0
"></Normal>
     </IndexedTriangleSet>
    </Shape>
    <Shape DEF="face57">
     <Appearance><Material DEF="matface57" diffuseColor="0.000000 0.000000 1.000000" shininess="0.9" specularColor="0.2 0.2 0.2" transparency="0"></Material></Appearance>
     <IndexedTriangleSet DEF="setface57" index="
0 58 59 1 57 58 1 58 0 2 57 1 2 56 57 3 56 2 3 55 56 4 55 3 4 54 55 5 54 4 5 53 54 6 53 5 6 52 53 7 52 6 7 51 52 8 51 7 8 50 51 9 50 8 9 49 50 10 49 9 10 48 49 11 48 10 11 47 48 12 47 11 13 47 12 13 46 47 14 45 46 14 46 13 15 44 45 15 45 14 16 44 15 16 43 44 17 41 42 17 42 43 17 43 16 18 41 17 18 40 41 19 39 40 19 40 18 20 39 19 20 38 39 21 37 38 21 38 20 22 36 37 22 37 21 23 35 36 23 36 22 24 34 35 24 35 23 25 33 34 25 34 24 26 32 33 26 33 25 27 31 32 27 32 26 28 30 31 28 31 27 29 30 28 
">
      <Coordinate point="
47.5 92.9904 30
48.0522 92.9598 30
48.5941 92.8692 30
49.1205 92.7205 30
49.6251 92.5163 30
50.1026 92.2596 30
50.5478 91.9541 30
50.956 91.6037 30
51.3229 91.213 30
51.645 90.7867 30
51.9189 90.3299 30
52.1421 89.8481 30
52.3125 89.3469 30
52.4287 88.832 30
52.4898 88.3091 30
52.4957 87.7842 30
52.438 87.2057 30
52.3141 86.6396 30
52.1262 86.0936 30
51.8776 85.5745 30
51.5722 85.0891 30
51.2145 84.6434 30
50.8099 84.2428 30
50.3641 83.892 30
49.8834 83.595 30
49.3745 83.3551 30
48.8443 83.1745 30
48.2998 83.0548 30
47.8863 83.0053 30
47.5 82.9904 30
47.5 82.9904 -4
48.0522 83.021 -4
48.5941 83.1116 -4
49.1205 83.2603 -4
49.6251 83.4645 -4
50.1026 83.7211 -4
50.5478 84.0267 -4
50.956 84.377 -4
51.3229 84.7678 -4
51.645 85.1941 -4
51.9189 85.6509 -4
52.1421 86.1326 -4
52.3125 86.6339 -4
52.4287 87.1488 -4
52.4898 87.6716 -4
52.4957 88.1965 -4
52.438 88.7751 -4
52.3141 89.3411 -4
52.1262 89.8872 -4
51.8776 90.4062 -4
51.5722 90.8917 -4
51.2145 91.3374 -4
50.8099 91.738 -4
50.3641 92.0888 -4
49.8834 92.3857 -4
49.3745 92.6257 -4
48.8443 92.8063 -4
48.2998 92.926 -4
47.8863 92.9754 -4
47.5 92.9904 -4
"></Coordinate>
      <Normal vector="
-2.84217e-15 1 0
0.110431 0.993884 -0
0.218821 0.975765 -0
0.324096 0.946024 -0
0.425029 0.90518 -0
0.520524 0.853847 -0
0.609558 0.792741 -0
0.691195 0.722669 -0
0.764589 0.644519 -0
0.828995 0.559255 -0
0.883778 0.467906 -0
0.928414 0.371548 -0
0.962494 0.271303 -0
0.985733 0.168315 -0
0.997966 0.0637485 -0
0.99915 -0.041233 0
0.987608 -0.156941 0
0.962819 -0.270148 0
0.925248 -0.379364 0
0.875525 -0.483173 0
0.814434 -0.580256 0
0.742902 -0.669401 0
0.661977 -0.749524 0
0.572822 -0.81968 0
0.47669 -0.879072 0
0.374908 -0.927062 0
0.268858 -0.96318 0
0.159957 -0.987124 0
0.0772668 -0.99701 0
-0 -1 0
0 -1 0
0.110431 -0.993884 0
0.218821 -0.975765 0
0.324096 -0.946024 0
0.425029 -0.90518 0
0.520524 -0.853847 0
0.609558 -0.792741 0
0.691195 -0.722669 0
0.764589 -0.644519 0
0.828995 -0.559255 0
0.883778 -0.467906 0
0.928414 -0.371548 0
0.962494 -0.271303 0
0.985733 -0.168315 0
0.997966 -0.0637485 0
0.99915 0.041233 -0
0.987608 0.156941 -0
0.962819 0.270148 -0
0.925248 0.379364 -0
0.875525 0.483173 -0
0.814434 0.580256 -0
0.742902 0.669401 -0
0.661977 0.749524 -0
0.572822 0.81968 -0
0.47669 0.879072 -0
0.374908 0.927062 -0
0.268858 0.96318 -0
0.159957 0.987124 -0
0.0772668 0.99701 -0
-2.84217e-15 1 0
"></Normal>
     </IndexedTriangleSet>
    </Shape>
    <Shape DEF="face58">
     <Appearance><Material DEF="matface58" diffuseColor="1.000000 0.000000 0.000000" shininess="0.9" specularColor="0.2 0.2 0.2" transparency="0"></Material></Appearance>
     <IndexedTriangleSet DEF="setface58" index="
71 1 70 69 70 1 72 1 71 68 69 1 73 1 72 67 68 1 74 1 73 66 67 1 75 1 74 65 66 1 76 1 75 64 65 1 77 1 76 63 64 1 78 1 77 62 63 1 79 1 78 4 1 79 61 62 1 3 4 5 3 5 6 3 6 7 3 7 8 3 8 9 3 1 4 10 3 9 11 3 10 12 3 11 13 3 12 14 3 13 15 3 14 16 3 15 17 3 16 0 61 1 0 48 49 0 49 50 0 50 51 0 51 52 0 52 53 0 53 54 0 54 55 0 55 56 0 56 57 0 57 58 0 58 59 0 59 60 0 60 61 18 3 17 47 48 0 19 3 18 46 47 0 20 3 19 45 46 0 21 3 20 44 45 0 43 44 0 42 43 0 2 25 26 2 26 27 2 27 28 2 28 29 2 29 30 2 30 31 2 31 32 2 32 33 2 33 34 2 34 35 2 35 36 2 36 37 2 37 38 2 42 0 2 38 39 2 39 40 2 40 41 2 41 42 2 3 23 23 3 22 22 3 21 2 23 24 2 24 25 
">
      <Coordinate point="
37.5 80.4904 -3
57.5 80.4904 -3
37.5 95.4904 -3
57.5 95.4904 -3
52.5 87.9904 -3
52.4824 88.409 -3
52.4319 88.8128 -3
52.3464 89.2203 -3
52.2276 89.6181 -3
52.0768 90.0036 -3
51.895 90.3745 -3
51.6838 90.7282 -3
51.4447 91.0627 -3
51.1796 91.3757 -3
50.8903 91.6654 -3
50.5789 91.9299 -3
50.2477 92.1678 -3
49.8987 92.3774 -3
49.5346 92.5577 -3
49.1577 92.7076 -3
48.7705 92.8263 -3
48.3757 92.9131 -3
47.9758 92.9677 -3
47.5735 92.9898 -3
47.1267 92.9764 -3
46.6839 92.9233 -3
46.2484 92.8312 -3
45.8237 92.701 -3
45.413 92.534 -3
45.0195 92.3317 -3
44.6461 92.0959 -3
44.2958 91.8287 -3
43.971 91.5324 -3
43.6741 91.2095 -3
43.4073 90.8626 -3
43.1723 90.4946 -3
42.9708 90.1084 -3
42.804 89.7073 -3
42.673 89.2943 -3
42.5785 88.8728 -3
42.5208 88.446 -3
42.505 88.2134 -3
42.5 87.9904 -3
42.5176 87.5717 -3
42.5681 87.168 -3
42.6536 86.7605 -3
42.7724 86.3627 -3
42.9232 85.9771 -3
43.105 85.6063 -3
43.3162 85.2525 -3
43.5553 84.9181 -3
43.8204 84.605 -3
44.1097 84.3154 -3
44.4211 84.0508 -3
44.7523 83.813 -3
45.1013 83.6033 -3
45.4654 83.4231 -3
45.8423 83.2732 -3
46.2295 83.1545 -3
46.6243 83.0677 -3
47.0242 83.0131 -3
47.4265 82.9909 -3
47.8733 83.0043 -3
48.3161 83.0574 -3
48.7516 83.1496 -3
49.1763 83.2798 -3
49.587 83.4468 -3
49.9805 83.6491 -3
50.3539 83.8848 -3
50.7042 84.152 -3
51.029 84.4483 -3
51.3259 84.7713 -3
51.5927 85.1182 -3
51.8277 85.4862 -3
52.0292 85.8723 -3
52.196 86.2735 -3
52.327 86.6865 -3
52.4215 87.108 -3
52.4792 87.5348 -3
52.495 87.7673 -3
"></Coordinate>
      <Normal vector="
0 0 -1
0 0 -1
0 0 -1
0 0 -1
0 0 -1
0 0 -1
0 0 -1
0 0 -1
0 0 -1
0 0 -1
0 0 -1
0 0 -1
0 0 -1
0 0 -1
0 0 -1
0 0 -1
0 0 -1
0 0 -1
0 0 -1
0 0 -1
0 0 -1
0 0 -1
0 0 -1
0 0 -1
0 0 -1
0 0 -1
0 0 -1
0 0 -1
0 0 -1
0 0 -1
0 0 -1
0 0 -1
0 0 -1
0 0 -1
0 0 -1
0 0 -1
0 0 -1
0 0 -1
0 0 -1
0 0 -1
0 0 -1
0 0 -1
0 0 -1
0 0 -1
0 0 -1
0 0 -1
0 0 -1
0 0 -1
0 0 -1
0 0 -1
0 0 -1
0 0 -1
0 0 -1
0 0 -1
0 0 -1
0 0 -1
0 0 -1
0 0 -1
0 0 -1
0 0 -1
0 0 -1
0 0 -1
0 0 -1
0 0 -1
0 0 -1
0 0 -1
0 0 -1
0 0 -1
0 0 -1
0 0 -1
0 0 -1
0 0 -1
0 0 -1
0 0 -1
0 0 -1
0 0 -1
0 0 -1
0 0 -1
0 0 -1
0 0 -1
"></Normal>
     </IndexedTriangleSet>
    </Shape>
    <Shape DEF="face59">
     <Appearance><Material DEF="matface59" diffuseColor="1.000000 0.000000 0.000000" shininess="0.9" specularColor="0.2 0.2 0.2" transparency="0"></Material></Appearance>
     <IndexedTriangleSet DEF="setface59" index="
0 1 2 0 2 3 
">
      <Coordinate point="
37.5 80.4904 0
37.5 80.4904 -3
57.5 80.4904 -3
57.5 80.4904 0
"></Coordinate>
      <Normal vector="
0 -1 0
0 -1 0
0 -1 0
0 -1 0
"></Normal>
     </IndexedTriangleSet>
    </Shape>
    <Shape DEF="face60">
     <Appearance><Material DEF="matface60" diffuseColor="1.000000 0.000000 0.000000" shininess="0.9" specularColor="0.2 0.2 0.2" transparency="0"></Material></Appearance>
     <IndexedTriangleSet DEF="setface60" index="
2 0 1 2 3 0 
">
      <Coordinate point="
57.5 80.4904 0
57.5 80.4904 -3
57.5 95.4904 -3
57.5 95.4904 0
"></Coordinate>
      <Normal vector="
1 -0 0
1 -0 0
1 -0 0
1 -0 0
"></Normal>
     </IndexedTriangleSet>
    </Shape>
    <Shape DEF="face61">
     <Appearance><Material DEF="matface61" diffuseColor="1.000000 0.000000 0.000000" shininess="0.9" specularColor="0.2 0.2 0.2" transparency="0"></Material></Appearance>
     <IndexedTriangleSet DEF="setface61" index="
2 0 1 2 3 0 
">
      <Coordinate point="
57.5 95.4904 0
57.5 95.4904 -3
37.5 95.4904 -3
37.5 95.4904 0
"></Coordinate>
      <Normal vector="
0 1 0
0 1 0
0 1 0
0 1 0
"></Normal>
     </IndexedTriangleSet>
    </Shape>
    <Shape DEF="face62">
     <Appearance><Material DEF="matface62" diffuseColor="1.000000 0.000000 0.000000" shininess="0.9" specularColor="0.2 0.2 0.2" transparency="0"></Material></Appearance>
     <IndexedTriangleSet DEF="setface62" index="
13 0 14 15 14 0 12 0 13 16 15 0 11 0 12 17 16 0 10 0 11 18 17 0 9 0 10 19 18 0 8 0 9 20 19 0 7 0 8 21 20 0 6 0 7 22 21 0 5 0 6 23 22 0 4 0 5 1 76 75 1 77 76 1 78 77 1 79 78 1 4 79 1 0 4 74 1 75 73 1 74 72 1 73 71 1 72 70 1 71 69 1 70 68 1 69 67 1 68 66 1 67 2 23 0 2 24 23 2 25 24 2 26 25 2 27 26 2 28 27 2 29 28 2 30 29 2 31 30 2 32 31 2 33 32 2 34 33 2 35 34 2 36 35 37 36 2 65 1 66 38 37 2 64 1 65 39 38 2 63 1 64 40 39 2 41 40 2 42 41 2 3 42 2 3 43 42 3 44 43 3 45 44 3 46 45 3 47 46 3 48 47 3 49 48 3 50 49 3 51 50 3 52 51 3 53 52 3 54 53 3 55 54 3 56 55 3 57 56 3 58 57 3 59 58 3 1 61 61 1 62 62 1 63 3 61 60 3 60 59 
">
      <Coordinate point="
37.5 80.4904 0
37.5 95.4904 0
57.5 80.4904 0
57.5 95.4904 0
42.5 87.9904 0
42.5176 87.5717 0
42.5681 87.168 0
42.6536 86.7605 0
42.7724 86.3627 0
42.9232 85.9771 0
43.105 85.6063 0
43.3162 85.2525 0
43.5553 84.9181 0
43.8204 84.605 0
44.1097 84.3154 0
44.4211 84.0508 0
44.7523 83.813 0
45.1013 83.6033 0
45.4654 83.4231 0
45.8423 83.2732 0
46.2295 83.1545 0
46.6243 83.0677 0
47.0242 83.0131 0
47.4265 82.9909 0
47.8733 83.0043 0
48.3161 83.0574 0
48.7516 83.1496 0
49.1763 83.2798 0
49.587 83.4468 0
49.9805 83.6491 0
50.3539 83.8848 0
50.7042 84.152 0
51.029 84.4483 0
51.3259 84.7713 0
51.5927 85.1182 0
51.8277 85.4862 0
52.0292 85.8723 0
52.196 86.2735 0
52.327 86.6865 0
52.4215 87.108 0
52.4792 87.5348 0
52.495 87.7673 0
52.5 87.9904 0
52.4824 88.409 0
52.4319 88.8128 0
52.3464 89.2203 0
52.2276 89.6181 0
52.0768 90.0036 0
51.895 90.3745 0
51.6838 90.7282 0
51.4447 91.0627 0
51.1796 91.3757 0
50.8903 91.6654 0
50.5789 91.9299 0
50.2477 92.1678 0
49.8987 92.3774 0
49.5346 92.5577 0
49.1577 92.7076 0
48.7705 92.8263 0
48.3757 92.9131 0
47.9758 92.9677 0
47.5735 92.9898 0
47.1267 92.9764 0
46.6839 92.9233 0
46.2484 92.8312 0
45.8237 92.701 0
45.413 92.534 0
45.0195 92.3317 0
44.6461 92.0959 0
44.2958 91.8287 0
43.971 91.5324 0
43.6741 91.2095 0
43.4073 90.8626 0
43.1723 90.4946 0
42.9708 90.1084 0
42.804 89.7073 0
42.673 89.2943 0
42.5785 88.8728 0
42.5208 88.446 0
42.505 88.2134 0
"></Coordinate>
      <Normal vector="
0 -0 1
0 -0 1
0 -0 1
0 -0 1
0 -0 1
0 -0 1
0 -0 1
0 -0 1
0 -0 1
0 -0 1
0 -0 1
0 -0 1
0 -0 1
0 -0 1
0 -0 1
0 -0 1
0 -0 1
0 -0 1
0 -0 1
0 -0 1
0 -0 1
0 -0 1
0 -0 1
0 -0 1
0 -0 1
0 -0 1
0 -0 1
0 -0 1
0 -0 1
0 -0 1
0 -0 1
0 -0 1
0 -0 1
0 -0 1
0 -0 1
0 -0 1
0 -0 1
0 -0 1
0 -0 1
0 -0 1
0 -0 1
0 -0 1
0 -0 1
0 -0 1
0 -0 1
0 -0 1
0 -0 1
0 -0 1
0 -0 1
0 -0 1
0 -0 1
0 -0 1
0 -0 1
0 -0 1
0 -0 1
0 -0 1
0 -0 1
0 -0 1
0 -0 1
0 -0 1
0 -0 1
0 -0 1
0 -0 1
0 -0 1
0 -0 1
0 -0 1
0 -0 1
0 -0 1
0 -0 1
0 -0 1
0 -0 1
0 -0 1
0 -0 1
0 -0 1
0 -0 1
0 -0 1
0 -0 1
0 -0 1
0 -0 1
0 -0 1
"></Normal>
     </IndexedTriangleSet>
    </Shape>
    <Shape DEF="face63">
     <Appearance><Material DEF="matface63" diffuseColor="1.000000 0.000000 0.000000" shininess="0.9" specularColor="0.2 0.2 0.2" transparency="0"></Material></Appearance>
     <IndexedTriangleSet DEF="setface63" index="
1 2 3 1 3 0 
">
      <Coordinate point="
37.5 80.4904 0
37.5 95.4904 0
37.5 95.4904 -3
37.5 80.4904 -3
"></Coordinate>
      <Normal vector="
-1 -0 0
-1 -0 0
-1 -0 0
-1 -0 0
"></Normal>
     </IndexedTriangleSet>
    </Shape>
    <Shape DEF="face64">
     <Appearance><Material DEF="matface64" diffuseColor="1.000000 0.000000 0.000000" shininess="0.9" specularColor="0.2 0.2 0.2" transparency="0"></Material></Appearance>
     <IndexedTriangleSet DEF="setface64" index="
1 55 0 1 56 55 2 56 1 2 57 56 3 57 2 3 58 57 4 58 3 4 59 58 5 59 4 5 60 59 6 60 5 6 61 60 7 61 6 7 62 61 8 62 7 8 63 62 9 63 8 9 64 63 10 65 64 10 64 9 11 66 65 11 65 10 12 66 11 12 67 66 13 68 67 13 67 12 14 69 68 14 68 13 15 70 69 15 69 14 16 71 70 16 70 15 17 72 71 17 71 16 18 72 17 18 73 72 19 73 18 19 74 73 20 74 19 20 75 74 21 75 20 21 76 75 22 76 21 22 77 76 23 77 22 23 78 77 24 78 23 24 79 78 25 79 24 25 80 79 26 80 25 26 81 80 27 81 26 27 82 81 28 82 27 28 83 82 29 83 28 29 84 83 30 84 29 30 85 84 30 86 85 31 86 30 32 86 31 32 87 86 33 87 32 33 88 87 34 88 33 34 89 88 35 89 34 35 90 89 36 90 35 36 91 90 37 91 36 37 92 91 38 92 37 38 93 92 39 93 38 39 94 93 40 94 39 40 95 94 41 95 40 41 96 95 41 97 96 42 97 41 43 97 42 43 98 97 44 98 43 44 99 98 44 100 99 45 100 44 46 100 45 46 101 100 47 102 101 47 101 46 48 103 102 48 102 47 49 104 103 49 103 48 50 105 104 50 104 49 51 106 105 51 105 50 52 107 106 52 106 51 53 54 107 53 107 52 
">
      <Coordinate point="
52.5 87.9904 -6.67466e-16
52.4914 88.2831 -6.67466e-16
52.4637 88.5918 -6.67466e-16
52.4202 88.8803 -6.67466e-16
52.36 89.1655 -6.67466e-16
52.2834 89.4462 -6.67466e-16
52.1907 89.7216 -6.67466e-16
52.0823 89.9909 -6.67466e-16
51.9587 90.2531 -6.67466e-16
51.8203 90.5074 -6.67466e-16
51.6675 90.753 -6.67466e-16
51.501 90.9891 -6.67466e-16
51.3213 91.2149 -6.67466e-16
51.1291 91.4298 -6.67466e-16
50.9251 91.633 -6.67466e-16
50.7098 91.824 -6.67466e-16
50.4842 92.0022 -6.67466e-16
50.249 92.1669 -6.67466e-16
50.0049 92.3177 -6.67466e-16
49.7527 92.4541 -6.67466e-16
49.4934 92.5758 -6.67466e-16
49.2278 92.6824 -6.67466e-16
48.9568 92.7735 -6.67466e-16
48.6812 92.8489 -6.67466e-16
48.402 92.9083 -6.67466e-16
48.1201 92.9518 -6.67466e-16
47.8364 92.979 -6.67466e-16
47.5519 92.9901 -6.67466e-16
47.2358 92.9834 -6.67466e-16
46.9212 92.9568 -6.67466e-16
46.6091 92.9104 -6.67466e-16
46.3009 92.8445 -6.67466e-16
45.9977 92.7594 -6.67466e-16
45.7009 92.6555 -6.67466e-16
45.4114 92.5333 -6.67466e-16
45.1304 92.3932 -6.67466e-16
44.8591 92.236 -6.67466e-16
44.5984 92.0623 -6.67466e-16
44.3494 91.8729 -6.67466e-16
44.113 91.6684 -6.67466e-16
43.89 91.4499 -6.67466e-16
43.6814 91.2181 -6.67466e-16
43.4878 90.974 -6.67466e-16
43.31 90.7187 -6.67466e-16
43.1486 90.4532 -6.67466e-16
43.0042 90.1785 -6.67466e-16
42.8773 89.8957 -6.67466e-16
42.7682 89.606 -6.67466e-16
42.6774 89.3106 -6.67466e-16
42.6052 89.0105 -6.67466e-16
42.5516 88.707 -6.67466e-16
42.5169 88.4013 -6.67466e-16
42.5041 88.192 -6.67466e-16
42.5 87.9904 0
42.5 87.9904 -3
52.5 87.9904 -3
52.4914 88.2831 -3
52.4637 88.5918 -3
52.4202 88.8803 -3
52.36 89.1655 -3
52.2834 89.4462 -3
52.1907 89.7216 -3
52.0823 89.9909 -3
51.9587 90.2531 -3
51.8203 90.5074 -3
51.6675 90.753 -3
51.501 90.9891 -3
51.3213 91.2149 -3
51.1291 91.4298 -3
50.9251 91.633 -3
50.7098 91.824 -3
50.4842 92.0022 -3
50.249 92.1669 -3
50.0049 92.3177 -3
49.7527 92.4541 -3
49.4934 92.5758 -3
49.2278 92.6824 -3
48.9568 92.7735 -3
48.6812 92.8489 -3
48.402 92.9083 -3
48.1201 92.9518 -3
47.8364 92.979 -3
47.5519 92.9901 -3
47.2358 92.9834 -3
46.9212 92.9568 -3
46.6091 92.9104 -3
46.3009 92.8445 -3
45.9977 92.7594 -3
45.7009 92.6555 -3
45.4114 92.5333 -3
45.1304 92.3932 -3
44.8591 92.236 -3
44.5984 92.0623 -3
44.3494 91.8729 -3
44.113 91.6684 -3
43.89 91.4499 -3
43.6814 91.2181 -3
43.4878 90.974 -3
43.31 90.7187 -3
43.1486 90.4532 -3
43.0042 90.1785 -3
42.8773 89.8957 -3
42.7682 89.606 -3
42.6774 89.3106 -3
42.6052 89.0105 -3
42.5516 88.707 -3
42.5169 88.4013 -3
42.5041 88.192 -3
"></Coordinate>
      <Normal vector="
-1 2.84217e-15 0
-0.998285 -0.0585382 0
-0.992741 -0.120275 0
-0.984032 -0.177991 0
-0.971992 -0.235016 0
-0.956673 -0.291164 0
-0.938141 -0.346253 0
-0.91647 -0.400104 0
-0.891742 -0.452544 0
-0.864052 -0.503403 0
-0.8335 -0.55252 0
-0.800197 -0.599737 0
-0.764262 -0.644905 0
-0.725822 -0.687882 0
-0.685011 -0.728533 0
-0.64197 -0.76673 0
-0.596846 -0.802356 0
-0.549794 -0.8353 0
-0.500973 -0.865463 0
-0.450548 -0.892752 0
-0.398688 -0.917087 0
-0.345565 -0.938395 0
-0.291358 -0.956614 0
-0.236243 -0.971694 0
-0.180404 -0.983593 0
-0.124024 -0.992279 0
-0.067287 -0.997734 0
-0.0103775 -0.999946 0
0.0528326 -0.998603 0
0.115769 -0.993276 0
0.178181 -0.983998 0
0.239823 -0.970817 0
0.300451 -0.953797 0
0.359829 -0.933018 0
0.417724 -0.908574 0
0.473913 -0.880572 0
0.528179 -0.849133 0
0.580313 -0.814394 0
0.630118 -0.7765 0
0.677404 -0.735611 0
0.721996 -0.691897 0
0.763726 -0.64554 0
0.802442 -0.59673 0
0.838003 -0.545666 0
0.870281 -0.492556 0
0.899163 -0.437614 0
0.924549 -0.381062 0
0.946356 -0.323125 0
0.964513 -0.264035 0
0.978966 -0.204025 0
0.989675 -0.143331 0
0.996616 -0.0821929 0
0.999187 -0.0403195 0
1 -1.42109e-15 0
1 -1.42109e-15 0
-1 2.84217e-15 0
-0.998285 -0.0585382 0
-0.992741 -0.120275 0
-0.984032 -0.177991 0
-0.971992 -0.235016 0
-0.956673 -0.291164 0
-0.938141 -0.346253 0
-0.91647 -0.400104 0
-0.891742 -0.452544 0
-0.864052 -0.503403 0
-0.8335 -0.55252 0
-0.800197 -0.599737 0
-0.764262 -0.644905 0
-0.725822 -0.687882 0
-0.685011 -0.728533 0
-0.64197 -0.76673 0
-0.596846 -0.802356 0
-0.549794 -0.8353 0
-0.500973 -0.865463 0
-0.450548 -0.892752 0
-0.398688 -0.917087 0
-0.345565 -0.938395 0
-0.291358 -0.956614 0
-0.236243 -0.971694 0
-0.180404 -0.983593 0
-0.124024 -0.992279 0
-0.067287 -0.997734 0
-0.0103775 -0.999946 0
0.0528326 -0.998603 0
0.115769 -0.993276 0
0.178181 -0.983998 0
0.239823 -0.970817 0
0.300451 -0.953797 0
0.359829 -0.933018 0
0.417724 -0.908574 0
0.473913 -0.880572 0
0.528179 -0.849133 0
0.580313 -0.814394 0
0.630118 -0.7765 0
0.677404 -0.735611 0
0.721996 -0.691897 0
0.763726 -0.64554 0
0.802442 -0.59673 0
0.838003 -0.545666 0
0.870281 -0.492556 0
0.899163 -0.437614 0
0.924549 -0.381062 0
0.946356 -0.323125 0
0.964513 -0.264035 0
0.978966 -0.204025 0
0.989675 -0.143331 0
0.996616 -0.0821929 0
0.999187 -0.0403195 0
"></Normal>
     </IndexedTriangleSet>
    </Shape>
    <Shape DEF="face65">
     <Appearance><Material DEF="matface65" diffuseColor="1.000000 0.000000 0.000000" shininess="0.9" specularColor="0.2 0.2 0.2" transparency="0"></Material></Appearance>
     <IndexedTriangleSet DEF="setface65" index="
1 55 0 1 56 55 2 56 1 2 57 56 3 57 2 3 58 57 4 58 3 4 59 58 5 59 4 5 60 59 6 60 5 6 61 60 7 61 6 7 62 61 8 62 7 8 63 62 9 63 8 9 64 63 10 65 64 10 64 9 11 66 65 11 65 10 12 66 11 12 67 66 13 68 67 13 67 12 14 69 68 14 68 13 15 70 69 15 69 14 16 71 70 16 70 15 17 72 71 17 71 16 18 72 17 18 73 72 19 73 18 19 74 73 20 74 19 20 75 74 21 75 20 21 76 75 22 76 21 22 77 76 23 77 22 23 78 77 24 78 23 24 79 78 25 79 24 25 80 79 26 80 25 26 81 80 27 81 26 27 82 81 28 82 27 28 83 82 29 83 28 29 84 83 30 84 29 30 85 84 30 86 85 31 86 30 32 86 31 32 87 86 33 87 32 33 88 87 33 89 88 34 89 33 35 89 34 35 90 89 36 90 35 36 91 90 37 91 36 37 92 91 38 92 37 38 93 92 39 93 38 39 94 93 39 95 94 40 95 39 40 96 95 41 96 40 42 96 41 42 97 96 43 97 42 43 98 97 44 98 43 44 99 98 45 99 44 45 100 99 45 101 100 46 101 45 47 102 101 47 101 46 48 103 102 48 102 47 49 104 103 49 103 48 50 105 104 50 104 49 51 106 105 51 105 50 52 107 106 52 106 51 53 54 107 53 107 52 
">
      <Coordinate point="
42.5 87.9904 -6.67466e-16
42.5086 87.6977 -6.67466e-16
42.5363 87.389 -6.67466e-16
42.5798 87.1004 -6.67466e-16
42.64 86.8153 -6.67466e-16
42.7166 86.5346 -6.67466e-16
42.8093 86.2591 -6.67466e-16
42.9177 85.9899 -6.67466e-16
43.0413 85.7277 -6.67466e-16
43.1797 85.4734 -6.67466e-16
43.3325 85.2278 -6.67466e-16
43.499 84.9917 -6.67466e-16
43.6787 84.7659 -6.67466e-16
43.8709 84.551 -6.67466e-16
44.0749 84.3477 -6.67466e-16
44.2902 84.1567 -6.67466e-16
44.5158 83.9786 -6.67466e-16
44.751 83.8139 -6.67466e-16
44.9951 83.6631 -6.67466e-16
45.2473 83.5266 -6.67466e-16
45.5066 83.4049 -6.67466e-16
45.7722 83.2984 -6.67466e-16
46.0432 83.2073 -6.67466e-16
46.3188 83.1319 -6.67466e-16
46.598 83.0724 -6.67466e-16
46.8799 83.029 -6.67466e-16
47.1636 83.0017 -6.67466e-16
47.4481 82.9907 -6.67466e-16
47.7642 82.9974 -6.67466e-16
48.0788 83.024 -6.67466e-16
48.3909 83.0704 -6.67466e-16
48.6991 83.1363 -6.67466e-16
49.0023 83.2214 -6.67466e-16
49.2991 83.3253 -6.67466e-16
49.5886 83.4475 -6.67466e-16
49.8696 83.5875 -6.67466e-16
50.1409 83.7447 -6.67466e-16
50.4016 83.9184 -6.67466e-16
50.6506 84.1079 -6.67466e-16
50.887 84.3123 -6.67466e-16
51.11 84.5309 -6.67466e-16
51.3186 84.7627 -6.67466e-16
51.5122 85.0067 -6.67466e-16
51.69 85.262 -6.67466e-16
51.8514 85.5276 -6.67466e-16
51.9958 85.8023 -6.67466e-16
52.1227 86.0851 -6.67466e-16
52.2318 86.3748 -6.67466e-16
52.3226 86.6702 -6.67466e-16
52.3948 86.9703 -6.67466e-16
52.4484 87.2737 -6.67466e-16
52.4831 87.5794 -6.67466e-16
52.4959 87.7888 -6.67466e-16
52.5 87.9904 0
52.5 87.9904 -3
42.5 87.9904 -3
42.5086 87.6977 -3
42.5363 87.389 -3
42.5798 87.1004 -3
42.64 86.8153 -3
42.7166 86.5346 -3
42.8093 86.2591 -3
42.9177 85.9899 -3
43.0413 85.7277 -3
43.1797 85.4734 -3
43.3325 85.2278 -3
43.499 84.9917 -3
43.6787 84.7659 -3
43.8709 84.551 -3
44.0749 84.3477 -3
44.2902 84.1567 -3
44.5158 83.9786 -3
44.751 83.8139 -3
44.9951 83.6631 -3
45.2473 83.5266 -3
45.5066 83.4049 -3
45.7722 83.2984 -3
46.0432 83.2073 -3
46.3188 83.1319 -3
46.598 83.0724 -3
46.8799 83.029 -3
47.1636 83.0017 -3
47.4481 82.9907 -3
47.7642 82.9974 -3
48.0788 83.024 -3
48.3909 83.0704 -3
48.6991 83.1363 -3
49.0023 83.2214 -3
49.2991 83.3253 -3
49.5886 83.4475 -3
49.8696 83.5875 -3
50.1409 83.7447 -3
50.4016 83.9184 -3
50.6506 84.1079 -3
50.887 84.3123 -3
51.11 84.5309 -3
51.3186 84.7627 -3
51.5122 85.0067 -3
51.69 85.262 -3
51.8514 85.5276 -3
51.9958 85.8023 -3
52.1227 86.0851 -3
52.2318 86.3748 -3
52.3226 86.6702 -3
52.3948 86.9703 -3
52.4484 87.2737 -3
52.4831 87.5794 -3
52.4959 87.7888 -3
"></Coordinate>
      <Normal vector="
1 1.42109e-15 -0
0.998285 0.0585382 -0
0.992741 0.120275 -0
0.984032 0.177991 -0
0.971992 0.235016 -0
0.956673 0.291164 -0
0.938141 0.346253 -0
0.91647 0.400104 -0
0.891742 0.452544 -0
0.864052 0.503403 -0
0.8335 0.55252 -0
0.800197 0.599737 -0
0.764262 0.644905 -0
0.725822 0.687882 -0
0.685011 0.728533 -0
0.64197 0.76673 -0
0.596846 0.802356 -0
0.549794 0.8353 -0
0.500973 0.865463 -0
0.450548 0.892752 -0
0.398688 0.917087 -0
0.345565 0.938395 -0
0.291358 0.956614 -0
0.236243 0.971694 -0
0.180404 0.983593 -0
0.124024 0.992279 -0
0.067287 0.997734 -0
0.0103775 0.999946 -0
-0.0528326 0.998603 0
-0.115769 0.993276 0
-0.178181 0.983998 0
-0.239823 0.970817 0
-0.300451 0.953797 0
-0.359829 0.933018 0
-0.417724 0.908574 0
-0.473913 0.880572 0
-0.528179 0.849133 0
-0.580313 0.814394 0
-0.630118 0.7765 0
-0.677404 0.735611 0
-0.721996 0.691897 0
-0.763726 0.64554 0
-0.802442 0.59673 0
-0.838003 0.545666 0
-0.870281 0.492556 0
-0.899163 0.437614 0
-0.924549 0.381062 0
-0.946356 0.323125 0
-0.964513 0.264035 0
-0.978966 0.204025 0
-0.989675 0.143331 0
-0.996616 0.0821929 0
-0.999187 0.0403195 0
-1 -2.84217e-15 0
-1 -2.84217e-15 0
1 1.42109e-15 -0
0.998285 0.0585382 -0
0.992741 0.120275 -0
0.984032 0.177991 -0
0.971992 0.235016 -0
0.956673 0.291164 -0
0.938141 0.346253 -0
0.91647 0.400104 -0
0.891742 0.452544 -0
0.864052 0.503403 -0
0.8335 0.55252 -0
0.800197 0.599737 -0
0.764262 0.644905 -0
0.725822 0.687882 -0
0.685011 0.728533 -0
0.64197 0.76673 -0
0.596846 0.802356 -0
0.549794 0.8353 -0
0.500973 0.865463 -0
0.450548 0.892752 -0
0.398688 0.917087 -0
0.345565 0.938395 -0
0.291358 0.956614 -0
0.236243 0.971694 -0
0.180404 0.983593 -0
0.124024 0.992279 -0
0.067287 0.997734 -0
0.0103775 0.999946 -0
-0.0528326 0.998603 0
-0.115769 0.993276 0
-0.178181 0.983998 0
-0.239823 0.970817 0
-0.300451 0.953797 0
-0.359829 0.933018 0
-0.417724 0.908574 0
-0.473913 0.880572 0
-0.528179 0.849133 0
-0.580313 0.814394 0
-0.630118 0.7765 0
-0.677404 0.735611 0
-0.721996 0.691897 0
-0.763726 0.64554 0
-0.802442 0.59673 0
-0.838003 0.545666 0
-0.870281 0.492556 0
-0.899163 0.437614 0
-0.924549 0.381062 0
-0.946356 0.323125 0
-0.964513 0.264035 0
-0.978966 0.204025 0
-0.989675 0.143331 0
-0.996616 0.0821929 0
-0.999187 0.0403195 0
"></Normal>
     </IndexedTriangleSet>
    </Shape>
    <Shape DEF="face66">
     <Appearance><Material DEF="matface66" diffuseColor="0.000000 1.000000 0.000000" shininess="0.9" specularColor="0.2 0.2 0.2" transparency="0"></Material></Appearance>
     <IndexedTriangleSet DEF="setface66" index="
50 51 1 52 1 51 49 50 1 53 1 52 48 49 1 54 1 53 47 48 1 55 3 1 55 1 54 46 47 1 56 3 55 57 3 56 45 46 1 4 3 57 44 45 1 5 3 4 6 3 5 7 3 6 8 3 7 9 3 8 10 3 9 11 3 10 12 3 11 13 3 12 14 3 13 15 3 14 16 3 15 0 33 34 0 34 35 0 35 36 0 36 37 0 37 38 0 38 39 0 39 40 0 40 41 0 41 42 0 42 43 0 43 44 0 44 1 2 19 20 2 20 21 2 21 22 2 22 23 2 23 24 2 24 25 2 25 26 2 26 27 2 27 28 2 28 29 2 29 30 2 30 31 2 31 32 2 32 33 2 33 0 2 3 17 17 3 16 2 17 18 2 18 19 
">
      <Coordinate point="
5 25 20
5 125 20
5 25 80
5 125 80
5 80 60
5 79.9637 60.6014
5 79.8551 61.1951
5 79.6788 61.7631
5 79.4379 62.3033
5 79.1365 62.8088
5 78.7795 63.2734
5 78.3725 63.6914
5 77.9214 64.0577
5 77.4328 64.3682
5 76.9136 64.6193
5 76.3708 64.8084
5 75.8118 64.9337
5 75.2441 64.994
5 74.675 64.9894
5 74.0503 64.909
5 73.443 64.7514
5 72.8625 64.5201
5 72.3175 64.2195
5 71.816 63.8552
5 71.3653 63.4335
5 70.9716 62.9617
5 70.64 62.4476
5 70.3749 61.8996
5 70.1792 61.3265
5 70.0547 60.7373
5 70.0128 60.357
5 70 60
5 70.0363 59.3986
5 70.1449 58.8049
5 70.3212 58.2369
5 70.5621 57.6967
5 70.8635 57.1912
5 71.2205 56.7266
5 71.6275 56.3086
5 72.0786 55.9423
5 72.5672 55.6318
5 73.0864 55.3807
5 73.6292 55.1916
5 74.1882 55.0663
5 74.7559 55.006
5 75.325 55.0106
5 75.9497 55.091
5 76.557 55.2486
5 77.1375 55.4799
5 77.6825 55.7805
5 78.184 56.1448
5 78.6347 56.5665
5 79.0284 57.0383
5 79.36 57.5524
5 79.6251 58.1004
5 79.8208 58.6735
5 79.9453 59.2627
5 79.9872 59.643
"></Coordinate>
      <Normal vector="
-1 -0 0
-1 -0 0
-1 -0 0
-1 -0 0
-1 -0 0
-1 -0 0
-1 -0 0
-1 -0 0
-1 -0 0
-1 -0 0
-1 -0 0
-1 -0 0
-1 -0 0
-1 -0 0
-1 -0 0
-1 -0 0
-1 -0 0
-1 -0 0
-1 -0 0
-1 -0 0
-1 -0 0
-1 -0 0
-1 -0 0
-1 -0 0
-1 -0 0
-1 -0 0
-1 -0 0
-1 -0 0
-1 -0 0
-1 -0 0
-1 -0 0
-1 -0 0
-1 -0 0
-1 -0 0
-1 -0 0
-1 -0 0
-1 -0 0
-1 -0 0
-1 -0 0
-1 -0 0
-1 -0 0
-1 -0 0
-1 -0 0
-1 -0 0
-1 -0 0
-1 -0 0
-1 -0 0
-1 -0 0
-1 -0 0
-1 -0 0
-1 -0 0
-1 -0 0
-1 -0 0
-1 -0 0
-1 -0 0
-1 -0 0
-1 -0 0
-1 -0 0
"></Normal>
     </IndexedTriangleSet>
    </Shape>
    <Shape DEF="face67">
     <Appearance><Material DEF="matface67" diffuseColor="0.000000 1.000000 0.000000" shininess="0.9" specularColor="0.2 0.2 0.2" transparency="0"></Material></Appearance>
     <IndexedTriangleSet DEF="setface67" index="
158 159 2 160 2 159 157 158 2 161 2 160 156 157 2 162 2 161 155 156 2 163 2 162 154 155 2 164 2 163 165 2 164 153 154 2 152 153 2 104 105 2 106 2 105 106 0 2 103 165 112 103 104 2 103 2 165 107 0 106 102 103 112 102 112 113 108 0 107 101 113 114 101 102 113 109 0 108 100 114 115 100 101 114 110 0 109 111 0 110 99 115 116 99 100 115 58 0 111 98 116 117 98 99 116 59 0 58 97 117 118 97 98 117 60 0 59 96 118 119 96 97 118 61 0 60 95 96 119 95 119 120 62 0 61 94 95 120 94 120 121 63 0 62 93 121 122 93 94 121 64 0 63 92 122 123 92 93 122 65 0 64 91 123 124 91 92 123 66 0 65 90 124 125 90 91 124 67 0 66 89 90 125 68 0 67 69 0 68 51 127 128 50 128 129 50 51 128 52 126 127 52 127 51 49 129 130 49 50 129 53 125 126 53 89 125 53 126 52 48 130 131 48 49 130 54 89 53 54 88 89 47 131 132 47 48 131 55 88 54 55 87 88 46 132 133 46 47 132 56 87 55 56 86 87 3 152 2 3 140 141 3 141 142 3 142 143 3 143 144 3 144 145 3 145 146 3 146 147 3 147 148 3 148 149 3 149 150 3 150 151 3 151 152 57 86 56 57 85 86 45 46 133 45 133 134 4 85 57 4 84 85 44 45 134 44 134 135 5 84 4 5 83 84 43 135 136 43 44 135 6 83 5 6 82 83 42 136 137 42 43 136 7 82 6 7 81 82 41 42 137 41 137 138 8 81 7 8 80 81 40 41 138 40 138 139 9 80 8 9 79 80 39 40 139 39 140 3 39 139 140 10 79 9 10 78 79 38 39 3 11 78 10 11 77 78 37 38 3 12 77 11 12 76 77 36 37 3 13 76 12 13 75 76 14 75 13 14 74 75 15 74 14 15 73 74 1 19 20 1 20 21 1 21 22 1 22 23 1 23 24 1 24 25 1 25 26 1 26 27 1 27 28 1 28 29 1 29 30 1 30 31 1 31 32 1 32 33 1 33 34 1 34 35 1 35 36 1 36 3 1 0 71 71 0 70 70 0 69 1 71 72 1 72 73 1 73 17 17 73 16 16 73 15 1 17 18 1 18 19 
">
      <Coordinate point="
55 25 20
55 125 20
5 25 20
5 125 20
47.5 82.9904 20
48.1014 83.0267 20
48.6951 83.1353 20
49.2631 83.3115 20
49.8033 83.5525 20
50.3088 83.8539 20
50.7734 84.2109 20
51.1914 84.6179 20
51.5577 85.069 20
51.8682 85.5575 20
52.1193 86.0768 20
52.3084 86.6196 20
52.4337 87.1786 20
52.494 87.7463 20
52.4894 88.3154 20
52.409 88.9401 20
52.2514 89.5474 20
52.0201 90.1279 20
51.7195 90.6729 20
51.3552 91.1744 20
50.9335 91.6251 20
50.4617 92.0188 20
49.9476 92.3503 20
49.3996 92.6155 20
48.8265 92.8112 20
48.2373 92.9357 20
47.857 92.9776 20
47.5 92.9904 20
46.8986 92.9541 20
46.3049 92.8455 20
45.7369 92.6692 20
45.1967 92.4283 20
44.6912 92.1269 20
44.2266 91.7699 20
43.8086 91.3628 20
43.4423 90.9118 20
43.1318 90.4232 20
42.8807 89.904 20
42.6916 89.3612 20
42.5663 88.8022 20
42.506 88.2345 20
42.5106 87.6654 20
42.591 87.0407 20
42.7486 86.4334 20
42.9799 85.8528 20
43.2805 85.3079 20
43.6448 84.8064 20
44.0665 84.3557 20
44.5383 83.9619 20
45.0524 83.6304 20
45.6004 83.3653 20
46.1735 83.1696 20
46.7627 83.045 20
47.143 83.0031 20
47.5 57.0096 20
48.1014 57.0459 20
48.6951 57.1545 20
49.2631 57.3308 20
49.8033 57.5717 20
50.3088 57.8731 20
50.7734 58.2301 20
51.1914 58.6372 20
51.5577 59.0882 20
51.8682 59.5768 20
52.1193 60.096 20
52.3084 60.6388 20
52.4337 61.1978 20
52.494 61.7655 20
52.4894 62.3346 20
52.409 62.9593 20
52.2514 63.5666 20
52.0201 64.1472 20
51.7195 64.6921 20
51.3552 65.1936 20
50.9335 65.6443 20
50.4617 66.0381 20
49.9476 66.3696 20
49.3996 66.6347 20
48.8265 66.8304 20
48.2373 66.955 20
47.857 66.9969 20
47.5 67.0096 20
46.8986 66.9733 20
46.3049 66.8647 20
45.7369 66.6885 20
45.1967 66.4475 20
44.6912 66.1461 20
44.2266 65.7891 20
43.8086 65.3821 20
43.4423 64.931 20
43.1318 64.4425 20
42.8807 63.9232 20
42.6916 63.3804 20
42.5663 62.8214 20
42.506 62.2537 20
42.5106 61.6846 20
42.591 61.0599 20
42.7486 60.4526 20
42.9799 59.8721 20
43.2805 59.3271 20
43.6448 58.8256 20
44.0665 58.3749 20
44.5383 57.9812 20
45.0524 57.6497 20
45.6004 57.3845 20
46.1735 57.1888 20
46.7627 57.0643 20
47.143 57.0224 20
25 70 20
25.6014 70.0363 20
26.1951 70.1449 20
26.7631 70.3212 20
27.3033 70.5621 20
27.8088 70.8635 20
28.2734 71.2205 20
28.6914 71.6275 20
29.0577 72.0786 20
29.3682 72.5672 20
29.6193 73.0864 20
29.8084 73.6292 20
29.9337 74.1882 20
29.994 74.7559 20
29.9894 75.325 20
29.909 75.9497 20
29.7514 76.557 20
29.5201 77.1375 20
29.2195 77.6825 20
28.8552 78.184 20
28.4335 78.6347 20
27.9617 79.0284 20
27.4476 79.36 20
26.8996 79.6251 20
26.3265 79.8208 20
25.7373 79.9453 20
25.357 79.9872 20
25 80 20
24.3986 79.9637 20
23.8049 79.8551 20
23.2369 79.6788 20
22.6967 79.4379 20
22.1912 79.1365 20
21.7266 78.7795 20
21.3086 78.3725 20
20.9423 77.9214 20
20.6318 77.4328 20
20.3807 76.9136 20
20.1916 76.3708 20
20.0663 75.8118 20
20.006 75.2441 20
20.0106 74.675 20
20.091 74.0503 20
20.2486 73.443 20
20.4799 72.8625 20
20.7805 72.3175 20
21.1448 71.816 20
21.5665 71.3653 20
22.0383 70.9716 20
22.5524 70.64 20
23.1004 70.3749 20
23.6735 70.1792 20
24.2627 70.0547 20
24.643 70.0128 20
"></Coordinate>
      <Normal vector="
0 -0 -1
0 -0 -1
0 -0 -1
0 -0 -1
0 -0 -1
0 -0 -1
0 -0 -1
0 -0 -1
0 -0 -1
0 -0 -1
0 -0 -1
0 -0 -1
0 -0 -1
0 -0 -1
0 -0 -1
0 -0 -1
0 -0 -1
0 -0 -1
0 -0 -1
0 -0 -1
0 -0 -1
0 -0 -1
0 -0 -1
0 -0 -1
0 -0 -1
0 -0 -1
0 -0 -1
0 -0 -1
0 -0 -1
0 -0 -1
0 -0 -1
0 -0 -1
0 -0 -1
0 -0 -1
0 -0 -1
0 -0 -1
0 -0 -1
0 -0 -1
0 -0 -1
0 -0 -1
0 -0 -1
0 -0 -1
0 -0 -1
0 -0 -1
0 -0 -1
0 -0 -1
0 -0 -1
0 -0 -1
0 -0 -1
0 -0 -1
0 -0 -1
0 -0 -1
0 -0 -1
0 -0 -1
0 -0 -1
0 -0 -1
0 -0 -1
0 -0 -1
0 -0 -1
0 -0 -1
0 -0 -1
0 -0 -1
0 -0 -1
0 -0 -1
0 -0 -1
0 -0 -1
0 -0 -1
0 -0 -1
0 -0 -1
0 -0 -1
0 -0 -1
0 -0 -1
0 -0 -1
0 -0 -1
0 -0 -1
0 -0 -1
0 -0 -1
0 -0 -1
0 -0 -1
0 -0 -1
0 -0 -1
0 -0 -1
0 -0 -1
0 -0 -1
0 -0 -1
0 -0 -1
0 -0 -1
0 -0 -1
0 -0 -1
0 -0 -1
0 -0 -1
0 -0 -1
0 -0 -1
0 -0 -1
0 -0 -1
0 -0 -1
0 -0 -1
0 -0 -1
0 -0 -1
0 -0 -1
0 -0 -1
0 -0 -1
0 -0 -1
0 -0 -1
0 -0 -1
0 -0 -1
0 -0 -1
0 -0 -1
0 -0 -1
0 -0 -1
0 -0 -1
0 -0 -1
0 -0 -1
0 -0 -1
0 -0 -1
0 -0 -1
0 -0 -1
0 -0 -1
0 -0 -1
0 -0 -1
0 -0 -1
0 -0 -1
0 -0 -1
0 -0 -1
0 -0 -1
0 -0 -1
0 -0 -1
0 -0 -1
0 -0 -1
0 -0 -1
0 -0 -1
0 -0 -1
0 -0 -1
0 -0 -1
0 -0 -1
0 -0 -1
0 -0 -1
0 -0 -1
0 -0 -1
0 -0 -1
0 -0 -1
0 -0 -1
0 -0 -1
0 -0 -1
0 -0 -1
0 -0 -1
0 -0 -1
0 -0 -1
0 -0 -1
0 -0 -1
0 -0 -1
0 -0 -1
0 -0 -1
0 -0 -1
0 -0 -1
0 -0 -1
0 -0 -1
0 -0 -1
0 -0 -1
0 -0 -1
0 -0 -1
0 -0 -1
0 -0 -1
0 -0 -1
0 -0 -1
0 -0 -1
"></Normal>
     </IndexedTriangleSet>
    </Shape>
    <Shape DEF="face68">
     <Appearance><Material DEF="matface68" diffuseColor="0.000000 1.000000 0.000000" shininess="0.9" specularColor="0.2 0.2 0.2" transparency="0"></Material></Appearance>
     <IndexedTriangleSet DEF="setface68" index="
1 0 2 1 2 3 
">
      <Coordinate point="
55 25 30
55 125 30
55 25 20
55 125 20
"></Coordinate>
      <Normal vector="
1 -0 0
1 -0 0
1 -0 0
1 -0 0
"></Normal>
     </IndexedTriangleSet>
    </Shape>
    <Shape DEF="face69">
     <Appearance><Material DEF="matface69" diffuseColor="0.000000 1.000000 0.000000" shininess="0.9" specularColor="0.2 0.2 0.2" transparency="0"></Material></Appearance>
     <IndexedTriangleSet DEF="setface69" index="
158 159 1 160 1 159 157 158 1 161 1 160 156 157 1 162 1 161 155 156 1 163 1 162 154 155 1 164 1 163 165 1 164 153 154 1 152 153 1 50 51 1 52 1 51 49 50 1 49 165 112 49 1 165 53 3 1 53 1 52 48 112 113 48 49 112 54 3 53 47 113 114 47 48 113 55 3 54 46 114 115 46 47 114 56 3 55 57 3 56 45 115 116 45 46 115 4 3 57 44 116 117 44 45 116 5 3 4 43 117 118 43 44 117 6 3 5 42 118 119 42 43 118 7 3 6 41 119 120 41 42 119 8 3 7 40 120 121 40 41 120 9 3 8 39 40 121 39 121 122 10 3 9 38 39 122 38 122 123 11 3 10 37 38 123 37 123 124 12 3 11 36 124 125 36 37 124 13 3 12 35 36 125 14 3 13 15 3 14 105 127 128 104 128 129 104 105 128 106 126 127 106 127 105 103 129 130 103 104 129 107 35 125 107 125 126 107 126 106 102 130 131 102 103 130 108 34 35 108 35 107 101 131 132 101 102 131 109 33 34 109 34 108 100 132 133 100 101 132 110 32 33 110 33 109 111 31 32 111 32 110 99 133 134 99 100 133 58 31 111 58 30 31 98 134 135 98 99 134 59 30 58 59 29 30 97 135 136 97 98 135 60 29 59 60 28 29 96 136 137 96 97 136 61 27 28 61 28 60 95 96 137 95 137 138 62 27 61 62 26 27 94 95 138 94 138 139 63 25 26 63 26 62 93 94 139 64 25 63 64 24 25 65 24 64 65 23 24 66 22 23 66 23 65 67 21 22 67 22 66 68 21 67 68 20 21 69 19 20 69 20 68 0 152 1 0 93 139 0 139 140 0 140 141 0 141 142 0 142 143 0 143 144 0 144 145 0 145 146 0 146 147 0 147 148 0 148 149 0 149 150 0 150 151 0 151 152 0 89 90 0 90 91 0 91 92 0 92 93 2 89 0 2 73 74 2 74 75 2 75 76 2 76 77 2 77 78 2 78 79 2 79 80 2 80 81 2 81 82 2 82 83 2 83 84 2 84 85 2 85 86 2 86 87 2 87 88 2 88 89 2 3 17 17 3 16 16 3 15 2 17 18 2 18 19 2 19 71 71 19 70 70 19 69 2 71 72 2 72 73 
">
      <Coordinate point="
15 25 30
15 125 30
55 25 30
55 125 30
47.5 92.9904 30
48.1014 92.9541 30
48.6951 92.8455 30
49.2631 92.6692 30
49.8033 92.4283 30
50.3088 92.1269 30
50.7734 91.7699 30
51.1914 91.3628 30
51.5577 90.9118 30
51.8682 90.4232 30
52.1193 89.904 30
52.3084 89.3612 30
52.4337 88.8022 30
52.494 88.2345 30
52.4894 87.6654 30
52.409 87.0407 30
52.2514 86.4334 30
52.0201 85.8528 30
51.7195 85.3079 30
51.3552 84.8064 30
50.9335 84.3557 30
50.4617 83.9619 30
49.9476 83.6304 30
49.3996 83.3653 30
48.8265 83.1696 30
48.2373 83.045 30
47.857 83.0031 30
47.5 82.9904 30
46.8986 83.0267 30
46.3049 83.1353 30
45.7369 83.3115 30
45.1967 83.5525 30
44.6912 83.8539 30
44.2266 84.2109 30
43.8086 84.6179 30
43.4423 85.069 30
43.1318 85.5575 30
42.8807 86.0768 30
42.6916 86.6196 30
42.5663 87.1786 30
42.506 87.7463 30
42.5106 88.3154 30
42.591 88.9401 30
42.7486 89.5474 30
42.9799 90.1279 30
43.2805 90.6729 30
43.6448 91.1744 30
44.0665 91.6251 30
44.5383 92.0188 30
45.0524 92.3503 30
45.6004 92.6155 30
46.1735 92.8112 30
46.7627 92.9357 30
47.143 92.9776 30
47.5 67.0096 30
48.1014 66.9733 30
48.6951 66.8647 30
49.2631 66.6885 30
49.8033 66.4475 30
50.3088 66.1461 30
50.7734 65.7891 30
51.1914 65.3821 30
51.5577 64.931 30
51.8682 64.4425 30
52.1193 63.9232 30
52.3084 63.3804 30
52.4337 62.8214 30
52.494 62.2537 30
52.4894 61.6846 30
52.409 61.0599 30
52.2514 60.4526 30
52.0201 59.8721 30
51.7195 59.3271 30
51.3552 58.8256 30
50.9335 58.3749 30
50.4617 57.9812 30
49.9476 57.6497 30
49.3996 57.3845 30
48.8265 57.1888 30
48.2373 57.0643 30
47.857 57.0224 30
47.5 57.0096 30
46.8986 57.0459 30
46.3049 57.1545 30
45.7369 57.3308 30
45.1967 57.5717 30
44.6912 57.8731 30
44.2266 58.2301 30
43.8086 58.6372 30
43.4423 59.0882 30
43.1318 59.5768 30
42.8807 60.096 30
42.6916 60.6388 30
42.5663 61.1978 30
42.506 61.7655 30
42.5106 62.3346 30
42.591 62.9593 30
42.7486 63.5666 30
42.9799 64.1472 30
43.2805 64.6921 30
43.6448 65.1936 30
44.0665 65.6443 30
44.5383 66.0381 30
45.0524 66.3696 30
45.6004 66.6347 30
46.1735 66.8304 30
46.7627 66.955 30
47.143 66.9969 30
25 80 30
25.6014 79.9637 30
26.1951 79.8551 30
26.7631 79.6788 30
27.3033 79.4379 30
27.8088 79.1365 30
28.2734 78.7795 30
28.6914 78.3725 30
29.0577 77.9214 30
29.3682 77.4328 30
29.6193 76.9136 30
29.8084 76.3708 30
29.9337 75.8118 30
29.994 75.2441 30
29.9894 74.675 30
29.909 74.0503 30
29.7514 73.443 30
29.5201 72.8625 30
29.2195 72.3175 30
28.8552 71.816 30
28.4335 71.3653 30
27.9617 70.9716 30
27.4476 70.64 30
26.8996 70.3749 30
26.3265 70.1792 30
25.7373 70.0547 30
25.357 70.0128 30
25 70 30
24.3986 70.0363 30
23.8049 70.1449 30
23.2369 70.3212 30
22.6967 70.5621 30
22.1912 70.8635 30
21.7266 71.2205 30
21.3086 71.6275 30
20.9423 72.0786 30
20.6318 72.5672 30
20.3807 73.0864 30
20.1916 73.6292 30
20.0663 74.1882 30
20.006 74.7559 30
20.0106 75.325 30
20.091 75.9497 30
20.2486 76.557 30
20.4799 77.1375 30
20.7805 77.6825 30
21.1448 78.184 30
21.5665 78.6347 30
22.0383 79.0284 30
22.5524 79.36 30
23.1004 79.6251 30
23.6735 79.8208 30
24.2627 79.9453 30
24.643 79.9872 30
"></Coordinate>
      <Normal vector="
-0 -0 1
-0 -0 1
-0 -0 1
-0 -0 1
-0 -0 1
-0 -0 1
-0 -0 1
-0 -0 1
-0 -0 1
-0 -0 1
-0 -0 1
-0 -0 1
-0 -0 1
-0 -0 1
-0 -0 1
-0 -0 1
-0 -0 1
-0 -0 1
-0 -0 1
-0 -0 1
-0 -0 1
-0 -0 1
-0 -0 1
-0 -0 1
-0 -0 1
-0 -0 1
-0 -0 1
-0 -0 1
-0 -0 1
-0 -0 1
-0 -0 1
-0 -0 1
-0 -0 1
-0 -0 1
-0 -0 1
-0 -0 1
-0 -0 1
-0 -0 1
-0 -0 1
-0 -0 1
-0 -0 1
-0 -0 1
-0 -0 1
-0 -0 1
-0 -0 1
-0 -0 1
-0 -0 1
-0 -0 1
-0 -0 1
-0 -0 1
-0 -0 1
-0 -0 1
-0 -0 1
-0 -0 1
-0 -0 1
-0 -0 1
-0 -0 1
-0 -0 1
-0 -0 1
-0 -0 1
-0 -0 1
-0 -0 1
-0 -0 1
-0 -0 1
-0 -0 1
-0 -0 1
-0 -0 1
-0 -0 1
-0 -0 1
-0 -0 1
-0 -0 1
-0 -0 1
-0 -0 1
-0 -0 1
-0 -0 1
-0 -0 1
-0 -0 1
-0 -0 1
-0 -0 1
-0 -0 1
-0 -0 1
-0 -0 1
-0 -0 1
-0 -0 1
-0 -0 1
-0 -0 1
-0 -0 1
-0 -0 1
-0 -0 1
-0 -0 1
-0 -0 1
-0 -0 1
-0 -0 1
-0 -0 1
-0 -0 1
-0 -0 1
-0 -0 1
-0 -0 1
-0 -0 1
-0 -0 1
-0 -0 1
-0 -0 1
-0 -0 1
-0 -0 1
-0 -0 1
-0 -0 1
-0 -0 1
-0 -0 1
-0 -0 1
-0 -0 1
-0 -0 1
-0 -0 1
-0 -0 1
-0 -0 1
-0 -0 1
-0 -0 1
-0 -0 1
-0 -0 1
-0 -0 1
-0 -0 1
-0 -0 1
-0 -0 1
-0 -0 1
-0 -0 1
-0 -0 1
-0 -0 1
-0 -0 1
-0 -0 1
-0 -0 1
-0 -0 1
-0 -0 1
-0 -0 1
-0 -0 1
-0 -0 1
-0 -0 1
-0 -0 1
-0 -0 1
-0 -0 1
-0 -0 1
-0 -0 1
-0 -0 1
-0 -0 1
-0 -0 1
-0 -0 1
-0 -0 1
-0 -0 1
-0 -0 1
-0 -0 1
-0 -0 1
-0 -0 1
-0 -0 1
-0 -0 1
-0 -0 1
-0 -0 1
-0 -0 1
-0 -0 1
-0 -0 1
-0 -0 1
-0 -0 1
-0 -0 1
-0 -0 1
-0 -0 1
-0 -0 1
-0 -0 1
-0 -0 1
-0 -0 1
"></Normal>
     </IndexedTriangleSet>
    </Shape>
    <Shape DEF="face70">
     <Appearance><Material DEF="matface70" diffuseColor="0.000000 1.000000 0.000000" shininess="0.9" specularColor="0.2 0.2 0.2" transparency="0"></Material></Appearance>
     <IndexedTriangleSet DEF="setface70" index="
50 51 2 52 2 51 49 50 2 53 2 52 48 49 2 54 2 53 47 48 2 55 2 54 46 47 2 56 0 2 56 2 55 57 0 56 45 46 2 4 0 57 44 45 2 5 0 4 6 0 5 7 0 6 8 0 7 9 0 8 10 0 9 11 0 10 12 0 11 13 0 12 14 0 13 15 0 14 16 0 15 3 32 33 3 33 34 3 34 35 3 35 36 3 36 37 3 37 38 3 38 39 3 39 40 3 40 41 3 41 42 3 42 43 3 43 44 3 44 2 1 19 20 1 20 21 1 21 22 1 22 23 1 23 24 1 24 25 1 25 26 1 32 3 1 26 27 1 27 28 1 28 29 1 29 30 1 30 31 1 31 32 1 0 17 17 0 16 1 17 18 1 18 19 
">
      <Coordinate point="
15 25 80
15 125 80
15 25 30
15 125 30
15 70 60
15 70.0363 60.6014
15 70.1449 61.1951
15 70.3212 61.7631
15 70.5621 62.3033
15 70.8635 62.8088
15 71.2205 63.2734
15 71.6275 63.6914
15 72.0786 64.0577
15 72.5672 64.3682
15 73.0864 64.6193
15 73.6292 64.8084
15 74.1882 64.9337
15 74.7559 64.994
15 75.325 64.9894
15 75.9497 64.909
15 76.557 64.7514
15 77.1375 64.5201
15 77.6825 64.2195
15 78.184 63.8552
15 78.6347 63.4335
15 79.0284 62.9617
15 79.36 62.4476
15 79.6251 61.8996
15 79.8208 61.3265
15 79.9453 60.7373
15 79.9872 60.357
15 80 60
15 79.9637 59.3986
15 79.8551 58.8049
15 79.6788 58.2369
15 79.4379 57.6967
15 79.1365 57.1912
15 78.7795 56.7266
15 78.3725 56.3086
15 77.9214 55.9423
15 77.4328 55.6318
15 76.9136 55.3807
15 76.3708 55.1916
15 75.8118 55.0663
15 75.2441 55.006
15 74.675 55.0106
15 74.0503 55.091
15 73.443 55.2486
15 72.8625 55.4799
15 72.3175 55.7805
15 71.816 56.1448
15 71.3653 56.5665
15 70.9716 57.0383
15 70.64 57.5524
15 70.3749 58.1004
15 70.1792 58.6735
15 70.0547 59.2627
15 70.0128 59.643
"></Coordinate>
      <Normal vector="
1 -0 0
1 -0 0
1 -0 0
1 -0 0
1 -0 0
1 -0 0
1 -0 0
1 -0 0
1 -0 0
1 -0 0
1 -0 0
1 -0 0
1 -0 0
1 -0 0
1 -0 0
1 -0 0
1 -0 0
1 -0 0
1 -0 0
1 -0 0
1 -0 0
1 -0 0
1 -0 0
1 -0 0
1 -0 0
1 -0 0
1 -0 0
1 -0 0
1 -0 0
1 -0 0
1 -0 0
1 -0 0
1 -0 0
1 -0 0
1 -0 0
1 -0 0
1 -0 0
1 -0 0
1 -0 0
1 -0 0
1 -0 0
1 -0 0
1 -0 0
1 -0 0
1 -0 0
1 -0 0
1 -0 0
1 -0 0
1 -0 0
1 -0 0
1 -0 0
1 -0 0
1 -0 0
1 -0 0
1 -0 0
1 -0 0
1 -0 0
1 -0 0
"></Normal>
     </IndexedTriangleSet>
    </Shape>
    <Shape DEF="face71">
     <Appearance><Material DEF="matface71" diffuseColor="0.000000 1.000000 0.000000" shininess="0.9" specularColor="0.2 0.2 0.2" transparency="0"></Material></Appearance>
     <IndexedTriangleSet DEF="setface71" index="
0 2 3 0 3 1 
">
      <Coordinate point="
15 25 80
5 25 80
15 125 80
5 125 80
"></Coordinate>
      <Normal vector="
-0 -0 1
-0 -0 1
-0 -0 1
-0 -0 1
"></Normal>
     </IndexedTriangleSet>
    </Shape>
    <Shape DEF="face72">
     <Appearance><Material DEF="matface72" diffuseColor="0.000000 1.000000 0.000000" shininess="0.9" specularColor="0.2 0.2 0.2" transparency="0"></Material></Appearance>
     <IndexedTriangleSet DEF="setface72" index="
2 4 1 0 1 4 3 4 2 5 0 4 
">
      <Coordinate point="
5 25 80
5 25 20
55 25 20
55 25 30
15 25 30
15 25 80
"></Coordinate>
      <Normal vector="
0 -1 0
0 -1 0
0 -1 0
0 -1 0
0 -1 0
0 -1 0
"></Normal>
     </IndexedTriangleSet>
    </Shape>
    <Shape DEF="face73">
     <Appearance><Material DEF="matface73" diffuseColor="0.000000 1.000000 0.000000" shininess="0.9" specularColor="0.2 0.2 0.2" transparency="0"></Material></Appearance>
     <IndexedTriangleSet DEF="setface73" index="
3 4 5 3 5 1 0 2 3 0 3 1 
">
      <Coordinate point="
5 125 80
5 125 20
15 125 80
15 125 30
55 125 30
55 125 20
"></Coordinate>
      <Normal vector="
0 1 -0
0 1 -0
0 1 -0
0 1 -0
0 1 -0
0 1 -0
"></Normal>
     </IndexedTriangleSet>
    </Shape>
    <Shape DEF="face74">
     <Appearance><Material DEF="matface74" diffuseColor="0.000000 1.000000 0.000000" shininess="0.9" specularColor="0.2 0.2 0.2" transparency="0"></Material></Appearance>
     <IndexedTriangleSet DEF="setface74" index="
107 1 0 107 0 54 106 2 1 106 1 107 105 3 2 105 2 106 104 4 3 104 3 105 103 5 4 103 4 104 102 6 5 102 5 103 101 7 6 101 6 102 100 8 7 100 7 101 99 9 8 99 8 100 98 9 99 98 10 9 97 11 10 97 10 98 96 12 11 96 13 12 96 11 97 95 14 13 95 13 96 94 15 14 94 14 95 93 16 15 93 15 94 92 17 16 92 16 93 91 17 92 91 18 17 90 19 18 90 18 91 89 19 90 89 20 19 88 21 20 88 20 89 87 22 21 87 21 88 86 23 22 86 22 87 85 24 23 85 25 24 85 23 86 84 26 25 84 25 85 83 27 26 83 26 84 82 28 27 82 27 83 81 29 28 81 28 82 80 30 29 80 29 81 79 30 80 78 31 30 78 30 79 77 32 31 77 31 78 76 33 32 76 32 77 75 34 33 75 33 76 74 35 34 74 34 75 73 36 35 73 35 74 72 37 36 72 36 73 71 38 37 71 37 72 70 39 38 70 38 71 69 40 39 69 39 70 68 41 40 68 40 69 67 41 68 66 42 41 66 41 67 65 42 66 65 43 42 64 44 43 64 43 65 63 44 64 63 45 44 62 46 45 62 45 63 61 46 62 61 47 46 60 48 47 60 47 61 59 48 60 59 49 48 58 50 49 58 49 59 57 50 58 57 51 50 56 52 51 56 51 57 55 52 56 55 53 52 
">
      <Coordinate point="
15 80 60
15 79.9914 59.7073
15 79.9637 59.3986
15 79.9202 59.11
15 79.86 58.8249
15 79.7834 58.5442
15 79.6907 58.2687
15 79.5823 57.9995
15 79.4587 57.7373
15 79.3203 57.483
15 79.1675 57.2374
15 79.001 57.0013
15 78.8213 56.7755
15 78.6291 56.5606
15 78.4251 56.3573
15 78.2098 56.1663
15 77.9842 55.9882
15 77.749 55.8235
15 77.5049 55.6727
15 77.2527 55.5362
15 76.9934 55.4146
15 76.7278 55.308
15 76.4568 55.2169
15 76.1812 55.1415
15 75.902 55.082
15 75.6201 55.0386
15 75.3364 55.0113
15 75.0519 55.0003
15 74.7358 55.007
15 74.4212 55.0336
15 74.1091 55.08
15 73.8009 55.1459
15 73.4977 55.231
15 73.2009 55.3349
15 72.9114 55.4571
15 72.6304 55.5971
15 72.3591 55.7543
15 72.0984 55.928
15 71.8494 56.1175
15 71.613 56.3219
15 71.39 56.5405
15 71.1814 56.7723
15 70.9878 57.0163
15 70.81 57.2717
15 70.6486 57.5372
15 70.5042 57.8119
15 70.3773 58.0947
15 70.2682 58.3844
15 70.1774 58.6798
15 70.1052 58.9799
15 70.0516 59.2833
15 70.0169 59.589
15 70.0041 59.7984
15 70 60
5 80 60
5 70 60
5 70.0086 59.7073
5 70.0363 59.3986
5 70.0798 59.11
5 70.14 58.8249
5 70.2166 58.5442
5 70.3093 58.2687
5 70.4177 57.9995
5 70.5413 57.7373
5 70.6797 57.483
5 70.8325 57.2374
5 70.999 57.0013
5 71.1787 56.7755
5 71.3709 56.5606
5 71.5749 56.3573
5 71.7902 56.1663
5 72.0158 55.9882
5 72.251 55.8235
5 72.4951 55.6727
5 72.7473 55.5362
5 73.0066 55.4146
5 73.2722 55.308
5 73.5432 55.2169
5 73.8188 55.1415
5 74.098 55.082
5 74.3799 55.0386
5 74.6636 55.0113
5 74.9481 55.0003
5 75.2642 55.007
5 75.5788 55.0336
5 75.8909 55.08
5 76.1991 55.1459
5 76.5023 55.231
5 76.7991 55.3349
5 77.0886 55.4571
5 77.3696 55.5971
5 77.6409 55.7543
5 77.9016 55.928
5 78.1506 56.1175
5 78.387 56.3219
5 78.61 56.5405
5 78.8186 56.7723
5 79.0122 57.0163
5 79.19 57.2717
5 79.3514 57.5372
5 79.4958 57.8119
5 79.6227 58.0947
5 79.7318 58.3844
5 79.8226 58.6798
5 79.8948 58.9799
5 79.9484 59.2833
5 79.9831 59.589
5 79.9959 59.7984
"></Coordinate>
      <Normal vector="
-0 -1 -5.68434e-15
0 -0.998285 0.0585382
0 -0.992741 0.120275
0 -0.984032 0.177991
0 -0.971992 0.235016
0 -0.956673 0.291164
0 -0.938141 0.346253
0 -0.91647 0.400104
0 -0.891742 0.452544
0 -0.864052 0.503403
0 -0.8335 0.55252
0 -0.800197 0.599737
0 -0.764262 0.644905
0 -0.725822 0.687882
0 -0.685011 0.728533
0 -0.64197 0.76673
0 -0.596846 0.802356
0 -0.549794 0.8353
0 -0.500973 0.865463
0 -0.450548 0.892752
0 -0.398688 0.917087
0 -0.345565 0.938395
0 -0.291358 0.956614
0 -0.236243 0.971694
0 -0.180404 0.983593
0 -0.124024 0.992279
0 -0.067287 0.997734
0 -0.0103775 0.999946
0 0.0528326 0.998603
0 0.115769 0.993276
0 0.178181 0.983998
0 0.239823 0.970817
0 0.300451 0.953797
0 0.359829 0.933018
0 0.417724 0.908574
0 0.473913 0.880572
0 0.528179 0.849133
0 0.580313 0.814394
0 0.630118 0.7765
0 0.677404 0.735611
0 0.721996 0.691897
0 0.763726 0.64554
0 0.802442 0.59673
0 0.838003 0.545666
0 0.870281 0.492556
0 0.899163 0.437614
0 0.924549 0.381062
0 0.946356 0.323125
0 0.964513 0.264035
0 0.978966 0.204025
0 0.989675 0.143331
0 0.996616 0.0821929
0 0.999187 0.0403195
0 1 0
-0 -1 -0
0 1 -0
0 0.998285 0.0585382
0 0.992741 0.120275
0 0.984032 0.177991
0 0.971992 0.235016
0 0.956673 0.291164
0 0.938141 0.346253
0 0.91647 0.400104
0 0.891742 0.452544
0 0.864052 0.503403
0 0.8335 0.55252
0 0.800197 0.599737
0 0.764262 0.644905
0 0.725822 0.687882
0 0.685011 0.728533
0 0.64197 0.76673
0 0.596846 0.802356
0 0.549794 0.8353
0 0.500973 0.865463
0 0.450548 0.892752
0 0.398688 0.917087
0 0.345565 0.938395
0 0.291358 0.956614
0 0.236243 0.971694
0 0.180404 0.983593
0 0.124024 0.992279
0 0.067287 0.997734
0 0.0103775 0.999946
0 -0.0528326 0.998603
0 -0.115769 0.993276
0 -0.178181 0.983998
0 -0.239823 0.970817
0 -0.300451 0.953797
0 -0.359829 0.933018
0 -0.417724 0.908574
0 -0.473913 0.880572
0 -0.528179 0.849133
0 -0.580313 0.814394
0 -0.630118 0.7765
0 -0.677404 0.735611
0 -0.721996 0.691897
0 -0.763726 0.64554
0 -0.802442 0.59673
0 -0.838003 0.545666
0 -0.870281 0.492556
0 -0.899163 0.437614
0 -0.924549 0.381062
0 -0.946356 0.323125
0 -0.964513 0.264035
0 -0.978966 0.204025
0 -0.989675 0.143331
0 -0.996616 0.0821929
0 -0.999187 0.0403195
"></Normal>
     </IndexedTriangleSet>
    </Shape>
    <Shape DEF="face75">
     <Appearance><Material DEF="matface75" diffuseColor="0.000000 1.000000 0.000000" shininess="0.9" specularColor="0.2 0.2 0.2" transparency="0"></Material></Appearance>
     <IndexedTriangleSet DEF="setface75" index="
107 1 0 107 0 54 106 2 1 106 1 107 105 3 2 105 2 106 104 4 3 104 3 105 103 5 4 103 4 104 102 6 5 102 5 103 101 7 6 101 6 102 100 8 7 100 7 101 99 9 8 99 8 100 98 9 99 98 10 9 97 11 10 97 10 98 96 12 11 96 13 12 96 11 97 95 14 13 95 13 96 94 15 14 94 14 95 93 16 15 93 15 94 92 17 16 92 16 93 91 17 92 91 18 17 90 19 18 90 18 91 89 19 90 89 20 19 88 21 20 88 20 89 87 22 21 87 21 88 86 23 22 86 22 87 85 24 23 85 25 24 85 23 86 84 26 25 84 25 85 83 27 26 83 26 84 82 28 27 82 27 83 81 29 28 81 28 82 80 30 29 80 29 81 79 30 80 78 31 30 78 30 79 77 32 31 77 31 78 76 33 32 76 32 77 75 34 33 75 33 76 74 35 34 74 34 75 73 36 35 73 35 74 72 37 36 72 36 73 71 38 37 71 37 72 70 39 38 70 38 71 69 40 39 69 39 70 68 41 40 68 40 69 67 41 68 66 41 67 66 42 41 65 43 42 65 42 66 64 43 65 64 44 43 63 45 44 63 44 64 62 45 63 62 46 45 61 47 46 61 46 62 60 47 61 60 48 47 59 49 48 59 48 60 58 49 59 58 50 49 57 51 50 57 50 58 56 51 57 56 52 51 55 52 56 55 53 52 
">
      <Coordinate point="
25 70 30
24.7073 70.0086 30
24.3986 70.0363 30
24.11 70.0798 30
23.8249 70.14 30
23.5442 70.2166 30
23.2687 70.3093 30
22.9995 70.4177 30
22.7373 70.5413 30
22.483 70.6797 30
22.2374 70.8325 30
22.0013 70.999 30
21.7755 71.1787 30
21.5606 71.3709 30
21.3573 71.5749 30
21.1663 71.7902 30
20.9882 72.0158 30
20.8235 72.251 30
20.6727 72.4951 30
20.5362 72.7473 30
20.4146 73.0066 30
20.308 73.2722 30
20.2169 73.5432 30
20.1415 73.8188 30
20.082 74.098 30
20.0386 74.3799 30
20.0113 74.6636 30
20.0003 74.9481 30
20.007 75.2642 30
20.0336 75.5788 30
20.08 75.8909 30
20.1459 76.1991 30
20.231 76.5023 30
20.3349 76.7991 30
20.4571 77.0886 30
20.5971 77.3696 30
20.7543 77.6409 30
20.928 77.9016 30
21.1175 78.1506 30
21.3219 78.387 30
21.5405 78.61 30
21.7723 78.8186 30
22.0163 79.0122 30
22.2717 79.19 30
22.5372 79.3514 30
22.8119 79.4958 30
23.0947 79.6227 30
23.3844 79.7318 30
23.6798 79.8226 30
23.9799 79.8948 30
24.2833 79.9484 30
24.589 79.9831 30
24.7984 79.9959 30
25 80 30
25 70 20
25 80 20
24.7073 79.9914 20
24.3986 79.9637 20
24.11 79.9202 20
23.8249 79.86 20
23.5442 79.7834 20
23.2687 79.6907 20
22.9995 79.5823 20
22.7373 79.4587 20
22.483 79.3203 20
22.2374 79.1675 20
22.0013 79.001 20
21.7755 78.8213 20
21.5606 78.6291 20
21.3573 78.4251 20
21.1663 78.2098 20
20.9882 77.9842 20
20.8235 77.749 20
20.6727 77.5049 20
20.5362 77.2527 20
20.4146 76.9934 20
20.308 76.7278 20
20.2169 76.4568 20
20.1415 76.1812 20
20.082 75.902 20
20.0386 75.6201 20
20.0113 75.3364 20
20.0003 75.0519 20
20.007 74.7358 20
20.0336 74.4212 20
20.08 74.1091 20
20.1459 73.8009 20
20.231 73.4977 20
20.3349 73.2009 20
20.4571 72.9114 20
20.5971 72.6304 20
20.7543 72.3591 20
20.928 72.0984 20
21.1175 71.8494 20
21.3219 71.613 20
21.5405 71.39 20
21.7723 71.1814 20
22.0163 70.9878 20
22.2717 70.81 20
22.5372 70.6486 20
22.8119 70.5042 20
23.0947 70.3773 20
23.3844 70.2682 20
23.6798 70.1774 20
23.9799 70.1052 20
24.2833 70.0516 20
24.589 70.0169 20
24.7984 70.0041 20
"></Coordinate>
      <Normal vector="
2.84217e-15 1 0
0.0585382 0.998285 0
0.120275 0.992741 0
0.177991 0.984032 0
0.235016 0.971992 0
0.291164 0.956673 0
0.346253 0.938141 0
0.400104 0.91647 0
0.452544 0.891742 0
0.503403 0.864052 0
0.55252 0.8335 0
0.599737 0.800197 0
0.644905 0.764262 0
0.687882 0.725822 0
0.728533 0.685011 0
0.76673 0.64197 0
0.802356 0.596846 0
0.8353 0.549794 0
0.865463 0.500973 0
0.892752 0.450548 0
0.917087 0.398688 0
0.938395 0.345565 0
0.956614 0.291358 0
0.971694 0.236243 0
0.983593 0.180404 0
0.992279 0.124024 0
0.997734 0.067287 0
0.999946 0.0103775 0
0.998603 -0.0528326 0
0.993276 -0.115769 0
0.983998 -0.178181 0
0.970817 -0.239823 0
0.953797 -0.300451 0
0.933018 -0.359829 0
0.908574 -0.417724 0
0.880572 -0.473913 0
0.849133 -0.528179 0
0.814394 -0.580313 0
0.7765 -0.630118 0
0.735611 -0.677404 0
0.691897 -0.721996 0
0.64554 -0.763726 0
0.59673 -0.802442 0
0.545666 -0.838003 0
0.492556 -0.870281 0
0.437614 -0.899163 0
0.381062 -0.924549 0
0.323125 -0.946356 0
0.264035 -0.964513 0
0.204025 -0.978966 0
0.143331 -0.989675 0
0.0821929 -0.996616 0
0.0403195 -0.999187 0
2.84217e-15 -1 0
2.84217e-15 1 0
-2.84217e-15 -1 -0
0.0585382 -0.998285 0
0.120275 -0.992741 0
0.177991 -0.984032 0
0.235016 -0.971992 0
0.291164 -0.956673 0
0.346253 -0.938141 0
0.400104 -0.91647 0
0.452544 -0.891742 0
0.503403 -0.864052 0
0.55252 -0.8335 0
0.599737 -0.800197 0
0.644905 -0.764262 0
0.687882 -0.725822 0
0.728533 -0.685011 0
0.76673 -0.64197 0
0.802356 -0.596846 0
0.8353 -0.549794 0
0.865463 -0.500973 0
0.892752 -0.450548 0
0.917087 -0.398688 0
0.938395 -0.345565 0
0.956614 -0.291358 0
0.971694 -0.236243 0
0.983593 -0.180404 0
0.992279 -0.124024 0
0.997734 -0.067287 0
0.999946 -0.0103775 0
0.998603 0.0528326 0
0.993276 0.115769 0
0.983998 0.178181 0
0.970817 0.239823 0
0.953797 0.300451 0
0.933018 0.359829 0
0.908574 0.417724 0
0.880572 0.473913 0
0.849133 0.528179 0
0.814394 0.580313 0
0.7765 0.630118 0
0.735611 0.677404 0
0.691897 0.721996 0
0.64554 0.763726 0
0.59673 0.802442 0
0.545666 0.838003 0
0.492556 0.870281 0
0.437614 0.899163 0
0.381062 0.924549 0
0.323125 0.946356 0
0.264035 0.964513 0
0.204025 0.978966 0
0.143331 0.989675 0
0.0821929 0.996616 0
0.0403195 0.999187 0
"></Normal>
     </IndexedTriangleSet>
    </Shape>
    <Shape DEF="face76">
     <Appearance><Material DEF="matface76" diffuseColor="0.000000 1.000000 0.000000" shininess="0.9" specularColor="0.2 0.2 0.2" transparency="0"></Material></Appearance>
     <IndexedTriangleSet DEF="setface76" index="
107 1 0 107 0 54 106 2 1 106 1 107 105 3 2 105 2 106 104 4 3 104 3 105 103 5 4 103 4 104 102 6 5 102 5 103 101 7 6 101 6 102 100 8 7 100 7 101 99 9 8 99 8 100 98 9 99 98 10 9 97 11 10 97 10 98 96 12 11 96 13 12 96 11 97 95 14 13 95 13 96 94 15 14 94 14 95 93 16 15 93 15 94 92 17 16 92 16 93 91 17 92 91 18 17 90 19 18 90 18 91 89 19 90 89 20 19 88 21 20 88 20 89 87 22 21 87 21 88 86 23 22 86 22 87 85 24 23 85 25 24 85 23 86 84 26 25 84 25 85 83 27 26 83 26 84 82 28 27 82 27 83 81 29 28 81 28 82 80 30 29 80 29 81 79 30 80 78 31 30 78 30 79 77 32 31 77 31 78 76 33 32 76 32 77 75 34 33 75 33 76 74 35 34 74 34 75 73 36 35 73 35 74 72 37 36 72 36 73 71 38 37 71 37 72 70 39 38 70 38 71 69 40 39 69 39 70 68 41 40 68 40 69 67 41 68 66 41 67 66 42 41 65 43 42 65 42 66 64 43 65 64 44 43 63 45 44 63 44 64 62 45 63 62 46 45 61 47 46 61 46 62 60 47 61 60 48 47 59 49 48 59 48 60 58 49 59 58 50 49 57 51 50 57 50 58 56 51 57 56 52 51 55 52 56 55 53 52 
">
      <Coordinate point="
47.5 57.0096 30
47.2073 57.0182 30
46.8986 57.0459 30
46.61 57.0895 30
46.3249 57.1497 30
46.0442 57.2263 30
45.7687 57.3189 30
45.4995 57.4273 30
45.2373 57.5509 30
44.983 57.6894 30
44.7374 57.8421 30
44.5013 58.0086 30
44.2755 58.1883 30
44.0606 58.3805 30
43.8573 58.5846 30
43.6663 58.7998 30
43.4882 59.0254 30
43.3235 59.2606 30
43.1727 59.5048 30
43.0362 59.7569 30
42.9146 60.0162 30
42.808 60.2818 30
42.7169 60.5528 30
42.6415 60.8284 30
42.582 61.1076 30
42.5386 61.3895 30
42.5113 61.6732 30
42.5003 61.9577 30
42.507 62.2738 30
42.5336 62.5885 30
42.58 62.9005 30
42.6459 63.2087 30
42.731 63.5119 30
42.8349 63.8088 30
42.9571 64.0982 30
43.0971 64.3792 30
43.2543 64.6505 30
43.428 64.9112 30
43.6175 65.1602 30
43.8219 65.3966 30
44.0405 65.6196 30
44.2723 65.8282 30
44.5163 66.0218 30
44.7717 66.1996 30
45.0372 66.361 30
45.3119 66.5054 30
45.5947 66.6324 30
45.8844 66.7414 30
46.1798 66.8322 30
46.4799 66.9044 30
46.7833 66.958 30
47.089 66.9927 30
47.2984 67.0056 30
47.5 67.0096 30
47.5 57.0096 20
47.5 67.0096 20
47.2073 67.001 20
46.8986 66.9733 20
46.61 66.9298 20
46.3249 66.8696 20
46.0442 66.793 20
45.7687 66.7003 20
45.4995 66.592 20
45.2373 66.4683 20
44.983 66.3299 20
44.7374 66.1771 20
44.5013 66.0106 20
44.2755 65.8309 20
44.0606 65.6387 20
43.8573 65.4347 20
43.6663 65.2195 20
43.4882 64.9938 20
43.3235 64.7586 20
43.1727 64.5145 20
43.0362 64.2624 20
42.9146 64.0031 20
42.808 63.7374 20
42.7169 63.4664 20
42.6415 63.1908 20
42.582 62.9116 20
42.5386 62.6297 20
42.5113 62.3461 20
42.5003 62.0615 20
42.507 61.7455 20
42.5336 61.4308 20
42.58 61.1187 20
42.6459 60.8105 20
42.731 60.5074 20
42.8349 60.2105 20
42.9571 59.921 20
43.0971 59.6401 20
43.2543 59.3687 20
43.428 59.1081 20
43.6175 58.859 20
43.8219 58.6226 20
44.0405 58.3996 20
44.2723 58.191 20
44.5163 57.9974 20
44.7717 57.8196 20
45.0372 57.6582 20
45.3119 57.5138 20
45.5947 57.3869 20
45.8844 57.2778 20
46.1798 57.1871 20
46.4799 57.1148 20
46.7833 57.0612 20
47.089 57.0265 20
47.2984 57.0137 20
"></Coordinate>
      <Normal vector="
1.42109e-15 1 0
0.0585382 0.998285 0
0.120275 0.992741 0
0.177991 0.984032 0
0.235016 0.971992 0
0.291164 0.956673 0
0.346253 0.938141 0
0.400104 0.91647 0
0.452544 0.891742 0
0.503403 0.864052 0
0.55252 0.8335 0
0.599737 0.800197 0
0.644905 0.764262 0
0.687882 0.725822 0
0.728533 0.685011 0
0.76673 0.64197 0
0.802356 0.596846 0
0.8353 0.549794 0
0.865463 0.500973 0
0.892752 0.450548 0
0.917087 0.398688 0
0.938395 0.345565 0
0.956614 0.291358 0
0.971694 0.236243 0
0.983593 0.180404 0
0.992279 0.124024 0
0.997734 0.067287 0
0.999946 0.0103775 0
0.998603 -0.0528326 0
0.993276 -0.115769 0
0.983998 -0.178181 0
0.970817 -0.239823 0
0.953797 -0.300451 0
0.933018 -0.359829 0
0.908574 -0.417724 0
0.880572 -0.473913 0
0.849133 -0.528179 0
0.814394 -0.580313 0
0.7765 -0.630118 0
0.735611 -0.677404 0
0.691897 -0.721996 0
0.64554 -0.763726 0
0.59673 -0.802442 0
0.545666 -0.838003 0
0.492556 -0.870281 0
0.437614 -0.899163 0
0.381062 -0.924549 0
0.323125 -0.946356 0
0.264035 -0.964513 0
0.204025 -0.978966 0
0.143331 -0.989675 0
0.0821929 -0.996616 0
0.0403195 -0.999187 0
0 -1 0
7.10543e-15 1 0
0 -1 0
0.0585382 -0.998285 0
0.120275 -0.992741 0
0.177991 -0.984032 0
0.235016 -0.971992 0
0.291164 -0.956673 0
0.346253 -0.938141 0
0.400104 -0.91647 0
0.452544 -0.891742 0
0.503403 -0.864052 0
0.55252 -0.8335 0
0.599737 -0.800197 0
0.644905 -0.764262 0
0.687882 -0.725822 0
0.728533 -0.685011 0
0.76673 -0.64197 0
0.802356 -0.596846 0
0.8353 -0.549794 0
0.865463 -0.500973 0
0.892752 -0.450548 0
0.917087 -0.398688 0
0.938395 -0.345565 0
0.956614 -0.291358 0
0.971694 -0.236243 0
0.983593 -0.180404 0
0.992279 -0.124024 0
0.997734 -0.067287 0
0.999946 -0.0103775 0
0.998603 0.0528326 0
0.993276 0.115769 0
0.983998 0.178181 0
0.970817 0.239823 0
0.953797 0.300451 0
0.933018 0.359829 0
0.908574 0.417724 0
0.880572 0.473913 0
0.849133 0.528179 0
0.814394 0.580313 0
0.7765 0.630118 0
0.735611 0.677404 0
0.691897 0.721996 0
0.64554 0.763726 0
0.59673 0.802442 0
0.545666 0.838003 0
0.492556 0.870281 0
0.437614 0.899163 0
0.381062 0.924549 0
0.323125 0.946356 0
0.264035 0.964513 0
0.204025 0.978966 0
0.143331 0.989675 0
0.0821929 0.996616 0
0.0403195 0.999187 0
"></Normal>
     </IndexedTriangleSet>
    </Shape>
    <Shape DEF="face77">
     <Appearance><Material DEF="matface77" diffuseColor="0.000000 1.000000 0.000000" shininess="0.9" specularColor="0.2 0.2 0.2" transparency="0"></Material></Appearance>
     <IndexedTriangleSet DEF="setface77" index="
107 1 0 107 0 54 106 2 1 106 1 107 105 3 2 105 2 106 104 4 3 104 3 105 103 5 4 103 4 104 102 6 5 102 5 103 101 7 6 101 6 102 100 8 7 100 7 101 99 9 8 99 8 100 98 9 99 98 10 9 97 11 10 97 10 98 96 12 11 96 13 12 96 11 97 95 14 13 95 13 96 94 15 14 94 14 95 93 16 15 93 15 94 92 17 16 92 16 93 91 17 92 91 18 17 90 19 18 90 18 91 89 19 90 89 20 19 88 21 20 88 20 89 87 22 21 87 21 88 86 23 22 86 22 87 85 24 23 85 25 24 85 23 86 84 26 25 84 25 85 83 27 26 83 26 84 82 28 27 82 27 83 81 29 28 81 28 82 80 30 29 80 29 81 79 30 80 78 31 30 78 30 79 77 32 31 77 31 78 76 33 32 76 32 77 75 34 33 75 33 76 74 35 34 74 34 75 73 36 35 73 35 74 72 37 36 72 36 73 71 38 37 71 37 72 70 39 38 70 38 71 69 40 39 69 39 70 68 41 40 68 40 69 67 41 68 66 41 67 66 42 41 65 43 42 65 42 66 64 43 65 64 44 43 63 45 44 63 44 64 62 45 63 62 46 45 61 47 46 61 46 62 60 47 61 60 48 47 59 49 48 59 48 60 58 49 59 58 50 49 57 51 50 57 50 58 56 51 57 56 52 51 55 52 56 55 53 52 
">
      <Coordinate point="
47.5 82.9904 30
47.2073 82.999 30
46.8986 83.0267 30
46.61 83.0702 30
46.3249 83.1304 30
46.0442 83.207 30
45.7687 83.2997 30
45.4995 83.408 30
45.2373 83.5317 30
44.983 83.6701 30
44.7374 83.8229 30
44.5013 83.9894 30
44.2755 84.1691 30
44.0606 84.3613 30
43.8573 84.5653 30
43.6663 84.7805 30
43.4882 85.0062 30
43.3235 85.2414 30
43.1727 85.4855 30
43.0362 85.7376 30
42.9146 85.9969 30
42.808 86.2626 30
42.7169 86.5336 30
42.6415 86.8092 30
42.582 87.0884 30
42.5386 87.3703 30
42.5113 87.6539 30
42.5003 87.9385 30
42.507 88.2545 30
42.5336 88.5692 30
42.58 88.8813 30
42.6459 89.1895 30
42.731 89.4926 30
42.8349 89.7895 30
42.9571 90.079 30
43.0971 90.3599 30
43.2543 90.6313 30
43.428 90.8919 30
43.6175 91.141 30
43.8219 91.3774 30
44.0405 91.6004 30
44.2723 91.809 30
44.5163 92.0026 30
44.7717 92.1804 30
45.0372 92.3418 30
45.3119 92.4862 30
45.5947 92.6131 30
45.8844 92.7222 30
46.1798 92.8129 30
46.4799 92.8852 30
46.7833 92.9388 30
47.089 92.9735 30
47.2984 92.9863 30
47.5 92.9904 30
47.5 82.9904 20
47.5 92.9904 20
47.2073 92.9818 20
46.8986 92.9541 20
46.61 92.9105 20
46.3249 92.8503 20
46.0442 92.7737 20
45.7687 92.6811 20
45.4995 92.5727 20
45.2373 92.4491 20
44.983 92.3106 20
44.7374 92.1579 20
44.5013 91.9914 20
44.2755 91.8117 20
44.0606 91.6195 20
43.8573 91.4154 20
43.6663 91.2002 20
43.4882 90.9746 20
43.3235 90.7394 20
43.1727 90.4952 20
43.0362 90.2431 20
42.9146 89.9838 20
42.808 89.7182 20
42.7169 89.4472 20
42.6415 89.1716 20
42.582 88.8924 20
42.5386 88.6105 20
42.5113 88.3268 20
42.5003 88.0423 20
42.507 87.7262 20
42.5336 87.4115 20
42.58 87.0995 20
42.6459 86.7913 20
42.731 86.4881 20
42.8349 86.1912 20
42.9571 85.9018 20
43.0971 85.6208 20
43.2543 85.3495 20
43.428 85.0888 20
43.6175 84.8398 20
43.8219 84.6034 20
44.0405 84.3804 20
44.2723 84.1718 20
44.5163 83.9782 20
44.7717 83.8004 20
45.0372 83.639 20
45.3119 83.4946 20
45.5947 83.3676 20
45.8844 83.2586 20
46.1798 83.1678 20
46.4799 83.0956 20
46.7833 83.042 20
47.089 83.0073 20
47.2984 82.9944 20
"></Coordinate>
      <Normal vector="
5.68434e-15 1 0
0.0585382 0.998285 0
0.120275 0.992741 0
0.177991 0.984032 0
0.235016 0.971992 0
0.291164 0.956673 0
0.346253 0.938141 0
0.400104 0.91647 0
0.452544 0.891742 0
0.503403 0.864052 0
0.55252 0.8335 0
0.599737 0.800197 0
0.644905 0.764262 0
0.687882 0.725822 0
0.728533 0.685011 0
0.76673 0.64197 0
0.802356 0.596846 0
0.8353 0.549794 0
0.865463 0.500973 0
0.892752 0.450548 0
0.917087 0.398688 0
0.938395 0.345565 0
0.956614 0.291358 0
0.971694 0.236243 0
0.983593 0.180404 0
0.992279 0.124024 0
0.997734 0.067287 0
0.999946 0.0103775 0
0.998603 -0.0528326 0
0.993276 -0.115769 0
0.983998 -0.178181 0
0.970817 -0.239823 0
0.953797 -0.300451 0
0.933018 -0.359829 0
0.908574 -0.417724 0
0.880572 -0.473913 0
0.849133 -0.528179 0
0.814394 -0.580313 0
0.7765 -0.630118 0
0.735611 -0.677404 0
0.691897 -0.721996 0
0.64554 -0.763726 0
0.59673 -0.802442 0
0.545666 -0.838003 0
0.492556 -0.870281 0
0.437614 -0.899163 0
0.381062 -0.924549 0
0.323125 -0.946356 0
0.264035 -0.964513 0
0.204025 -0.978966 0
0.143331 -0.989675 0
0.0821929 -0.996616 0
0.0403195 -0.999187 0
0 -1 0
5.68434e-15 1 0
0 -1 0
0.0585382 -0.998285 0
0.120275 -0.992741 0
0.177991 -0.984032 0
0.235016 -0.971992 0
0.291164 -0.956673 0
0.346253 -0.938141 0
0.400104 -0.91647 0
0.452544 -0.891742 0
0.503403 -0.864052 0
0.55252 -0.8335 0
0.599737 -0.800197 0
0.644905 -0.764262 0
0.687882 -0.725822 0
0.728533 -0.685011 0
0.76673 -0.64197 0
0.802356 -0.596846 0
0.8353 -0.549794 0
0.865463 -0.500973 0
0.892752 -0.450548 0
0.917087 -0.398688 0
0.938395 -0.345565 0
0.956614 -0.291358 0
0.971694 -0.236243 0
0.983593 -0.180404 0
0.992279 -0.124024 0
0.997734 -0.067287 0
0.999946 -0.0103775 0
0.998603 0.0528326 0
0.993276 0.115769 0
0.983998 0.178181 0
0.970817 0.239823 0
0.953797 0.300451 0
0.933018 0.359829 0
0.908574 0.417724 0
0.880572 0.473913 0
0.849133 0.528179 0
0.814394 0.580313 0
0.7765 0.630118 0
0.735611 0.677404 0
0.691897 0.721996 0
0.64554 0.763726 0
0.59673 0.802442 0
0.545666 0.838003 0
0.492556 0.870281 0
0.437614 0.899163 0
0.381062 0.924549 0
0.323125 0.946356 0
0.264035 0.964513 0
0.204025 0.978966 0
0.143331 0.989675 0
0.0821929 0.996616 0
0.0403195 0.999187 0
"></Normal>
     </IndexedTriangleSet>
    </Shape>
    <Shape DEF="face78">
     <Appearance><Material DEF="matface78" diffuseColor="0.000000 1.000000 0.000000" shininess="0.9" specularColor="0.2 0.2 0.2" transparency="0"></Material></Appearance>
     <IndexedTriangleSet DEF="setface78" index="
107 1 0 107 0 54 106 2 1 106 1 107 105 3 2 105 2 106 104 4 3 104 3 105 103 5 4 103 4 104 102 6 5 102 5 103 101 7 6 101 6 102 100 8 7 100 7 101 99 9 8 99 8 100 98 9 99 98 10 9 97 11 10 97 10 98 96 12 11 96 13 12 96 11 97 95 14 13 95 13 96 94 15 14 94 14 95 93 16 15 93 15 94 92 17 16 92 16 93 91 17 92 91 18 17 90 19 18 90 18 91 89 19 90 89 20 19 88 21 20 88 20 89 87 22 21 87 21 88 86 23 22 86 22 87 85 24 23 85 25 24 85 23 86 84 26 25 84 25 85 83 27 26 83 26 84 82 28 27 82 27 83 81 29 28 81 28 82 80 30 29 80 29 81 79 30 80 78 31 30 78 30 79 77 32 31 77 31 78 76 33 32 76 32 77 75 34 33 75 33 76 74 35 34 74 34 75 73 36 35 73 35 74 72 37 36 72 36 73 71 38 37 71 37 72 70 39 38 70 38 71 69 40 39 69 39 70 68 41 40 68 40 69 67 41 68 66 41 67 66 42 41 65 43 42 65 42 66 64 43 65 64 44 43 63 45 44 63 44 64 62 45 63 62 46 45 61 47 46 61 46 62 60 47 61 60 48 47 59 49 48 59 48 60 58 49 59 58 50 49 57 51 50 57 50 58 56 51 57 56 52 51 55 52 56 55 53 52 
">
      <Coordinate point="
15 70 60
15 70.0086 60.2927
15 70.0363 60.6014
15 70.0798 60.89
15 70.14 61.1751
15 70.2166 61.4558
15 70.3093 61.7313
15 70.4177 62.0005
15 70.5413 62.2627
15 70.6797 62.517
15 70.8325 62.7626
15 70.999 62.9987
15 71.1787 63.2245
15 71.3709 63.4394
15 71.5749 63.6427
15 71.7902 63.8337
15 72.0158 64.0118
15 72.251 64.1765
15 72.4951 64.3273
15 72.7473 64.4638
15 73.0066 64.5854
15 73.2722 64.692
15 73.5432 64.7831
15 73.8188 64.8585
15 74.098 64.918
15 74.3799 64.9614
15 74.6636 64.9887
15 74.9481 64.9997
15 75.2642 64.993
15 75.5788 64.9664
15 75.8909 64.92
15 76.1991 64.8541
15 76.5023 64.769
15 76.7991 64.6651
15 77.0886 64.5429
15 77.3696 64.4029
15 77.6409 64.2457
15 77.9016 64.072
15 78.1506 63.8825
15 78.387 63.6781
15 78.61 63.4595
15 78.8186 63.2277
15 79.0122 62.9837
15 79.19 62.7283
15 79.3514 62.4628
15 79.4958 62.1881
15 79.6227 61.9053
15 79.7318 61.6156
15 79.8226 61.3202
15 79.8948 61.0201
15 79.9484 60.7167
15 79.9831 60.411
15 79.9959 60.2016
15 80 60
5 70 60
5 80 60
5 79.9914 60.2927
5 79.9637 60.6014
5 79.9202 60.89
5 79.86 61.1751
5 79.7834 61.4558
5 79.6907 61.7313
5 79.5823 62.0005
5 79.4587 62.2627
5 79.3203 62.517
5 79.1675 62.7626
5 79.001 62.9987
5 78.8213 63.2245
5 78.6291 63.4394
5 78.4251 63.6427
5 78.2098 63.8337
5 77.9842 64.0118
5 77.749 64.1765
5 77.5049 64.3273
5 77.2527 64.4638
5 76.9934 64.5854
5 76.7278 64.692
5 76.4568 64.7831
5 76.1812 64.8585
5 75.902 64.918
5 75.6201 64.9614
5 75.3364 64.9887
5 75.0519 64.9997
5 74.7358 64.993
5 74.4212 64.9664
5 74.1091 64.92
5 73.8009 64.8541
5 73.4977 64.769
5 73.2009 64.6651
5 72.9114 64.5429
5 72.6304 64.4029
5 72.3591 64.2457
5 72.0984 64.072
5 71.8494 63.8825
5 71.613 63.6781
5 71.39 63.4595
5 71.1814 63.2277
5 70.9878 62.9837
5 70.81 62.7283
5 70.6486 62.4628
5 70.5042 62.1881
5 70.3773 61.9053
5 70.2682 61.6156
5 70.1774 61.3202
5 70.1052 61.0201
5 70.0516 60.7167
5 70.0169 60.411
5 70.0041 60.2016
"></Coordinate>
      <Normal vector="
0 1 -0
0 0.998285 -0.0585382
0 0.992741 -0.120275
0 0.984032 -0.177991
0 0.971992 -0.235016
0 0.956673 -0.291164
0 0.938141 -0.346253
0 0.91647 -0.400104
0 0.891742 -0.452544
0 0.864052 -0.503403
0 0.8335 -0.55252
0 0.800197 -0.599737
0 0.764262 -0.644905
0 0.725822 -0.687882
0 0.685011 -0.728533
0 0.64197 -0.76673
0 0.596846 -0.802356
0 0.549794 -0.8353
0 0.500973 -0.865463
0 0.450548 -0.892752
0 0.398688 -0.917087
0 0.345565 -0.938395
0 0.291358 -0.956614
0 0.236243 -0.971694
0 0.180404 -0.983593
0 0.124024 -0.992279
0 0.067287 -0.997734
0 0.0103775 -0.999946
-0 -0.0528326 -0.998603
-0 -0.115769 -0.993276
-0 -0.178181 -0.983998
-0 -0.239823 -0.970817
-0 -0.300451 -0.953797
-0 -0.359829 -0.933018
-0 -0.417724 -0.908574
-0 -0.473913 -0.880572
-0 -0.528179 -0.849133
-0 -0.580313 -0.814394
-0 -0.630118 -0.7765
-0 -0.677404 -0.735611
-0 -0.721996 -0.691897
-0 -0.763726 -0.64554
-0 -0.802442 -0.59673
-0 -0.838003 -0.545666
-0 -0.870281 -0.492556
-0 -0.899163 -0.437614
-0 -0.924549 -0.381062
-0 -0.946356 -0.323125
-0 -0.964513 -0.264035
-0 -0.978966 -0.204025
-0 -0.989675 -0.143331
-0 -0.996616 -0.0821929
-0 -0.999187 -0.0403195
-0 -1 -2.84217e-15
0 1 -8.52651e-15
-0 -1 -0
-0 -0.998285 -0.0585382
-0 -0.992741 -0.120275
-0 -0.984032 -0.177991
-0 -0.971992 -0.235016
-0 -0.956673 -0.291164
-0 -0.938141 -0.346253
-0 -0.91647 -0.400104
-0 -0.891742 -0.452544
-0 -0.864052 -0.503403
-0 -0.8335 -0.55252
-0 -0.800197 -0.599737
-0 -0.764262 -0.644905
-0 -0.725822 -0.687882
-0 -0.685011 -0.728533
-0 -0.64197 -0.76673
-0 -0.596846 -0.802356
-0 -0.549794 -0.8353
-0 -0.500973 -0.865463
-0 -0.450548 -0.892752
-0 -0.398688 -0.917087
-0 -0.345565 -0.938395
-0 -0.291358 -0.956614
-0 -0.236243 -0.971694
-0 -0.180404 -0.983593
-0 -0.124024 -0.992279
-0 -0.067287 -0.997734
-0 -0.0103775 -0.999946
0 0.0528326 -0.998603
0 0.115769 -0.993276
0 0.178181 -0.983998
0 0.239823 -0.970817
0 0.300451 -0.953797
0 0.359829 -0.933018
0 0.417724 -0.908574
0 0.473913 -0.880572
0 0.528179 -0.849133
0 0.580313 -0.814394
0 0.630118 -0.7765
0 0.677404 -0.735611
0 0.721996 -0.691897
0 0.763726 -0.64554
0 0.802442 -0.59673
0 0.838003 -0.545666
0 0.870281 -0.492556
0 0.899163 -0.437614
0 0.924549 -0.381062
0 0.946356 -0.323125
0 0.964513 -0.264035
0 0.978966 -0.204025
0 0.989675 -0.143331
0 0.996616 -0.0821929
0 0.999187 -0.0403195
"></Normal>
     </IndexedTriangleSet>
    </Shape>
    <Shape DEF="face79">
     <Appearance><Material DEF="matface79" diffuseColor="0.000000 1.000000 0.000000" shininess="0.9" specularColor="0.2 0.2 0.2" transparency="0"></Material></Appearance>
     <IndexedTriangleSet DEF="setface79" index="
107 1 0 107 0 54 106 2 1 106 1 107 105 3 2 105 2 106 104 4 3 104 3 105 103 5 4 103 4 104 102 6 5 102 5 103 101 7 6 101 6 102 100 8 7 100 7 101 99 9 8 99 8 100 98 9 99 98 10 9 97 11 10 97 10 98 96 12 11 96 13 12 96 11 97 95 14 13 95 13 96 94 15 14 94 14 95 93 16 15 93 15 94 92 17 16 92 16 93 91 17 92 91 18 17 90 19 18 90 18 91 89 19 90 89 20 19 88 21 20 88 20 89 87 22 21 87 21 88 86 23 22 86 22 87 85 24 23 85 25 24 85 23 86 84 26 25 84 25 85 83 27 26 83 26 84 82 28 27 82 27 83 81 29 28 81 28 82 80 30 29 80 29 81 79 30 80 78 31 30 78 30 79 77 32 31 77 31 78 76 33 32 76 32 77 75 34 33 75 33 76 74 35 34 74 34 75 73 36 35 73 35 74 72 37 36 72 36 73 71 38 37 71 37 72 70 39 38 70 38 71 69 40 39 69 39 70 68 41 40 68 40 69 67 41 68 66 41 67 66 42 41 65 43 42 65 42 66 64 43 65 64 44 43 63 45 44 63 44 64 62 45 63 62 46 45 61 47 46 61 46 62 60 47 61 60 48 47 59 49 48 59 48 60 58 49 59 58 50 49 57 51 50 57 50 58 56 51 57 56 52 51 55 52 56 55 53 52 
">
      <Coordinate point="
25 80 30
25.2927 79.9914 30
25.6014 79.9637 30
25.89 79.9202 30
26.1751 79.86 30
26.4558 79.7834 30
26.7313 79.6907 30
27.0005 79.5823 30
27.2627 79.4587 30
27.517 79.3203 30
27.7626 79.1675 30
27.9987 79.001 30
28.2245 78.8213 30
28.4394 78.6291 30
28.6427 78.4251 30
28.8337 78.2098 30
29.0118 77.9842 30
29.1765 77.749 30
29.3273 77.5049 30
29.4638 77.2527 30
29.5854 76.9934 30
29.692 76.7278 30
29.7831 76.4568 30
29.8585 76.1812 30
29.918 75.902 30
29.9614 75.6201 30
29.9887 75.3364 30
29.9997 75.0519 30
29.993 74.7358 30
29.9664 74.4212 30
29.92 74.1091 30
29.8541 73.8009 30
29.769 73.4977 30
29.6651 73.2009 30
29.5429 72.9114 30
29.4029 72.6304 30
29.2457 72.3591 30
29.072 72.0984 30
28.8825 71.8494 30
28.6781 71.613 30
28.4595 71.39 30
28.2277 71.1814 30
27.9837 70.9878 30
27.7283 70.81 30
27.4628 70.6486 30
27.1881 70.5042 30
26.9053 70.3773 30
26.6156 70.2682 30
26.3202 70.1774 30
26.0201 70.1052 30
25.7167 70.0516 30
25.411 70.0169 30
25.2016 70.0041 30
25 70 30
25 80 20
25 70 20
25.2927 70.0086 20
25.6014 70.0363 20
25.89 70.0798 20
26.1751 70.14 20
26.4558 70.2166 20
26.7313 70.3093 20
27.0005 70.4177 20
27.2627 70.5413 20
27.517 70.6797 20
27.7626 70.8325 20
27.9987 70.999 20
28.2245 71.1787 20
28.4394 71.3709 20
28.6427 71.5749 20
28.8337 71.7902 20
29.0118 72.0158 20
29.1765 72.251 20
29.3273 72.4951 20
29.4638 72.7473 20
29.5854 73.0066 20
29.692 73.2722 20
29.7831 73.5432 20
29.8585 73.8188 20
29.918 74.098 20
29.9614 74.3799 20
29.9887 74.6636 20
29.9997 74.9481 20
29.993 75.2642 20
29.9664 75.5788 20
29.92 75.8909 20
29.8541 76.1991 20
29.769 76.5023 20
29.6651 76.7991 20
29.5429 77.0886 20
29.4029 77.3696 20
29.2457 77.6409 20
29.072 77.9016 20
28.8825 78.1506 20
28.6781 78.387 20
28.4595 78.61 20
28.2277 78.8186 20
27.9837 79.0122 20
27.7283 79.19 20
27.4628 79.3514 20
27.1881 79.4958 20
26.9053 79.6227 20
26.6156 79.7318 20
26.3202 79.8226 20
26.0201 79.8948 20
25.7167 79.9484 20
25.411 79.9831 20
25.2016 79.9959 20
"></Coordinate>
      <Normal vector="
5.68434e-15 -1 0
-0.0585382 -0.998285 -0
-0.120275 -0.992741 -0
-0.177991 -0.984032 -0
-0.235016 -0.971992 -0
-0.291164 -0.956673 -0
-0.346253 -0.938141 -0
-0.400104 -0.91647 -0
-0.452544 -0.891742 -0
-0.503403 -0.864052 -0
-0.55252 -0.8335 -0
-0.599737 -0.800197 -0
-0.644905 -0.764262 -0
-0.687882 -0.725822 -0
-0.728533 -0.685011 -0
-0.76673 -0.64197 -0
-0.802356 -0.596846 -0
-0.8353 -0.549794 -0
-0.865463 -0.500973 -0
-0.892752 -0.450548 -0
-0.917087 -0.398688 -0
-0.938395 -0.345565 -0
-0.956614 -0.291358 -0
-0.971694 -0.236243 -0
-0.983593 -0.180404 -0
-0.992279 -0.124024 -0
-0.997734 -0.067287 -0
-0.999946 -0.0103775 -0
-0.998603 0.0528326 0
-0.993276 0.115769 0
-0.983998 0.178181 0
-0.970817 0.239823 0
-0.953797 0.300451 0
-0.933018 0.359829 0
-0.908574 0.417724 0
-0.880572 0.473913 0
-0.849133 0.528179 0
-0.814394 0.580313 0
-0.7765 0.630118 0
-0.735611 0.677404 0
-0.691897 0.721996 0
-0.64554 0.763726 0
-0.59673 0.802442 0
-0.545666 0.838003 0
-0.492556 0.870281 0
-0.437614 0.899163 0
-0.381062 0.924549 0
-0.323125 0.946356 0
-0.264035 0.964513 0
-0.204025 0.978966 0
-0.143331 0.989675 0
-0.0821929 0.996616 0
-0.0403195 0.999187 0
0 1 0
-2.84217e-15 -1 -0
0 1 0
-0.0585382 0.998285 0
-0.120275 0.992741 0
-0.177991 0.984032 0
-0.235016 0.971992 0
-0.291164 0.956673 0
-0.346253 0.938141 0
-0.400104 0.91647 0
-0.452544 0.891742 0
-0.503403 0.864052 0
-0.55252 0.8335 0
-0.599737 0.800197 0
-0.644905 0.764262 0
-0.687882 0.725822 0
-0.728533 0.685011 0
-0.76673 0.64197 0
-0.802356 0.596846 0
-0.8353 0.549794 0
-0.865463 0.500973 0
-0.892752 0.450548 0
-0.917087 0.398688 0
-0.938395 0.345565 0
-0.956614 0.291358 0
-0.971694 0.236243 0
-0.983593 0.180404 0
-0.992279 0.124024 0
-0.997734 0.067287 0
-0.999946 0.0103775 0
-0.998603 -0.0528326 -0
-0.993276 -0.115769 -0
-0.983998 -0.178181 -0
-0.970817 -0.239823 -0
-0.953797 -0.300451 -0
-0.933018 -0.359829 -0
-0.908574 -0.417724 -0
-0.880572 -0.473913 -0
-0.849133 -0.528179 -0
-0.814394 -0.580313 -0
-0.7765 -0.630118 -0
-0.735611 -0.677404 -0
-0.691897 -0.721996 -0
-0.64554 -0.763726 -0
-0.59673 -0.802442 -0
-0.545666 -0.838003 -0
-0.492556 -0.870281 -0
-0.437614 -0.899163 -0
-0.381062 -0.924549 -0
-0.323125 -0.946356 -0
-0.264035 -0.964513 -0
-0.204025 -0.978966 -0
-0.143331 -0.989675 -0
-0.0821929 -0.996616 -0
-0.0403195 -0.999187 -0
"></Normal>
     </IndexedTriangleSet>
    </Shape>
    <Shape DEF="face80">
     <Appearance><Material DEF="matface80" diffuseColor="0.000000 1.000000 0.000000" shininess="0.9" specularColor="0.2 0.2 0.2" transparency="0"></Material></Appearance>
     <IndexedTriangleSet DEF="setface80" index="
107 1 0 107 0 54 106 2 1 106 1 107 105 3 2 105 2 106 104 4 3 104 3 105 103 5 4 103 4 104 102 6 5 102 5 103 101 7 6 101 6 102 100 8 7 100 7 101 99 9 8 99 8 100 98 9 99 98 10 9 97 11 10 97 10 98 96 12 11 96 13 12 96 11 97 95 14 13 95 13 96 94 15 14 94 14 95 93 16 15 93 15 94 92 17 16 92 16 93 91 17 92 91 18 17 90 19 18 90 18 91 89 19 90 89 20 19 88 21 20 88 20 89 87 22 21 87 21 88 86 23 22 86 22 87 85 24 23 85 25 24 85 23 86 84 26 25 84 25 85 83 27 26 83 26 84 82 28 27 82 27 83 81 29 28 81 28 82 80 30 29 80 29 81 79 30 80 78 31 30 78 30 79 77 32 31 77 31 78 76 33 32 76 32 77 75 34 33 75 33 76 74 35 34 74 34 75 73 36 35 73 35 74 72 37 36 72 36 73 71 38 37 71 37 72 70 39 38 70 38 71 69 40 39 69 39 70 68 41 40 68 40 69 67 41 68 66 42 41 66 41 67 65 42 66 65 43 42 64 44 43 64 43 65 63 44 64 63 45 44 62 46 45 62 45 63 61 46 62 61 47 46 60 48 47 60 47 61 59 48 60 59 49 48 58 50 49 58 49 59 57 50 58 57 51 50 56 52 51 56 51 57 55 52 56 55 53 52 
">
      <Coordinate point="
47.5 67.0096 30
47.7927 67.001 30
48.1014 66.9733 30
48.39 66.9298 30
48.6751 66.8696 30
48.9558 66.793 30
49.2313 66.7003 30
49.5005 66.592 30
49.7627 66.4683 30
50.017 66.3299 30
50.2626 66.1771 30
50.4987 66.0106 30
50.7245 65.8309 30
50.9394 65.6387 30
51.1427 65.4347 30
51.3337 65.2195 30
51.5118 64.9938 30
51.6765 64.7586 30
51.8273 64.5145 30
51.9638 64.2624 30
52.0854 64.0031 30
52.192 63.7374 30
52.2831 63.4664 30
52.3585 63.1908 30
52.418 62.9116 30
52.4614 62.6297 30
52.4887 62.3461 30
52.4997 62.0615 30
52.493 61.7455 30
52.4664 61.4308 30
52.42 61.1187 30
52.3541 60.8105 30
52.269 60.5074 30
52.1651 60.2105 30
52.0429 59.921 30
51.9029 59.6401 30
51.7457 59.3687 30
51.572 59.1081 30
51.3825 58.859 30
51.1781 58.6226 30
50.9595 58.3996 30
50.7277 58.191 30
50.4837 57.9974 30
50.2283 57.8196 30
49.9628 57.6582 30
49.6881 57.5138 30
49.4053 57.3869 30
49.1156 57.2778 30
48.8202 57.1871 30
48.5201 57.1148 30
48.2167 57.0612 30
47.911 57.0265 30
47.7016 57.0137 30
47.5 57.0096 30
47.5 67.0096 20
47.5 57.0096 20
47.7927 57.0182 20
48.1014 57.0459 20
48.39 57.0895 20
48.6751 57.1497 20
48.9558 57.2263 20
49.2313 57.3189 20
49.5005 57.4273 20
49.7627 57.5509 20
50.017 57.6894 20
50.2626 57.8421 20
50.4987 58.0086 20
50.7245 58.1883 20
50.9394 58.3805 20
51.1427 58.5846 20
51.3337 58.7998 20
51.5118 59.0254 20
51.6765 59.2606 20
51.8273 59.5048 20
51.9638 59.7569 20
52.0854 60.0162 20
52.192 60.2818 20
52.2831 60.5528 20
52.3585 60.8284 20
52.418 61.1076 20
52.4614 61.3895 20
52.4887 61.6732 20
52.4997 61.9577 20
52.493 62.2738 20
52.4664 62.5885 20
52.42 62.9005 20
52.3541 63.2087 20
52.269 63.5119 20
52.1651 63.8088 20
52.0429 64.0982 20
51.9029 64.3792 20
51.7457 64.6505 20
51.572 64.9112 20
51.3825 65.1602 20
51.1781 65.3966 20
50.9595 65.6196 20
50.7277 65.8282 20
50.4837 66.0218 20
50.2283 66.1996 20
49.9628 66.361 20
49.6881 66.5054 20
49.4053 66.6324 20
49.1156 66.7414 20
48.8202 66.8322 20
48.5201 66.9044 20
48.2167 66.958 20
47.911 66.9927 20
47.7016 67.0056 20
"></Coordinate>
      <Normal vector="
0 -1 0
-0.0585382 -0.998285 -0
-0.120275 -0.992741 -0
-0.177991 -0.984032 -0
-0.235016 -0.971992 -0
-0.291164 -0.956673 -0
-0.346253 -0.938141 -0
-0.400104 -0.91647 -0
-0.452544 -0.891742 -0
-0.503403 -0.864052 -0
-0.55252 -0.8335 -0
-0.599737 -0.800197 -0
-0.644905 -0.764262 -0
-0.687882 -0.725822 -0
-0.728533 -0.685011 -0
-0.76673 -0.64197 -0
-0.802356 -0.596846 -0
-0.8353 -0.549794 -0
-0.865463 -0.500973 -0
-0.892752 -0.450548 -0
-0.917087 -0.398688 -0
-0.938395 -0.345565 -0
-0.956614 -0.291358 -0
-0.971694 -0.236243 -0
-0.983593 -0.180404 -0
-0.992279 -0.124024 -0
-0.997734 -0.067287 -0
-0.999946 -0.0103775 -0
-0.998603 0.0528326 0
-0.993276 0.115769 0
-0.983998 0.178181 0
-0.970817 0.239823 0
-0.953797 0.300451 0
-0.933018 0.359829 0
-0.908574 0.417724 0
-0.880572 0.473913 0
-0.849133 0.528179 0
-0.814394 0.580313 0
-0.7765 0.630118 0
-0.735611 0.677404 0
-0.691897 0.721996 0
-0.64554 0.763726 0
-0.59673 0.802442 0
-0.545666 0.838003 0
-0.492556 0.870281 0
-0.437614 0.899163 0
-0.381062 0.924549 0
-0.323125 0.946356 0
-0.264035 0.964513 0
-0.204025 0.978966 0
-0.143331 0.989675 0
-0.0821929 0.996616 0
-0.0403195 0.999187 0
0 1 0
0 -1 0
0 1 0
-0.0585382 0.998285 0
-0.120275 0.992741 0
-0.177991 0.984032 0
-0.235016 0.971992 0
-0.291164 0.956673 0
-0.346253 0.938141 0
-0.400104 0.91647 0
-0.452544 0.891742 0
-0.503403 0.864052 0
-0.55252 0.8335 0
-0.599737 0.800197 0
-0.644905 0.764262 0
-0.687882 0.725822 0
-0.728533 0.685011 0
-0.76673 0.64197 0
-0.802356 0.596846 0
-0.8353 0.549794 0
-0.865463 0.500973 0
-0.892752 0.450548 0
-0.917087 0.398688 0
-0.938395 0.345565 0
-0.956614 0.291358 0
-0.971694 0.236243 0
-0.983593 0.180404 0
-0.992279 0.124024 0
-0.997734 0.067287 0
-0.999946 0.0103775 0
-0.998603 -0.0528326 -0
-0.993276 -0.115769 -0
-0.983998 -0.178181 -0
-0.970817 -0.239823 -0
-0.953797 -0.300451 -0
-0.933018 -0.359829 -0
-0.908574 -0.417724 -0
-0.880572 -0.473913 -0
-0.849133 -0.528179 -0
-0.814394 -0.580313 -0
-0.7765 -0.630118 -0
-0.735611 -0.677404 -0
-0.691897 -0.721996 -0
-0.64554 -0.763726 -0
-0.59673 -0.802442 -0
-0.545666 -0.838003 -0
-0.492556 -0.870281 -0
-0.437614 -0.899163 -0
-0.381062 -0.924549 -0
-0.323125 -0.946356 -0
-0.264035 -0.964513 -0
-0.204025 -0.978966 -0
-0.143331 -0.989675 -0
-0.0821929 -0.996616 -0
-0.0403195 -0.999187 -0
"></Normal>
     </IndexedTriangleSet>
    </Shape>
    <Shape DEF="face81">
     <Appearance><Material DEF="matface81" diffuseColor="0.000000 1.000000 0.000000" shininess="0.9" specularColor="0.2 0.2 0.2" transparency="0"></Material></Appearance>
     <IndexedTriangleSet DEF="setface81" index="
107 1 0 107 0 54 106 2 1 106 1 107 105 3 2 105 2 106 104 4 3 104 3 105 103 5 4 103 4 104 102 6 5 102 5 103 101 7 6 101 6 102 100 8 7 100 7 101 99 9 8 99 8 100 98 9 99 98 10 9 97 11 10 97 10 98 96 12 11 96 13 12 96 11 97 95 14 13 95 13 96 94 15 14 94 14 95 93 16 15 93 15 94 92 17 16 92 16 93 91 17 92 91 18 17 90 19 18 90 18 91 89 19 90 89 20 19 88 21 20 88 20 89 87 22 21 87 21 88 86 23 22 86 22 87 85 24 23 85 25 24 85 23 86 84 26 25 84 25 85 83 27 26 83 26 84 82 28 27 82 27 83 81 29 28 81 28 82 80 30 29 80 29 81 79 30 80 78 31 30 78 30 79 77 32 31 77 31 78 76 33 32 76 32 77 75 34 33 75 33 76 74 35 34 74 34 75 73 36 35 73 35 74 72 37 36 72 36 73 71 38 37 71 37 72 70 39 38 70 38 71 69 40 39 69 39 70 68 41 40 68 40 69 67 41 68 66 41 67 66 42 41 65 43 42 65 42 66 64 43 65 64 44 43 63 45 44 63 44 64 62 45 63 62 46 45 61 47 46 61 46 62 60 47 61 60 48 47 59 49 48 59 48 60 58 49 59 58 50 49 57 51 50 57 50 58 56 51 57 56 52 51 55 52 56 55 53 52 
">
      <Coordinate point="
47.5 92.9904 30
47.7927 92.9818 30
48.1014 92.9541 30
48.39 92.9105 30
48.6751 92.8503 30
48.9558 92.7737 30
49.2313 92.6811 30
49.5005 92.5727 30
49.7627 92.4491 30
50.017 92.3106 30
50.2626 92.1579 30
50.4987 91.9914 30
50.7245 91.8117 30
50.9394 91.6195 30
51.1427 91.4154 30
51.3337 91.2002 30
51.5118 90.9746 30
51.6765 90.7394 30
51.8273 90.4952 30
51.9638 90.2431 30
52.0854 89.9838 30
52.192 89.7182 30
52.2831 89.4472 30
52.3585 89.1716 30
52.418 88.8924 30
52.4614 88.6105 30
52.4887 88.3268 30
52.4997 88.0423 30
52.493 87.7262 30
52.4664 87.4115 30
52.42 87.0995 30
52.3541 86.7913 30
52.269 86.4881 30
52.1651 86.1912 30
52.0429 85.9018 30
51.9029 85.6208 30
51.7457 85.3495 30
51.572 85.0888 30
51.3825 84.8398 30
51.1781 84.6034 30
50.9595 84.3804 30
50.7277 84.1718 30
50.4837 83.9782 30
50.2283 83.8004 30
49.9628 83.639 30
49.6881 83.4946 30
49.4053 83.3676 30
49.1156 83.2586 30
48.8202 83.1678 30
48.5201 83.0956 30
48.2167 83.042 30
47.911 83.0073 30
47.7016 82.9944 30
47.5 82.9904 30
47.5 92.9904 20
47.5 82.9904 20
47.7927 82.999 20
48.1014 83.0267 20
48.39 83.0702 20
48.6751 83.1304 20
48.9558 83.207 20
49.2313 83.2997 20
49.5005 83.408 20
49.7627 83.5317 20
50.017 83.6701 20
50.2626 83.8229 20
50.4987 83.9894 20
50.7245 84.1691 20
50.9394 84.3613 20
51.1427 84.5653 20
51.3337 84.7805 20
51.5118 85.0062 20
51.6765 85.2414 20
51.8273 85.4855 20
51.9638 85.7376 20
52.0854 85.9969 20
52.192 86.2626 20
52.2831 86.5336 20
52.3585 86.8092 20
52.418 87.0884 20
52.4614 87.3703 20
52.4887 87.6539 20
52.4997 87.9385 20
52.493 88.2545 20
52.4664 88.5692 20
52.42 88.8813 20
52.3541 89.1895 20
52.269 89.4926 20
52.1651 89.7895 20
52.0429 90.079 20
51.9029 90.3599 20
51.7457 90.6313 20
51.572 90.8919 20
51.3825 91.141 20
51.1781 91.3774 20
50.9595 91.6004 20
50.7277 91.809 20
50.4837 92.0026 20
50.2283 92.1804 20
49.9628 92.3418 20
49.6881 92.4862 20
49.4053 92.6131 20
49.1156 92.7222 20
48.8202 92.8129 20
48.5201 92.8852 20
48.2167 92.9388 20
47.911 92.9735 20
47.7016 92.9863 20
"></Coordinate>
      <Normal vector="
8.52651e-15 -1 0
-0.0585382 -0.998285 -0
-0.120275 -0.992741 -0
-0.177991 -0.984032 -0
-0.235016 -0.971992 -0
-0.291164 -0.956673 -0
-0.346253 -0.938141 -0
-0.400104 -0.91647 -0
-0.452544 -0.891742 -0
-0.503403 -0.864052 -0
-0.55252 -0.8335 -0
-0.599737 -0.800197 -0
-0.644905 -0.764262 -0
-0.687882 -0.725822 -0
-0.728533 -0.685011 -0
-0.76673 -0.64197 -0
-0.802356 -0.596846 -0
-0.8353 -0.549794 -0
-0.865463 -0.500973 -0
-0.892752 -0.450548 -0
-0.917087 -0.398688 -0
-0.938395 -0.345565 -0
-0.956614 -0.291358 -0
-0.971694 -0.236243 -0
-0.983593 -0.180404 -0
-0.992279 -0.124024 -0
-0.997734 -0.067287 -0
-0.999946 -0.0103775 -0
-0.998603 0.0528326 0
-0.993276 0.115769 0
-0.983998 0.178181 0
-0.970817 0.239823 0
-0.953797 0.300451 0
-0.933018 0.359829 0
-0.908574 0.417724 0
-0.880572 0.473913 0
-0.849133 0.528179 0
-0.814394 0.580313 0
-0.7765 0.630118 0
-0.735611 0.677404 0
-0.691897 0.721996 0
-0.64554 0.763726 0
-0.59673 0.802442 0
-0.545666 0.838003 0
-0.492556 0.870281 0
-0.437614 0.899163 0
-0.381062 0.924549 0
-0.323125 0.946356 0
-0.264035 0.964513 0
-0.204025 0.978966 0
-0.143331 0.989675 0
-0.0821929 0.996616 0
-0.0403195 0.999187 0
0 1 0
-2.84217e-15 -1 -0
0 1 0
-0.0585382 0.998285 0
-0.120275 0.992741 0
-0.177991 0.984032 0
-0.235016 0.971992 0
-0.291164 0.956673 0
-0.346253 0.938141 0
-0.400104 0.91647 0
-0.452544 0.891742 0
-0.503403 0.864052 0
-0.55252 0.8335 0
-0.599737 0.800197 0
-0.644905 0.764262 0
-0.687882 0.725822 0
-0.728533 0.685011 0
-0.76673 0.64197 0
-0.802356 0.596846 0
-0.8353 0.549794 0
-0.865463 0.500973 0
-0.892752 0.450548 0
-0.917087 0.398688 0
-0.938395 0.345565 0
-0.956614 0.291358 0
-0.971694 0.236243 0
-0.983593 0.180404 0
-0.992279 0.124024 0
-0.997734 0.067287 0
-0.999946 0.0103775 0
-0.998603 -0.0528326 -0
-0.993276 -0.115769 -0
-0.983998 -0.178181 -0
-0.970817 -0.239823 -0
-0.953797 -0.300451 -0
-0.933018 -0.359829 -0
-0.908574 -0.417724 -0
-0.880572 -0.473913 -0
-0.849133 -0.528179 -0
-0.814394 -0.580313 -0
-0.7765 -0.630118 -0
-0.735611 -0.677404 -0
-0.691897 -0.721996 -0
-0.64554 -0.763726 -0
-0.59673 -0.802442 -0
-0.545666 -0.838003 -0
-0.492556 -0.870281 -0
-0.437614 -0.899163 -0
-0.381062 -0.924549 -0
-0.323125 -0.946356 -0
-0.264035 -0.964513 -0
-0.204025 -0.978966 -0
-0.143331 -0.989675 -0
-0.0821929 -0.996616 -0
-0.0403195 -0.999187 -0
"></Normal>
     </IndexedTriangleSet>
    </Shape>
    <Shape DEF="face82">
     <Appearance><Material DEF="matface82" diffuseColor="0.780392 0.780392 0.000000" shininess="0.9" specularColor="0.2 0.2 0.2" transparency="0"></Material></Appearance>
     <IndexedTriangleSet DEF="setface82" index="
266 267 1 268 1 267 265 266 1 269 1 268 264 265 1 270 1 269 263 264 1 271 1 270 262 263 1 272 1 271 273 1 272 220 1 273 105 262 1 104 105 1 106 261 262 106 262 105 103 104 1 107 261 106 107 260 261 102 103 1 108 260 107 108 259 260 101 102 1 109 259 108 109 258 259 100 101 1 110 258 109 110 257 258 111 257 110 111 256 257 99 100 1 58 256 111 58 255 256 98 99 1 59 254 255 59 255 58 97 98 1 60 254 59 60 253 254 96 97 1 61 252 253 61 253 60 95 96 1 62 251 252 62 252 61 63 251 62 63 250 251 64 250 63 64 249 250 65 248 249 65 249 64 66 248 65 66 247 248 67 247 66 51 243 244 50 51 244 50 244 245 50 245 246 52 243 51 52 242 243 49 50 246 49 246 247 49 247 67 53 242 52 53 241 242 48 49 67 48 67 68 54 241 53 54 240 241 47 68 69 47 48 68 55 239 240 55 240 54 46 47 69 46 69 70 56 239 55 57 238 239 57 239 56 45 46 70 45 70 71 4 237 238 4 238 57 44 45 71 44 71 72 5 237 4 5 236 237 43 44 72 43 72 73 6 235 236 6 236 5 42 43 73 42 73 74 7 234 235 7 235 6 41 42 74 41 74 75 8 233 234 8 234 7 40 75 76 40 41 75 9 232 233 9 233 8 39 40 76 39 76 77 10 232 9 38 77 78 38 39 77 37 38 78 37 78 79 36 37 79 36 79 80 35 36 80 35 80 81 34 35 81 34 81 82 33 34 82 3 10 11 3 11 12 3 12 13 3 13 14 3 14 15 3 15 16 3 16 17 3 17 18 3 220 221 3 18 19 3 221 222 3 19 20 3 222 223 3 20 21 3 223 224 3 224 225 3 225 226 3 226 227 3 227 228 3 228 229 3 229 230 3 230 231 3 231 232 3 1 220 3 232 10 159 91 92 158 159 92 158 92 93 160 91 159 160 90 91 157 158 93 157 93 94 161 90 160 161 89 90 156 1 0 156 95 1 156 157 94 156 94 95 162 89 161 162 88 89 155 156 0 163 88 162 163 87 88 154 155 0 164 87 163 164 86 87 165 86 164 165 85 86 153 154 0 112 85 165 112 84 85 152 153 0 113 83 84 113 84 112 151 152 0 114 82 83 114 83 113 150 151 0 149 150 0 148 149 0 147 148 0 146 147 0 145 146 0 213 118 119 212 119 120 212 213 119 214 117 118 214 118 213 211 120 121 211 212 120 215 116 117 215 117 214 210 121 122 210 211 121 216 115 116 216 116 215 209 122 123 209 210 122 217 115 216 217 114 115 217 33 82 217 82 114 208 123 124 208 209 123 218 32 33 218 33 217 219 31 32 219 32 218 207 124 125 207 208 124 166 30 31 166 31 219 206 125 126 206 207 125 167 29 30 167 30 166 205 126 127 205 206 126 168 28 29 168 29 167 204 127 128 204 205 127 169 27 28 169 28 168 203 128 129 203 204 128 170 26 27 170 27 169 202 129 130 202 203 129 171 25 26 171 26 170 172 24 25 172 25 171 173 23 24 173 24 172 174 22 23 174 23 173 175 22 174 175 21 22 321 135 136 320 136 137 320 137 138 320 321 136 322 135 321 322 134 135 319 320 138 319 138 139 323 134 322 323 133 134 176 21 175 318 139 140 318 319 139 324 132 133 324 133 323 317 318 140 317 140 141 325 131 132 325 132 324 316 317 141 316 141 142 326 131 325 327 130 131 327 131 326 315 316 142 315 142 143 274 201 202 274 130 327 274 202 130 314 143 144 314 315 143 275 201 274 275 200 201 313 145 0 313 144 145 313 314 144 276 200 275 276 199 200 312 313 0 277 199 276 277 198 199 311 312 0 278 197 198 278 198 277 310 311 0 279 197 278 279 196 197 309 310 0 280 196 279 280 195 196 308 309 0 281 195 280 281 194 195 307 308 0 282 194 281 282 193 194 306 307 0 283 193 282 283 192 193 305 306 0 284 192 283 284 191 192 304 305 0 285 191 284 285 190 191 303 304 0 286 190 285 286 189 190 302 303 0 287 189 286 287 188 189 301 302 0 288 188 287 288 187 188 289 187 288 289 186 187 2 3 21 2 21 176 2 301 0 2 186 289 2 176 177 2 177 178 2 178 179 2 179 180 2 180 181 2 181 182 2 182 183 2 183 184 2 184 185 2 185 186 2 289 290 2 290 291 2 291 292 2 292 293 2 293 294 2 294 295 2 295 296 2 296 297 2 297 298 2 298 299 2 299 300 2 300 301 
">
      <Coordinate point="
180 0 20
0 0 20
180 150 20
0 150 20
42.5 87.9904 20
42.5363 88.5918 20
42.6449 89.1855 20
42.8212 89.7535 20
43.0621 90.2937 20
43.3635 90.7992 20
43.7205 91.2638 20
44.1275 91.6818 20
44.5786 92.0481 20
45.0672 92.3586 20
45.5864 92.6097 20
46.1292 92.7988 20
46.6882 92.924 20
47.2559 92.9844 20
47.825 92.9798 20
48.4497 92.8994 20
49.057 92.7418 20
49.6375 92.5104 20
50.1825 92.2099 20
50.684 91.8455 20
51.1347 91.4239 20
51.5284 90.9521 20
51.86 90.438 20
52.1251 89.89 20
52.3208 89.3169 20
52.4453 88.7276 20
52.4872 88.3473 20
52.5 87.9904 20
52.4637 87.389 20
52.3551 86.7953 20
52.1788 86.2273 20
51.9379 85.6871 20
51.6365 85.1815 20
51.2795 84.7169 20
50.8725 84.299 20
50.4214 83.9326 20
49.9328 83.6222 20
49.4136 83.371 20
48.8708 83.182 20
48.3118 83.0567 20
47.7441 82.9963 20
47.175 83.001 20
46.5503 83.0814 20
45.943 83.239 20
45.3625 83.4703 20
44.8175 83.7709 20
44.316 84.1352 20
43.8653 84.5569 20
43.4716 85.0287 20
43.14 85.5428 20
42.8749 86.0907 20
42.6792 86.6639 20
42.5547 87.2531 20
42.5128 87.6334 20
42.5 62.0096 20
42.5363 62.611 20
42.6449 63.2047 20
42.8212 63.7727 20
43.0621 64.3129 20
43.3635 64.8185 20
43.7205 65.2831 20
44.1275 65.701 20
44.5786 66.0674 20
45.0672 66.3778 20
45.5864 66.629 20
46.1292 66.818 20
46.6882 66.9433 20
47.2559 67.0037 20
47.825 66.999 20
48.4497 66.9186 20
49.057 66.761 20
49.6375 66.5297 20
50.1825 66.2291 20
50.684 65.8648 20
51.1347 65.4431 20
51.5284 64.9713 20
51.86 64.4572 20
52.1251 63.9093 20
52.3208 63.3361 20
52.4453 62.7469 20
52.4872 62.3666 20
52.5 62.0096 20
52.4637 61.4082 20
52.3551 60.8145 20
52.1788 60.2465 20
51.9379 59.7063 20
51.6365 59.2008 20
51.2795 58.7362 20
50.8725 58.3182 20
50.4214 57.9519 20
49.9328 57.6414 20
49.4136 57.3903 20
48.8708 57.2012 20
48.3118 57.076 20
47.7441 57.0156 20
47.175 57.0202 20
46.5503 57.1006 20
45.943 57.2582 20
45.3625 57.4896 20
44.8175 57.7901 20
44.316 58.1545 20
43.8653 58.5761 20
43.4716 59.0479 20
43.14 59.562 20
42.8749 60.11 20
42.6792 60.6831 20
42.5547 61.2724 20
42.5128 61.6527 20
127.5 62.0096 20
127.536 62.611 20
127.645 63.2047 20
127.821 63.7727 20
128.062 64.3129 20
128.364 64.8185 20
128.721 65.2831 20
129.128 65.701 20
129.579 66.0674 20
130.067 66.3778 20
130.586 66.629 20
131.129 66.818 20
131.688 66.9433 20
132.256 67.0037 20
132.825 66.999 20
133.45 66.9186 20
134.057 66.761 20
134.638 66.5297 20
135.183 66.2291 20
135.684 65.8648 20
136.135 65.4431 20
136.528 64.9713 20
136.86 64.4572 20
137.125 63.9093 20
137.321 63.3361 20
137.445 62.7469 20
137.487 62.3666 20
137.5 62.0096 20
137.464 61.4082 20
137.355 60.8145 20
137.179 60.2465 20
136.938 59.7063 20
136.636 59.2008 20
136.279 58.7362 20
135.872 58.3182 20
135.421 57.9519 20
134.933 57.6414 20
134.414 57.3903 20
133.871 57.2012 20
133.312 57.076 20
132.744 57.0156 20
132.175 57.0202 20
131.55 57.1006 20
130.943 57.2582 20
130.362 57.4896 20
129.817 57.7901 20
129.316 58.1545 20
128.865 58.5761 20
128.472 59.0479 20
128.14 59.562 20
127.875 60.11 20
127.679 60.6831 20
127.555 61.2724 20
127.513 61.6527 20
127.5 87.9904 20
127.536 88.5918 20
127.645 89.1855 20
127.821 89.7535 20
128.062 90.2937 20
128.364 90.7992 20
128.721 91.2638 20
129.128 91.6818 20
129.579 92.0481 20
130.067 92.3586 20
130.586 92.6097 20
131.129 92.7988 20
131.688 92.924 20
132.256 92.9844 20
132.825 92.9798 20
133.45 92.8994 20
134.057 92.7418 20
134.638 92.5104 20
135.183 92.2099 20
135.684 91.8455 20
136.135 91.4239 20
136.528 90.9521 20
136.86 90.438 20
137.125 89.89 20
137.321 89.3169 20
137.445 88.7276 20
137.487 88.3473 20
137.5 87.9904 20
137.464 87.389 20
137.355 86.7953 20
137.179 86.2273 20
136.938 85.6871 20
136.636 85.1815 20
136.279 84.7169 20
135.872 84.299 20
135.421 83.9326 20
134.933 83.6222 20
134.414 83.371 20
133.871 83.182 20
133.312 83.0567 20
132.744 82.9963 20
132.175 83.001 20
131.55 83.0814 20
130.943 83.239 20
130.362 83.4703 20
129.817 83.7709 20
129.316 84.1352 20
128.865 84.5569 20
128.472 85.0287 20
128.14 85.5428 20
127.875 86.0907 20
127.679 86.6639 20
127.555 87.2531 20
127.513 87.6334 20
20 75 20
20.0363 75.6014 20
20.1449 76.1951 20
20.3212 76.7631 20
20.5621 77.3033 20
20.8635 77.8088 20
21.2205 78.2734 20
21.6275 78.6914 20
22.0786 79.0577 20
22.5672 79.3682 20
23.0864 79.6193 20
23.6292 79.8084 20
24.1882 79.9337 20
24.7559 79.994 20
25.325 79.9894 20
25.9497 79.909 20
26.557 79.7514 20
27.1375 79.5201 20
27.6825 79.2195 20
28.184 78.8552 20
28.6347 78.4335 20
29.0284 77.9617 20
29.36 77.4476 20
29.6251 76.8996 20
29.8208 76.3265 20
29.9453 75.7373 20
29.9872 75.357 20
30 75 20
29.9637 74.3986 20
29.8551 73.8049 20
29.6788 73.2369 20
29.4379 72.6967 20
29.1365 72.1912 20
28.7795 71.7266 20
28.3725 71.3086 20
27.9214 70.9423 20
27.4328 70.6318 20
26.9136 70.3807 20
26.3708 70.1916 20
25.8118 70.0663 20
25.2441 70.006 20
24.675 70.0106 20
24.0503 70.091 20
23.443 70.2486 20
22.8625 70.4799 20
22.3175 70.7805 20
21.816 71.1448 20
21.3653 71.5665 20
20.9716 72.0383 20
20.64 72.5524 20
20.3749 73.1004 20
20.1792 73.6735 20
20.0547 74.2627 20
20.0128 74.643 20
150 75 20
150.036 75.6014 20
150.145 76.1951 20
150.321 76.7631 20
150.562 77.3033 20
150.864 77.8088 20
151.221 78.2734 20
151.628 78.6914 20
152.079 79.0577 20
152.567 79.3682 20
153.086 79.6193 20
153.629 79.8084 20
154.188 79.9337 20
154.756 79.994 20
155.325 79.9894 20
155.95 79.909 20
156.557 79.7514 20
157.138 79.5201 20
157.683 79.2195 20
158.184 78.8552 20
158.635 78.4335 20
159.028 77.9617 20
159.36 77.4476 20
159.625 76.8996 20
159.821 76.3265 20
159.945 75.7373 20
159.987 75.357 20
160 75 20
159.964 74.3986 20
159.855 73.8049 20
159.679 73.2369 20
159.438 72.6967 20
159.136 72.1912 20
158.779 71.7266 20
158.372 71.3086 20
157.921 70.9423 20
157.433 70.6318 20
156.914 70.3807 20
156.371 70.1916 20
155.812 70.0663 20
155.244 70.006 20
154.675 70.0106 20
154.05 70.091 20
153.443 70.2486 20
152.862 70.4799 20
152.317 70.7805 20
151.816 71.1448 20
151.365 71.5665 20
150.972 72.0383 20
150.64 72.5524 20
150.375 73.1004 20
150.179 73.6735 20
150.055 74.2627 20
150.013 74.643 20
"></Coordinate>
      <Normal vector="
0 -0 1
0 -0 1
0 -0 1
0 -0 1
0 -0 1
0 -0 1
0 -0 1
0 -0 1
0 -0 1
0 -0 1
0 -0 1
0 -0 1
0 -0 1
0 -0 1
0 -0 1
0 -0 1
0 -0 1
0 -0 1
0 -0 1
0 -0 1
0 -0 1
0 -0 1
0 -0 1
0 -0 1
0 -0 1
0 -0 1
0 -0 1
0 -0 1
0 -0 1
0 -0 1
0 -0 1
0 -0 1
0 -0 1
0 -0 1
0 -0 1
0 -0 1
0 -0 1
0 -0 1
0 -0 1
0 -0 1
0 -0 1
0 -0 1
0 -0 1
0 -0 1
0 -0 1
0 -0 1
0 -0 1
0 -0 1
0 -0 1
0 -0 1
0 -0 1
0 -0 1
0 -0 1
0 -0 1
0 -0 1
0 -0 1
0 -0 1
0 -0 1
0 -0 1
0 -0 1
0 -0 1
0 -0 1
0 -0 1
0 -0 1
0 -0 1
0 -0 1
0 -0 1
0 -0 1
0 -0 1
0 -0 1
0 -0 1
0 -0 1
0 -0 1
0 -0 1
0 -0 1
0 -0 1
0 -0 1
0 -0 1
0 -0 1
0 -0 1
0 -0 1
0 -0 1
0 -0 1
0 -0 1
0 -0 1
0 -0 1
0 -0 1
0 -0 1
0 -0 1
0 -0 1
0 -0 1
0 -0 1
0 -0 1
0 -0 1
0 -0 1
0 -0 1
0 -0 1
0 -0 1
0 -0 1
0 -0 1
0 -0 1
0 -0 1
0 -0 1
0 -0 1
0 -0 1
0 -0 1
0 -0 1
0 -0 1
0 -0 1
0 -0 1
0 -0 1
0 -0 1
0 -0 1
0 -0 1
0 -0 1
0 -0 1
0 -0 1
0 -0 1
0 -0 1
0 -0 1
0 -0 1
0 -0 1
0 -0 1
0 -0 1
0 -0 1
0 -0 1
0 -0 1
0 -0 1
0 -0 1
0 -0 1
0 -0 1
0 -0 1
0 -0 1
0 -0 1
0 -0 1
0 -0 1
0 -0 1
0 -0 1
0 -0 1
0 -0 1
0 -0 1
0 -0 1
0 -0 1
0 -0 1
0 -0 1
0 -0 1
0 -0 1
0 -0 1
0 -0 1
0 -0 1
0 -0 1
0 -0 1
0 -0 1
0 -0 1
0 -0 1
0 -0 1
0 -0 1
0 -0 1
0 -0 1
0 -0 1
0 -0 1
0 -0 1
0 -0 1
0 -0 1
0 -0 1
0 -0 1
0 -0 1
0 -0 1
0 -0 1
0 -0 1
0 -0 1
0 -0 1
0 -0 1
0 -0 1
0 -0 1
0 -0 1
0 -0 1
0 -0 1
0 -0 1
0 -0 1
0 -0 1
0 -0 1
0 -0 1
0 -0 1
0 -0 1
0 -0 1
0 -0 1
0 -0 1
0 -0 1
0 -0 1
0 -0 1
0 -0 1
0 -0 1
0 -0 1
0 -0 1
0 -0 1
0 -0 1
0 -0 1
0 -0 1
0 -0 1
0 -0 1
0 -0 1
0 -0 1
0 -0 1
0 -0 1
0 -0 1
0 -0 1
0 -0 1
0 -0 1
0 -0 1
0 -0 1
0 -0 1
0 -0 1
0 -0 1
0 -0 1
0 -0 1
0 -0 1
0 -0 1
0 -0 1
0 -0 1
0 -0 1
0 -0 1
0 -0 1
0 -0 1
0 -0 1
0 -0 1
0 -0 1
0 -0 1
0 -0 1
0 -0 1
0 -0 1
0 -0 1
0 -0 1
0 -0 1
0 -0 1
0 -0 1
0 -0 1
0 -0 1
0 -0 1
0 -0 1
0 -0 1
0 -0 1
0 -0 1
0 -0 1
0 -0 1
0 -0 1
0 -0 1
0 -0 1
0 -0 1
0 -0 1
0 -0 1
0 -0 1
0 -0 1
0 -0 1
0 -0 1
0 -0 1
0 -0 1
0 -0 1
0 -0 1
0 -0 1
0 -0 1
0 -0 1
0 -0 1
0 -0 1
0 -0 1
0 -0 1
0 -0 1
0 -0 1
0 -0 1
0 -0 1
0 -0 1
0 -0 1
0 -0 1
0 -0 1
0 -0 1
0 -0 1
0 -0 1
0 -0 1
0 -0 1
0 -0 1
0 -0 1
0 -0 1
0 -0 1
0 -0 1
0 -0 1
0 -0 1
0 -0 1
0 -0 1
0 -0 1
0 -0 1
0 -0 1
0 -0 1
0 -0 1
0 -0 1
0 -0 1
0 -0 1
0 -0 1
0 -0 1
0 -0 1
0 -0 1
0 -0 1
0 -0 1
0 -0 1
0 -0 1
0 -0 1
0 -0 1
0 -0 1
0 -0 1
0 -0 1
0 -0 1
0 -0 1
0 -0 1
0 -0 1
0 -0 1
0 -0 1
0 -0 1
0 -0 1
0 -0 1
0 -0 1
0 -0 1
0 -0 1
0 -0 1
0 -0 1
0 -0 1
0 -0 1
0 -0 1
0 -0 1
0 -0 1
"></Normal>
     </IndexedTriangleSet>
    </Shape>
    <Shape DEF="face83">
     <Appearance><Material DEF="matface83" diffuseColor="0.780392 0.780392 0.000000" shininess="0.9" specularColor="0.2 0.2 0.2" transparency="0"></Material></Appearance>
     <IndexedTriangleSet DEF="setface83" index="
0 1 2 0 2 3 
">
      <Coordinate point="
180 0 0
180 0 20
0 0 20
0 0 0
"></Coordinate>
      <Normal vector="
0 -1 0
0 -1 0
0 -1 0
0 -1 0
"></Normal>
     </IndexedTriangleSet>
    </Shape>
    <Shape DEF="face84">
     <Appearance><Material DEF="matface84" diffuseColor="0.780392 0.780392 0.000000" shininess="0.9" specularColor="0.2 0.2 0.2" transparency="0"></Material></Appearance>
     <IndexedTriangleSet DEF="setface84" index="
2 0 1 2 3 0 
">
      <Coordinate point="
0 0 0
0 0 20
0 150 20
0 150 0
"></Coordinate>
      <Normal vector="
-1 -0 0
-1 -0 0
-1 -0 0
-1 -0 0
"></Normal>
     </IndexedTriangleSet>
    </Shape>
    <Shape DEF="face85">
     <Appearance><Material DEF="matface85" diffuseColor="0.780392 0.780392 0.000000" shininess="0.9" specularColor="0.2 0.2 0.2" transparency="0"></Material></Appearance>
     <IndexedTriangleSet DEF="setface85" index="
2 0 1 2 3 0 
">
      <Coordinate point="
0 150 0
0 150 20
180 150 20
180 150 0
"></Coordinate>
      <Normal vector="
0 1 0
0 1 0
0 1 0
0 1 0
"></Normal>
     </IndexedTriangleSet>
    </Shape>
    <Shape DEF="face86">
     <Appearance><Material DEF="matface86" diffuseColor="0.780392 0.780392 0.000000" shininess="0.9" specularColor="0.2 0.2 0.2" transparency="0"></Material></Appearance>
     <IndexedTriangleSet DEF="setface86" index="
280 0 281 282 281 0 279 0 280 283 282 0 278 0 279 284 283 0 277 0 278 285 284 0 276 0 277 286 285 0 275 0 276 274 0 275 118 286 0 118 0 119 120 119 0 117 286 118 117 287 286 121 120 0 116 287 117 116 288 287 122 121 0 115 288 116 115 289 288 123 122 0 114 289 115 114 290 289 124 123 0 113 290 114 113 291 290 125 124 0 112 291 113 112 292 291 126 125 0 165 292 112 165 293 292 164 293 165 127 126 0 163 293 164 163 294 293 128 127 0 162 294 163 162 295 294 129 128 0 161 295 162 161 296 295 160 296 161 160 297 296 159 297 160 159 298 297 158 298 159 158 299 298 158 300 299 157 300 158 157 301 300 173 303 302 172 304 303 172 303 173 174 173 302 174 302 301 171 305 304 171 304 172 175 301 157 175 174 301 175 157 156 170 306 305 170 305 171 176 156 155 176 175 156 169 307 306 169 306 170 177 155 154 177 176 155 168 308 307 168 307 169 178 177 154 178 154 153 167 309 308 167 308 168 179 153 152 179 178 153 166 310 309 166 309 167 180 152 151 180 179 152 219 311 310 219 310 166 218 312 311 218 311 219 181 180 151 181 151 150 217 313 312 217 312 218 182 181 150 182 150 149 216 314 313 216 313 217 183 182 149 183 149 148 215 315 314 215 314 216 184 183 148 184 148 147 214 316 315 214 315 215 185 184 147 185 147 146 213 316 214 186 146 145 186 185 146 187 186 145 187 145 144 188 187 144 188 144 143 189 143 142 189 188 143 190 189 142 190 142 141 1 204 203 1 205 204 1 206 205 1 207 206 1 208 207 1 209 208 1 210 209 1 211 210 1 212 211 1 213 212 1 317 316 1 318 317 1 319 318 1 320 319 1 321 320 1 322 321 1 323 322 1 324 323 1 325 324 1 326 325 1 327 326 1 274 327 1 0 274 1 316 213 2 129 0 65 132 131 64 133 132 64 132 65 66 131 130 66 65 131 63 134 133 63 133 64 67 130 129 67 66 130 62 134 63 62 135 134 68 129 2 68 67 129 61 136 135 61 135 62 69 68 2 60 137 136 60 136 61 70 69 2 59 137 60 59 138 137 71 70 2 58 139 138 58 138 59 72 71 2 111 140 139 111 139 58 110 141 140 110 140 111 73 72 2 109 141 110 109 190 141 74 73 2 75 74 2 76 75 2 77 76 2 78 77 2 11 105 104 10 106 105 10 105 11 12 104 103 12 11 104 9 107 106 9 106 10 13 103 102 13 12 103 8 108 107 8 107 9 14 102 101 14 13 102 7 109 108 7 108 8 15 101 100 15 14 101 6 190 109 6 109 7 6 191 190 16 15 100 16 100 99 5 191 6 5 192 191 17 16 99 17 99 98 4 192 5 4 193 192 18 17 98 18 98 97 57 193 4 57 194 193 56 194 57 56 195 194 19 18 97 19 97 96 55 195 56 55 196 195 20 96 95 20 19 96 54 196 55 54 197 196 21 95 94 21 20 95 53 197 54 53 198 197 22 21 94 52 198 53 52 199 198 51 199 52 51 200 199 50 200 51 50 201 200 49 202 201 49 201 50 48 203 202 48 202 49 48 1 203 227 87 86 226 87 227 226 88 87 228 227 86 228 86 85 225 88 226 225 89 88 229 228 85 229 85 84 224 89 225 224 90 89 230 229 84 230 84 83 223 90 224 223 91 90 231 230 83 231 83 82 222 91 223 222 92 91 232 231 82 232 82 81 221 92 222 221 93 92 233 232 81 233 81 80 220 93 221 220 22 94 220 94 93 234 233 80 234 80 79 273 23 22 273 22 220 272 23 273 235 78 2 235 234 79 235 79 78 271 24 23 271 23 272 236 235 2 270 25 24 270 24 271 237 236 2 269 26 25 269 25 270 238 237 2 268 27 26 268 26 269 239 238 2 267 28 27 267 27 268 240 239 2 266 29 28 266 30 29 266 28 267 241 240 2 265 31 30 265 30 266 242 241 2 264 31 265 264 32 31 243 242 2 263 33 32 263 32 264 244 243 2 262 34 33 262 33 263 245 244 2 246 245 2 261 35 34 261 34 262 247 246 2 260 35 261 260 36 35 259 36 260 259 37 36 3 1 48 3 38 37 3 39 38 3 40 39 3 41 40 3 42 41 3 43 42 3 44 43 3 45 44 3 46 45 3 248 247 3 47 46 3 249 248 3 48 47 3 250 249 3 251 250 3 252 251 3 253 252 3 247 2 3 254 253 3 255 254 3 256 255 3 257 256 3 258 257 3 259 258 3 37 259 
">
      <Coordinate point="
180 0 0
180 150 0
0 0 0
0 150 0
52.5 87.9904 0
52.4637 87.389 0
52.3551 86.7953 0
52.1788 86.2273 0
51.9379 85.6871 0
51.6365 85.1815 0
51.2795 84.7169 0
50.8725 84.299 0
50.4214 83.9326 0
49.9328 83.6222 0
49.4136 83.371 0
48.8708 83.182 0
48.3118 83.0567 0
47.7441 82.9963 0
47.175 83.001 0
46.5503 83.0814 0
45.943 83.239 0
45.3625 83.4703 0
44.8175 83.7709 0
44.316 84.1352 0
43.8653 84.5569 0
43.4716 85.0287 0
43.14 85.5428 0
42.8749 86.0907 0
42.6792 86.6639 0
42.5547 87.2531 0
42.5128 87.6334 0
42.5 87.9904 0
42.5363 88.5918 0
42.6449 89.1855 0
42.8212 89.7535 0
43.0621 90.2937 0
43.3635 90.7992 0
43.7205 91.2638 0
44.1275 91.6818 0
44.5786 92.0481 0
45.0672 92.3586 0
45.5864 92.6097 0
46.1292 92.7988 0
46.6882 92.924 0
47.2559 92.9844 0
47.825 92.9798 0
48.4497 92.8994 0
49.057 92.7418 0
49.6375 92.5104 0
50.1825 92.2099 0
50.684 91.8455 0
51.1347 91.4239 0
51.5284 90.9521 0
51.86 90.438 0
52.1251 89.89 0
52.3208 89.3169 0
52.4453 88.7276 0
52.4872 88.3473 0
52.5 62.0096 0
52.4637 61.4082 0
52.3551 60.8145 0
52.1788 60.2465 0
51.9379 59.7063 0
51.6365 59.2008 0
51.2795 58.7362 0
50.8725 58.3182 0
50.4214 57.9519 0
49.9328 57.6414 0
49.4136 57.3903 0
48.8708 57.2012 0
48.3118 57.076 0
47.7441 57.0156 0
47.175 57.0202 0
46.5503 57.1006 0
45.943 57.2582 0
45.3625 57.4896 0
44.8175 57.7901 0
44.316 58.1545 0
43.8653 58.5761 0
43.4716 59.0479 0
43.14 59.562 0
42.8749 60.11 0
42.6792 60.6831 0
42.5547 61.2724 0
42.5128 61.6527 0
42.5 62.0096 0
42.5363 62.611 0
42.6449 63.2047 0
42.8212 63.7727 0
43.0621 64.3129 0
43.3635 64.8185 0
43.7205 65.2831 0
44.1275 65.701 0
44.5786 66.0674 0
45.0672 66.3778 0
45.5864 66.629 0
46.1292 66.818 0
46.6882 66.9433 0
47.2559 67.0037 0
47.825 66.999 0
48.4497 66.9186 0
49.057 66.761 0
49.6375 66.5297 0
50.1825 66.2291 0
50.684 65.8648 0
51.1347 65.4431 0
51.5284 64.9713 0
51.86 64.4572 0
52.1251 63.9093 0
52.3208 63.3361 0
52.4453 62.7469 0
52.4872 62.3666 0
137.5 62.0096 0
137.464 61.4082 0
137.355 60.8145 0
137.179 60.2465 0
136.938 59.7063 0
136.636 59.2008 0
136.279 58.7362 0
135.872 58.3182 0
135.421 57.9519 0
134.933 57.6414 0
134.414 57.3903 0
133.871 57.2012 0
133.312 57.076 0
132.744 57.0156 0
132.175 57.0202 0
131.55 57.1006 0
130.943 57.2582 0
130.362 57.4896 0
129.817 57.7901 0
129.316 58.1545 0
128.865 58.5761 0
128.472 59.0479 0
128.14 59.562 0
127.875 60.11 0
127.679 60.6831 0
127.555 61.2724 0
127.513 61.6527 0
127.5 62.0096 0
127.536 62.611 0
127.645 63.2047 0
127.821 63.7727 0
128.062 64.3129 0
128.364 64.8185 0
128.721 65.2831 0
129.128 65.701 0
129.579 66.0674 0
130.067 66.3778 0
130.586 66.629 0
131.129 66.818 0
131.688 66.9433 0
132.256 67.0037 0
132.825 66.999 0
133.45 66.9186 0
134.057 66.761 0
134.638 66.5297 0
135.183 66.2291 0
135.684 65.8648 0
136.135 65.4431 0
136.528 64.9713 0
136.86 64.4572 0
137.125 63.9093 0
137.321 63.3361 0
137.445 62.7469 0
137.487 62.3666 0
137.5 87.9904 0
137.464 87.389 0
137.355 86.7953 0
137.179 86.2273 0
136.938 85.6871 0
136.636 85.1815 0
136.279 84.7169 0
135.872 84.299 0
135.421 83.9326 0
134.933 83.6222 0
134.414 83.371 0
133.871 83.182 0
133.312 83.0567 0
132.744 82.9963 0
132.175 83.001 0
131.55 83.0814 0
130.943 83.239 0
130.362 83.4703 0
129.817 83.7709 0
129.316 84.1352 0
128.865 84.5569 0
128.472 85.0287 0
128.14 85.5428 0
127.875 86.0907 0
127.679 86.6639 0
127.555 87.2531 0
127.513 87.6334 0
127.5 87.9904 0
127.536 88.5918 0
127.645 89.1855 0
127.821 89.7535 0
128.062 90.2937 0
128.364 90.7992 0
128.721 91.2638 0
129.128 91.6818 0
129.579 92.0481 0
130.067 92.3586 0
130.586 92.6097 0
131.129 92.7988 0
131.688 92.924 0
132.256 92.9844 0
132.825 92.9798 0
133.45 92.8994 0
134.057 92.7418 0
134.638 92.5104 0
135.183 92.2099 0
135.684 91.8455 0
136.135 91.4239 0
136.528 90.9521 0
136.86 90.438 0
137.125 89.89 0
137.321 89.3169 0
137.445 88.7276 0
137.487 88.3473 0
30 75 0
29.9637 74.3986 0
29.8551 73.8049 0
29.6788 73.2369 0
29.4379 72.6967 0
29.1365 72.1912 0
28.7795 71.7266 0
28.3725 71.3086 0
27.9214 70.9423 0
27.4328 70.6318 0
26.9136 70.3807 0
26.3708 70.1916 0
25.8118 70.0663 0
25.2441 70.006 0
24.675 70.0106 0
24.0503 70.091 0
23.443 70.2486 0
22.8625 70.4799 0
22.3175 70.7805 0
21.816 71.1448 0
21.3653 71.5665 0
20.9716 72.0383 0
20.64 72.5524 0
20.3749 73.1004 0
20.1792 73.6735 0
20.0547 74.2627 0
20.0128 74.643 0
20 75 0
20.0363 75.6014 0
20.1449 76.1951 0
20.3212 76.7631 0
20.5621 77.3033 0
20.8635 77.8088 0
21.2205 78.2734 0
21.6275 78.6914 0
22.0786 79.0577 0
22.5672 79.3682 0
23.0864 79.6193 0
23.6292 79.8084 0
24.1882 79.9337 0
24.7559 79.994 0
25.325 79.9894 0
25.9497 79.909 0
26.557 79.7514 0
27.1375 79.5201 0
27.6825 79.2195 0
28.184 78.8552 0
28.6347 78.4335 0
29.0284 77.9617 0
29.36 77.4476 0
29.6251 76.8996 0
29.8208 76.3265 0
29.9453 75.7373 0
29.9872 75.357 0
160 75 0
159.964 74.3986 0
159.855 73.8049 0
159.679 73.2369 0
159.438 72.6967 0
159.136 72.1912 0
158.779 71.7266 0
158.372 71.3086 0
157.921 70.9423 0
157.433 70.6318 0
156.914 70.3807 0
156.371 70.1916 0
155.812 70.0663 0
155.244 70.006 0
154.675 70.0106 0
154.05 70.091 0
153.443 70.2486 0
152.862 70.4799 0
152.317 70.7805 0
151.816 71.1448 0
151.365 71.5665 0
150.972 72.0383 0
150.64 72.5524 0
150.375 73.1004 0
150.179 73.6735 0
150.055 74.2627 0
150.013 74.643 0
150 75 0
150.036 75.6014 0
150.145 76.1951 0
150.321 76.7631 0
150.562 77.3033 0
150.864 77.8088 0
151.221 78.2734 0
151.628 78.6914 0
152.079 79.0577 0
152.567 79.3682 0
153.086 79.6193 0
153.629 79.8084 0
154.188 79.9337 0
154.756 79.994 0
155.325 79.9894 0
155.95 79.909 0
156.557 79.7514 0
157.138 79.5201 0
157.683 79.2195 0
158.184 78.8552 0
158.635 78.4335 0
159.028 77.9617 0
159.36 77.4476 0
159.625 76.8996 0
159.821 76.3265 0
159.945 75.7373 0
159.987 75.357 0
"></Coordinate>
      <Normal vector="
0 0 -1
0 0 -1
0 0 -1
0 0 -1
0 0 -1
0 0 -1
0 0 -1
0 0 -1
0 0 -1
0 0 -1
0 0 -1
0 0 -1
0 0 -1
0 0 -1
0 0 -1
0 0 -1
0 0 -1
0 0 -1
0 0 -1
0 0 -1
0 0 -1
0 0 -1
0 0 -1
0 0 -1
0 0 -1
0 0 -1
0 0 -1
0 0 -1
0 0 -1
0 0 -1
0 0 -1
0 0 -1
0 0 -1
0 0 -1
0 0 -1
0 0 -1
0 0 -1
0 0 -1
0 0 -1
0 0 -1
0 0 -1
0 0 -1
0 0 -1
0 0 -1
0 0 -1
0 0 -1
0 0 -1
0 0 -1
0 0 -1
0 0 -1
0 0 -1
0 0 -1
0 0 -1
0 0 -1
0 0 -1
0 0 -1
0 0 -1
0 0 -1
0 0 -1
0 0 -1
0 0 -1
0 0 -1
0 0 -1
0 0 -1
0 0 -1
0 0 -1
0 0 -1
0 0 -1
0 0 -1
0 0 -1
0 0 -1
0 0 -1
0 0 -1
0 0 -1
0 0 -1
0 0 -1
0 0 -1
0 0 -1
0 0 -1
0 0 -1
0 0 -1
0 0 -1
0 0 -1
0 0 -1
0 0 -1
0 0 -1
0 0 -1
0 0 -1
0 0 -1
0 0 -1
0 0 -1
0 0 -1
0 0 -1
0 0 -1
0 0 -1
0 0 -1
0 0 -1
0 0 -1
0 0 -1
0 0 -1
0 0 -1
0 0 -1
0 0 -1
0 0 -1
0 0 -1
0 0 -1
0 0 -1
0 0 -1
0 0 -1
0 0 -1
0 0 -1
0 0 -1
0 0 -1
0 0 -1
0 0 -1
0 0 -1
0 0 -1
0 0 -1
0 0 -1
0 0 -1
0 0 -1
0 0 -1
0 0 -1
0 0 -1
0 0 -1
0 0 -1
0 0 -1
0 0 -1
0 0 -1
0 0 -1
0 0 -1
0 0 -1
0 0 -1
0 0 -1
0 0 -1
0 0 -1
0 0 -1
0 0 -1
0 0 -1
0 0 -1
0 0 -1
0 0 -1
0 0 -1
0 0 -1
0 0 -1
0 0 -1
0 0 -1
0 0 -1
0 0 -1
0 0 -1
0 0 -1
0 0 -1
0 0 -1
0 0 -1
0 0 -1
0 0 -1
0 0 -1
0 0 -1
0 0 -1
0 0 -1
0 0 -1
0 0 -1
0 0 -1
0 0 -1
0 0 -1
0 0 -1
0 0 -1
0 0 -1
0 0 -1
0 0 -1
0 0 -1
0 0 -1
0 0 -1
0 0 -1
0 0 -1
0 0 -1
0 0 -1
0 0 -1
0 0 -1
0 0 -1
0 0 -1
0 0 -1
0 0 -1
0 0 -1
0 0 -1
0 0 -1
0 0 -1
0 0 -1
0 0 -1
0 0 -1
0 0 -1
0 0 -1
0 0 -1
0 0 -1
0 0 -1
0 0 -1
0 0 -1
0 0 -1
0 0 -1
0 0 -1
0 0 -1
0 0 -1
0 0 -1
0 0 -1
0 0 -1
0 0 -1
0 0 -1
0 0 -1
0 0 -1
0 0 -1
0 0 -1
0 0 -1
0 0 -1
0 0 -1
0 0 -1
0 0 -1
0 0 -1
0 0 -1
0 0 -1
0 0 -1
0 0 -1
0 0 -1
0 0 -1
0 0 -1
0 0 -1
0 0 -1
0 0 -1
0 0 -1
0 0 -1
0 0 -1
0 0 -1
0 0 -1
0 0 -1
0 0 -1
0 0 -1
0 0 -1
0 0 -1
0 0 -1
0 0 -1
0 0 -1
0 0 -1
0 0 -1
0 0 -1
0 0 -1
0 0 -1
0 0 -1
0 0 -1
0 0 -1
0 0 -1
0 0 -1
0 0 -1
0 0 -1
0 0 -1
0 0 -1
0 0 -1
0 0 -1
0 0 -1
0 0 -1
0 0 -1
0 0 -1
0 0 -1
0 0 -1
0 0 -1
0 0 -1
0 0 -1
0 0 -1
0 0 -1
0 0 -1
0 0 -1
0 0 -1
0 0 -1
0 0 -1
0 0 -1
0 0 -1
0 0 -1
0 0 -1
0 0 -1
0 0 -1
0 0 -1
0 0 -1
0 0 -1
0 0 -1
0 0 -1
0 0 -1
0 0 -1
0 0 -1
0 0 -1
0 0 -1
0 0 -1
0 0 -1
0 0 -1
0 0 -1
0 0 -1
0 0 -1
0 0 -1
0 0 -1
0 0 -1
0 0 -1
0 0 -1
0 0 -1
0 0 -1
0 0 -1
0 0 -1
0 0 -1
0 0 -1
0 0 -1
0 0 -1
0 0 -1
0 0 -1
0 0 -1
0 0 -1
0 0 -1
0 0 -1
0 0 -1
0 0 -1
0 0 -1
0 0 -1
0 0 -1
0 0 -1
0 0 -1
0 0 -1
0 0 -1
0 0 -1
0 0 -1
0 0 -1
0 0 -1
0 0 -1
0 0 -1
"></Normal>
     </IndexedTriangleSet>
    </Shape>
    <Shape DEF="face87">
     <Appearance><Material DEF="matface87" diffuseColor="0.780392 0.780392 0.000000" shininess="0.9" specularColor="0.2 0.2 0.2" transparency="0"></Material></Appearance>
     <IndexedTriangleSet DEF="setface87" index="
1 2 3 1 3 0 
">
      <Coordinate point="
180 0 0
180 150 0
180 150 20
180 0 20
"></Coordinate>
      <Normal vector="
1 -0 0
1 -0 0
1 -0 0
1 -0 0
"></Normal>
     </IndexedTriangleSet>
    </Shape>
    <Shape DEF="face88">
     <Appearance><Material DEF="matface88" diffuseColor="0.780392 0.780392 0.000000" shininess="0.9" specularColor="0.2 0.2 0.2" transparency="0"></Material></Appearance>
     <IndexedTriangleSet DEF="setface88" index="
1 41 40 1 40 0 2 41 1 2 42 41 3 43 42 3 42 2 4 43 3 4 44 43 5 45 44 5 44 4 6 45 5 6 46 45 7 47 46 7 46 6 8 47 7 8 48 47 9 48 8 9 49 48 10 49 9 10 50 49 11 51 50 11 50 10 12 51 11 12 52 51 13 53 52 13 52 12 14 53 13 14 54 53 15 55 54 15 54 14 16 56 55 16 55 15 17 57 56 17 56 16 18 58 57 18 57 17 19 59 58 19 58 18 20 60 59 20 59 19 21 61 60 21 60 20 22 62 61 22 61 21 23 62 22 23 63 62 24 64 63 24 63 23 25 64 24 25 65 64 26 66 65 26 65 25 27 66 26 27 67 66 28 67 27 28 68 67 29 68 28 29 69 68 30 69 29 30 70 69 31 71 70 31 70 30 32 71 31 32 72 71 33 73 72 33 72 32 34 73 33 34 74 73 35 74 34 35 75 74 36 75 35 36 76 75 37 76 36 37 77 76 38 77 37 38 39 77 
">
      <Coordinate point="
150 75 0
150.018 75.4186 0
150.068 75.8224 0
150.154 76.2299 0
150.272 76.6277 0
150.423 77.0132 0
150.605 77.3841 0
150.816 77.7379 0
151.055 78.0723 0
151.32 78.3853 0
151.61 78.675 0
151.921 78.9396 0
152.252 79.1774 0
152.601 79.387 0
152.965 79.5673 0
153.342 79.7172 0
153.73 79.8359 0
154.124 79.9227 0
154.524 79.9773 0
154.927 79.9995 0
155.373 79.986 0
155.816 79.9329 0
156.252 79.8408 0
156.676 79.7106 0
157.087 79.5436 0
157.481 79.3413 0
157.854 79.1055 0
158.204 78.8384 0
158.529 78.5421 0
158.826 78.2191 0
159.093 77.8722 0
159.328 77.5042 0
159.529 77.118 0
159.696 76.7169 0
159.827 76.3039 0
159.922 75.8824 0
159.979 75.4556 0
159.995 75.2231 0
160 75 0
160 75 20
150 75 20
150.018 75.4186 20
150.068 75.8224 20
150.154 76.2299 20
150.272 76.6277 20
150.423 77.0132 20
150.605 77.3841 20
150.816 77.7379 20
151.055 78.0723 20
151.32 78.3853 20
151.61 78.675 20
151.921 78.9396 20
152.252 79.1774 20
152.601 79.387 20
152.965 79.5673 20
153.342 79.7172 20
153.73 79.8359 20
154.124 79.9227 20
154.524 79.9773 20
154.927 79.9995 20
155.373 79.986 20
155.816 79.9329 20
156.252 79.8408 20
156.676 79.7106 20
157.087 79.5436 20
157.481 79.3413 20
157.854 79.1055 20
158.204 78.8384 20
158.529 78.5421 20
158.826 78.2191 20
159.093 77.8722 20
159.328 77.5042 20
159.529 77.118 20
159.696 76.7169 20
159.827 76.3039 20
159.922 75.8824 20
159.979 75.4556 20
159.995 75.2231 20
"></Coordinate>
      <Normal vector="
1 -5.68434e-15 0
0.996489 -0.0837271 0
0.98638 -0.164484 0
0.969276 -0.245976 0
0.945529 -0.325537 0
0.915354 -0.40265 0
0.879001 -0.476819 0
0.836758 -0.547572 0
0.788947 -0.614461 0
0.735921 -0.677067 0
0.678064 -0.735002 0
0.615789 -0.787911 0
0.54953 -0.835474 0
0.479747 -0.877407 0
0.406917 -0.913465 0
0.331533 -0.943444 0
0.2541 -0.967178 0
0.175134 -0.984545 0
0.0951561 -0.995462 0
0.0146902 -0.999892 0
-0.0746522 -0.99721 -0
-0.163222 -0.986589 -0
-0.250322 -0.968163 -0
-0.335269 -0.942122 -0
-0.417407 -0.90872 -0
-0.496106 -0.868262 -0
-0.570771 -0.82111 -0
-0.640841 -0.767674 -0
-0.7058 -0.708411 -0
-0.765177 -0.64382 -0
-0.818548 -0.574438 -0
-0.865543 -0.500835 -0
-0.905846 -0.423607 -0
-0.939197 -0.343378 -0
-0.965397 -0.260784 -0
-0.984305 -0.176478 -0
-0.99584 -0.0911167 -0
-0.999004 -0.0446122 -0
-1 5.68434e-15 0
-1 1.13687e-14 0
1 -1.7053e-14 0
0.996489 -0.0837271 0
0.98638 -0.164484 0
0.969276 -0.245976 0
0.945529 -0.325537 0
0.915354 -0.40265 0
0.879001 -0.476819 0
0.836758 -0.547572 0
0.788947 -0.614461 0
0.735921 -0.677067 0
0.678064 -0.735002 0
0.615789 -0.787911 0
0.54953 -0.835474 0
0.479747 -0.877407 0
0.406917 -0.913465 0
0.331533 -0.943444 0
0.2541 -0.967178 0
0.175134 -0.984545 0
0.0951561 -0.995462 0
0.0146902 -0.999892 0
-0.0746522 -0.99721 -0
-0.163222 -0.986589 -0
-0.250322 -0.968163 -0
-0.335269 -0.942122 -0
-0.417407 -0.90872 -0
-0.496106 -0.868262 -0
-0.570771 -0.82111 -0
-0.640841 -0.767674 -0
-0.7058 -0.708411 -0
-0.765177 -0.64382 -0
-0.818548 -0.574438 -0
-0.865543 -0.500835 -0
-0.905846 -0.423607 -0
-0.939197 -0.343378 -0
-0.965397 -0.260784 -0
-0.984305 -0.176478 -0
-0.99584 -0.0911167 -0
-0.999004 -0.0446122 -0
"></Normal>
     </IndexedTriangleSet>
    </Shape>
    <Shape DEF="face89">
     <Appearance><Material DEF="matface89" diffuseColor="0.780392 0.780392 0.000000" shininess="0.9" specularColor="0.2 0.2 0.2" transparency="0"></Material></Appearance>
     <IndexedTriangleSet DEF="setface89" index="
1 41 40 1 40 0 2 41 1 2 42 41 3 43 42 3 42 2 4 43 3 4 44 43 5 45 44 5 44 4 6 45 5 6 46 45 7 47 46 7 46 6 8 47 7 8 48 47 9 48 8 9 49 48 10 49 9 10 50 49 11 51 50 11 50 10 12 51 11 12 52 51 13 53 52 13 52 12 14 53 13 14 54 53 15 55 54 15 54 14 16 56 55 16 55 15 17 57 56 17 56 16 18 58 57 18 57 17 19 59 58 19 58 18 20 60 59 20 59 19 21 61 60 21 60 20 22 62 61 22 61 21 23 62 22 23 63 62 24 64 63 24 63 23 25 64 24 25 65 64 26 66 65 26 65 25 27 66 26 27 67 66 28 67 27 28 68 67 29 68 28 29 69 68 30 69 29 30 70 69 31 71 70 31 70 30 32 71 31 32 72 71 33 73 72 33 72 32 34 73 33 34 74 73 35 74 34 35 75 74 36 75 35 36 76 75 37 76 36 37 77 76 38 77 37 38 39 77 
">
      <Coordinate point="
20 75 0
20.0176 75.4186 0
20.0681 75.8224 0
20.1536 76.2299 0
20.2724 76.6277 0
20.4232 77.0132 0
20.605 77.3841 0
20.8162 77.7379 0
21.0553 78.0723 0
21.3204 78.3853 0
21.6097 78.675 0
21.9211 78.9396 0
22.2523 79.1774 0
22.6013 79.387 0
22.9654 79.5673 0
23.3423 79.7172 0
23.7295 79.8359 0
24.1243 79.9227 0
24.5242 79.9773 0
24.9265 79.9995 0
25.3733 79.986 0
25.8161 79.9329 0
26.2516 79.8408 0
26.6763 79.7106 0
27.087 79.5436 0
27.4805 79.3413 0
27.8539 79.1055 0
28.2042 78.8384 0
28.529 78.5421 0
28.8259 78.2191 0
29.0927 77.8722 0
29.3277 77.5042 0
29.5292 77.118 0
29.696 76.7169 0
29.827 76.3039 0
29.9215 75.8824 0
29.9792 75.4556 0
29.995 75.2231 0
30 75 0
30 75 20
20 75 20
20.0176 75.4186 20
20.0681 75.8224 20
20.1536 76.2299 20
20.2724 76.6277 20
20.4232 77.0132 20
20.605 77.3841 20
20.8162 77.7379 20
21.0553 78.0723 20
21.3204 78.3853 20
21.6097 78.675 20
21.9211 78.9396 20
22.2523 79.1774 20
22.6013 79.387 20
22.9654 79.5673 20
23.3423 79.7172 20
23.7295 79.8359 20
24.1243 79.9227 20
24.5242 79.9773 20
24.9265 79.9995 20
25.3733 79.986 20
25.8161 79.9329 20
26.2516 79.8408 20
26.6763 79.7106 20
27.087 79.5436 20
27.4805 79.3413 20
27.8539 79.1055 20
28.2042 78.8384 20
28.529 78.5421 20
28.8259 78.2191 20
29.0927 77.8722 20
29.3277 77.5042 20
29.5292 77.118 20
29.696 76.7169 20
29.827 76.3039 20
29.9215 75.8824 20
29.9792 75.4556 20
29.995 75.2231 20
"></Coordinate>
      <Normal vector="
1 8.52651e-15 0
0.996489 -0.0837271 0
0.98638 -0.164484 0
0.969276 -0.245976 0
0.945529 -0.325537 0
0.915354 -0.40265 0
0.879001 -0.476819 0
0.836758 -0.547572 0
0.788947 -0.614461 0
0.735921 -0.677067 0
0.678064 -0.735002 0
0.615789 -0.787911 0
0.54953 -0.835474 0
0.479747 -0.877407 0
0.406917 -0.913465 0
0.331533 -0.943444 0
0.2541 -0.967178 0
0.175134 -0.984545 0
0.0951561 -0.995462 0
0.0146902 -0.999892 0
-0.0746522 -0.99721 -0
-0.163222 -0.986589 -0
-0.250322 -0.968163 -0
-0.335269 -0.942122 -0
-0.417407 -0.90872 -0
-0.496106 -0.868262 -0
-0.570771 -0.82111 -0
-0.640841 -0.767674 -0
-0.7058 -0.708411 -0
-0.765177 -0.64382 -0
-0.818548 -0.574438 -0
-0.865543 -0.500835 -0
-0.905846 -0.423607 -0
-0.939197 -0.343378 -0
-0.965397 -0.260784 -0
-0.984305 -0.176478 -0
-0.99584 -0.0911167 -0
-0.999004 -0.0446122 -0
-1 2.13163e-15 0
-1 -0 -0
1 -7.10543e-16 0
0.996489 -0.0837271 0
0.98638 -0.164484 0
0.969276 -0.245976 0
0.945529 -0.325537 0
0.915354 -0.40265 0
0.879001 -0.476819 0
0.836758 -0.547572 0
0.788947 -0.614461 0
0.735921 -0.677067 0
0.678064 -0.735002 0
0.615789 -0.787911 0
0.54953 -0.835474 0
0.479747 -0.877407 0
0.406917 -0.913465 0
0.331533 -0.943444 0
0.2541 -0.967178 0
0.175134 -0.984545 0
0.0951561 -0.995462 0
0.0146902 -0.999892 0
-0.0746522 -0.99721 -0
-0.163222 -0.986589 -0
-0.250322 -0.968163 -0
-0.335269 -0.942122 -0
-0.417407 -0.90872 -0
-0.496106 -0.868262 -0
-0.570771 -0.82111 -0
-0.640841 -0.767674 -0
-0.7058 -0.708411 -0
-0.765177 -0.64382 -0
-0.818548 -0.574438 -0
-0.865543 -0.500835 -0
-0.905846 -0.423607 -0
-0.939197 -0.343378 -0
-0.965397 -0.260784 -0
-0.984305 -0.176478 -0
-0.99584 -0.0911167 -0
-0.999004 -0.0446122 -0
"></Normal>
     </IndexedTriangleSet>
    </Shape>
    <Shape DEF="face90">
     <Appearance><Material DEF="matface90" diffuseColor="0.780392 0.780392 0.000000" shininess="0.9" specularColor="0.2 0.2 0.2" transparency="0"></Material></Appearance>
     <IndexedTriangleSet DEF="setface90" index="
0 41 40 1 41 0 1 42 41 2 42 1 2 43 42 3 43 2 3 44 43 4 44 3 4 45 44 5 46 45 5 45 4 6 47 46 6 46 5 7 47 6 8 47 7 8 48 47 8 49 48 9 50 49 9 49 8 10 50 9 10 51 50 11 52 51 11 51 10 12 52 11 12 53 52 13 54 53 13 53 12 14 54 13 14 55 54 15 55 14 16 56 55 16 57 56 16 55 15 17 57 16 18 58 57 18 57 17 19 59 58 19 60 59 19 58 18 20 61 60 20 60 19 21 62 61 21 61 20 22 63 62 22 62 21 23 63 22 23 64 63 24 64 23 25 65 64 25 66 65 25 64 24 26 67 66 26 66 25 27 67 26 27 68 67 28 68 27 29 68 28 29 69 68 30 69 29 30 70 69 31 70 30 31 71 70 31 72 71 32 73 72 32 72 31 33 73 32 33 74 73 34 75 74 34 74 33 35 75 34 35 76 75 36 76 35 37 76 36 37 77 76 37 39 77 38 39 37 
">
      <Coordinate point="
127.5 87.9904 0
127.518 88.409 0
127.568 88.8128 0
127.654 89.2203 0
127.772 89.6181 0
127.923 90.0036 0
128.105 90.3745 0
128.316 90.7282 0
128.555 91.0627 0
128.82 91.3757 0
129.11 91.6654 0
129.421 91.9299 0
129.752 92.1678 0
130.101 92.3774 0
130.465 92.5577 0
130.842 92.7076 0
131.23 92.8263 0
131.624 92.9131 0
132.024 92.9677 0
132.427 92.9898 0
132.873 92.9764 0
133.316 92.9233 0
133.752 92.8312 0
134.176 92.701 0
134.587 92.534 0
134.981 92.3317 0
135.354 92.0959 0
135.704 91.8287 0
136.029 91.5324 0
136.326 91.2095 0
136.593 90.8626 0
136.828 90.4946 0
137.029 90.1084 0
137.196 89.7073 0
137.327 89.2943 0
137.422 88.8728 0
137.479 88.446 0
137.495 88.2134 0
137.5 87.9904 0
137.5 87.9904 20
127.5 87.9904 20
127.518 88.409 20
127.568 88.8128 20
127.654 89.2203 20
127.772 89.6181 20
127.923 90.0036 20
128.105 90.3745 20
128.316 90.7282 20
128.555 91.0627 20
128.82 91.3757 20
129.11 91.6654 20
129.421 91.9299 20
129.752 92.1678 20
130.101 92.3774 20
130.465 92.5577 20
130.842 92.7076 20
131.23 92.8263 20
131.624 92.9131 20
132.024 92.9677 20
132.427 92.9898 20
132.873 92.9764 20
133.316 92.9233 20
133.752 92.8312 20
134.176 92.701 20
134.587 92.534 20
134.981 92.3317 20
135.354 92.0959 20
135.704 91.8287 20
136.029 91.5324 20
136.326 91.2095 20
136.593 90.8626 20
136.828 90.4946 20
137.029 90.1084 20
137.196 89.7073 20
137.327 89.2943 20
137.422 88.8728 20
137.479 88.446 20
137.495 88.2134 20
"></Coordinate>
      <Normal vector="
1 -1.42109e-14 0
0.996489 -0.0837271 0
0.98638 -0.164484 0
0.969276 -0.245976 0
0.945529 -0.325537 0
0.915354 -0.40265 0
0.879001 -0.476819 0
0.836758 -0.547572 0
0.788947 -0.614461 0
0.735921 -0.677067 0
0.678064 -0.735002 0
0.615789 -0.787911 0
0.54953 -0.835474 0
0.479747 -0.877407 0
0.406917 -0.913465 0
0.331533 -0.943444 0
0.2541 -0.967178 0
0.175134 -0.984545 0
0.0951561 -0.995462 0
0.0146902 -0.999892 0
-0.0746522 -0.99721 -0
-0.163222 -0.986589 -0
-0.250322 -0.968163 -0
-0.335269 -0.942122 -0
-0.417407 -0.90872 -0
-0.496106 -0.868262 -0
-0.570771 -0.82111 -0
-0.640841 -0.767674 -0
-0.7058 -0.708411 -0
-0.765177 -0.64382 -0
-0.818548 -0.574438 -0
-0.865543 -0.500835 -0
-0.905846 -0.423607 -0
-0.939197 -0.343378 -0
-0.965397 -0.260784 -0
-0.984305 -0.176478 -0
-0.99584 -0.0911167 -0
-0.999004 -0.0446122 -0
-1 -0 -0
-1 5.68434e-15 0
1 1.7053e-14 0
0.996489 -0.0837271 0
0.98638 -0.164484 0
0.969276 -0.245976 0
0.945529 -0.325537 0
0.915354 -0.40265 0
0.879001 -0.476819 0
0.836758 -0.547572 0
0.788947 -0.614461 0
0.735921 -0.677067 0
0.678064 -0.735002 0
0.615789 -0.787911 0
0.54953 -0.835474 0
0.479747 -0.877407 0
0.406917 -0.913465 0
0.331533 -0.943444 0
0.2541 -0.967178 0
0.175134 -0.984545 0
0.0951561 -0.995462 0
0.0146902 -0.999892 0
-0.0746522 -0.99721 -0
-0.163222 -0.986589 -0
-0.250322 -0.968163 -0
-0.335269 -0.942122 -0
-0.417407 -0.90872 -0
-0.496106 -0.868262 -0
-0.570771 -0.82111 -0
-0.640841 -0.767674 -0
-0.7058 -0.708411 -0
-0.765177 -0.64382 -0
-0.818548 -0.574438 -0
-0.865543 -0.500835 -0
-0.905846 -0.423607 -0
-0.939197 -0.343378 -0
-0.965397 -0.260784 -0
-0.984305 -0.176478 -0
-0.99584 -0.0911167 -0
-0.999004 -0.0446122 -0
"></Normal>
     </IndexedTriangleSet>
    </Shape>
    <Shape DEF="face91">
     <Appearance><Material DEF="matface91" diffuseColor="0.780392 0.780392 0.000000" shininess="0.9" specularColor="0.2 0.2 0.2" transparency="0"></Material></Appearance>
     <IndexedTriangleSet DEF="setface91" index="
1 41 40 1 40 0 2 41 1 2 42 41 3 43 42 3 42 2 4 43 3 4 44 43 5 45 44 5 44 4 6 45 5 6 46 45 7 47 46 7 46 6 8 47 7 8 48 47 9 48 8 9 49 48 10 49 9 10 50 49 11 51 50 11 50 10 12 51 11 12 52 51 13 53 52 13 52 12 14 53 13 14 54 53 15 55 54 15 54 14 16 56 55 16 55 15 17 57 56 17 56 16 18 58 57 18 57 17 19 59 58 19 58 18 20 60 59 20 59 19 21 61 60 21 60 20 22 62 61 22 61 21 23 62 22 23 63 62 24 64 63 24 63 23 25 64 24 25 65 64 26 66 65 26 65 25 27 66 26 27 67 66 28 67 27 28 68 67 29 68 28 29 69 68 30 69 29 30 70 69 31 71 70 31 70 30 32 71 31 32 72 71 33 73 72 33 72 32 34 73 33 34 74 73 35 74 34 35 75 74 36 75 35 36 76 75 37 76 36 37 77 76 38 77 37 38 39 77 
">
      <Coordinate point="
127.5 62.0096 0
127.518 62.4283 0
127.568 62.832 0
127.654 63.2395 0
127.772 63.6373 0
127.923 64.0229 0
128.105 64.3937 0
128.316 64.7475 0
128.555 65.0819 0
128.82 65.395 0
129.11 65.6846 0
129.421 65.9492 0
129.752 66.187 0
130.101 66.3967 0
130.465 66.5769 0
130.842 66.7268 0
131.23 66.8455 0
131.624 66.9323 0
132.024 66.9869 0
132.427 67.0091 0
132.873 66.9957 0
133.316 66.9426 0
133.752 66.8504 0
134.176 66.7202 0
134.587 66.5532 0
134.981 66.3509 0
135.354 66.1152 0
135.704 65.848 0
136.029 65.5517 0
136.326 65.2287 0
136.593 64.8818 0
136.828 64.5138 0
137.029 64.1277 0
137.196 63.7265 0
137.327 63.3135 0
137.422 62.892 0
137.479 62.4652 0
137.495 62.2327 0
137.5 62.0096 0
137.5 62.0096 20
127.5 62.0096 20
127.518 62.4283 20
127.568 62.832 20
127.654 63.2395 20
127.772 63.6373 20
127.923 64.0229 20
128.105 64.3937 20
128.316 64.7475 20
128.555 65.0819 20
128.82 65.395 20
129.11 65.6846 20
129.421 65.9492 20
129.752 66.187 20
130.101 66.3967 20
130.465 66.5769 20
130.842 66.7268 20
131.23 66.8455 20
131.624 66.9323 20
132.024 66.9869 20
132.427 67.0091 20
132.873 66.9957 20
133.316 66.9426 20
133.752 66.8504 20
134.176 66.7202 20
134.587 66.5532 20
134.981 66.3509 20
135.354 66.1152 20
135.704 65.848 20
136.029 65.5517 20
136.326 65.2287 20
136.593 64.8818 20
136.828 64.5138 20
137.029 64.1277 20
137.196 63.7265 20
137.327 63.3135 20
137.422 62.892 20
137.479 62.4652 20
137.495 62.2327 20
"></Coordinate>
      <Normal vector="
1 1.7053e-14 0
0.996489 -0.0837271 0
0.98638 -0.164484 0
0.969276 -0.245976 0
0.945529 -0.325537 0
0.915354 -0.40265 0
0.879001 -0.476819 0
0.836758 -0.547572 0
0.788947 -0.614461 0
0.735921 -0.677067 0
0.678064 -0.735002 0
0.615789 -0.787911 0
0.54953 -0.835474 0
0.479747 -0.877407 0
0.406917 -0.913465 0
0.331533 -0.943444 0
0.2541 -0.967178 0
0.175134 -0.984545 0
0.0951561 -0.995462 0
0.0146902 -0.999892 0
-0.0746522 -0.99721 -0
-0.163222 -0.986589 -0
-0.250322 -0.968163 -0
-0.335269 -0.942122 -0
-0.417407 -0.90872 -0
-0.496106 -0.868262 -0
-0.570771 -0.82111 -0
-0.640841 -0.767674 -0
-0.7058 -0.708411 -0
-0.765177 -0.64382 -0
-0.818548 -0.574438 -0
-0.865543 -0.500835 -0
-0.905846 -0.423607 -0
-0.939197 -0.343378 -0
-0.965397 -0.260784 -0
-0.984305 -0.176478 -0
-0.99584 -0.0911167 -0
-0.999004 -0.0446122 -0
-1 5.68434e-15 0
-1 5.68434e-15 0
1 -2.84217e-15 0
0.996489 -0.0837271 0
0.98638 -0.164484 0
0.969276 -0.245976 0
0.945529 -0.325537 0
0.915354 -0.40265 0
0.879001 -0.476819 0
0.836758 -0.547572 0
0.788947 -0.614461 0
0.735921 -0.677067 0
0.678064 -0.735002 0
0.615789 -0.787911 0
0.54953 -0.835474 0
0.479747 -0.877407 0
0.406917 -0.913465 0
0.331533 -0.943444 0
0.2541 -0.967178 0
0.175134 -0.984545 0
0.0951561 -0.995462 0
0.0146902 -0.999892 0
-0.0746522 -0.99721 -0
-0.163222 -0.986589 -0
-0.250322 -0.968163 -0
-0.335269 -0.942122 -0
-0.417407 -0.90872 -0
-0.496106 -0.868262 -0
-0.570771 -0.82111 -0
-0.640841 -0.767674 -0
-0.7058 -0.708411 -0
-0.765177 -0.64382 -0
-0.818548 -0.574438 -0
-0.865543 -0.500835 -0
-0.905846 -0.423607 -0
-0.939197 -0.343378 -0
-0.965397 -0.260784 -0
-0.984305 -0.176478 -0
-0.99584 -0.0911167 -0
-0.999004 -0.0446122 -0
"></Normal>
     </IndexedTriangleSet>
    </Shape>
    <Shape DEF="face92">
     <Appearance><Material DEF="matface92" diffuseColor="0.780392 0.780392 0.000000" shininess="0.9" specularColor="0.2 0.2 0.2" transparency="0"></Material></Appearance>
     <IndexedTriangleSet DEF="setface92" index="
1 41 40 1 40 0 2 41 1 2 42 41 3 43 42 3 42 2 4 43 3 4 44 43 5 45 44 5 44 4 6 45 5 6 46 45 7 47 46 7 46 6 8 47 7 8 48 47 9 48 8 9 49 48 10 49 9 10 50 49 11 51 50 11 50 10 12 51 11 12 52 51 13 53 52 13 52 12 14 53 13 14 54 53 15 55 54 15 54 14 16 56 55 16 55 15 17 57 56 17 56 16 18 58 57 18 57 17 19 59 58 19 58 18 20 60 59 20 59 19 21 61 60 21 60 20 22 62 61 22 61 21 23 62 22 23 63 62 24 64 63 24 63 23 25 64 24 25 65 64 26 66 65 26 65 25 27 66 26 27 67 66 28 67 27 28 68 67 29 68 28 29 69 68 30 69 29 30 70 69 31 71 70 31 72 71 31 70 30 32 72 31 33 72 32 33 73 72 34 73 33 34 74 73 35 75 74 35 74 34 36 75 35 36 76 75 37 76 36 37 77 76 37 39 77 38 39 37 
">
      <Coordinate point="
42.5 62.0096 0
42.5176 62.4283 0
42.5681 62.832 0
42.6536 63.2395 0
42.7724 63.6373 0
42.9232 64.0229 0
43.105 64.3937 0
43.3162 64.7475 0
43.5553 65.0819 0
43.8204 65.395 0
44.1097 65.6846 0
44.4211 65.9492 0
44.7523 66.187 0
45.1013 66.3967 0
45.4654 66.5769 0
45.8423 66.7268 0
46.2295 66.8455 0
46.6243 66.9323 0
47.0242 66.9869 0
47.4265 67.0091 0
47.8733 66.9957 0
48.3161 66.9426 0
48.7516 66.8504 0
49.1763 66.7202 0
49.587 66.5532 0
49.9805 66.3509 0
50.3539 66.1152 0
50.7042 65.848 0
51.029 65.5517 0
51.3259 65.2287 0
51.5927 64.8818 0
51.8277 64.5138 0
52.0292 64.1277 0
52.196 63.7265 0
52.327 63.3135 0
52.4215 62.892 0
52.4792 62.4652 0
52.495 62.2327 0
52.5 62.0096 0
52.5 62.0096 20
42.5 62.0096 20
42.5176 62.4283 20
42.5681 62.832 20
42.6536 63.2395 20
42.7724 63.6373 20
42.9232 64.0229 20
43.105 64.3937 20
43.3162 64.7475 20
43.5553 65.0819 20
43.8204 65.395 20
44.1097 65.6846 20
44.4211 65.9492 20
44.7523 66.187 20
45.1013 66.3967 20
45.4654 66.5769 20
45.8423 66.7268 20
46.2295 66.8455 20
46.6243 66.9323 20
47.0242 66.9869 20
47.4265 67.0091 20
47.8733 66.9957 20
48.3161 66.9426 20
48.7516 66.8504 20
49.1763 66.7202 20
49.587 66.5532 20
49.9805 66.3509 20
50.3539 66.1152 20
50.7042 65.848 20
51.029 65.5517 20
51.3259 65.2287 20
51.5927 64.8818 20
51.8277 64.5138 20
52.0292 64.1277 20
52.196 63.7265 20
52.327 63.3135 20
52.4215 62.892 20
52.4792 62.4652 20
52.495 62.2327 20
"></Coordinate>
      <Normal vector="
1 5.68434e-15 0
0.996489 -0.0837271 0
0.98638 -0.164484 0
0.969276 -0.245976 0
0.945529 -0.325537 0
0.915354 -0.40265 0
0.879001 -0.476819 0
0.836758 -0.547572 0
0.788947 -0.614461 0
0.735921 -0.677067 0
0.678064 -0.735002 0
0.615789 -0.787911 0
0.54953 -0.835474 0
0.479747 -0.877407 0
0.406917 -0.913465 0
0.331533 -0.943444 0
0.2541 -0.967178 0
0.175134 -0.984545 0
0.0951561 -0.995462 0
0.0146902 -0.999892 0
-0.0746522 -0.99721 -0
-0.163222 -0.986589 -0
-0.250322 -0.968163 -0
-0.335269 -0.942122 -0
-0.417407 -0.90872 -0
-0.496106 -0.868262 -0
-0.570771 -0.82111 -0
-0.640841 -0.767674 -0
-0.7058 -0.708411 -0
-0.765177 -0.64382 -0
-0.818548 -0.574438 -0
-0.865543 -0.500835 -0
-0.905846 -0.423607 -0
-0.939197 -0.343378 -0
-0.965397 -0.260784 -0
-0.984305 -0.176478 -0
-0.99584 -0.0911167 -0
-0.999004 -0.0446122 -0
-1 4.26326e-15 0
-1 2.84217e-15 0
1 -1.42109e-15 0
0.996489 -0.0837271 0
0.98638 -0.164484 0
0.969276 -0.245976 0
0.945529 -0.325537 0
0.915354 -0.40265 0
0.879001 -0.476819 0
0.836758 -0.547572 0
0.788947 -0.614461 0
0.735921 -0.677067 0
0.678064 -0.735002 0
0.615789 -0.787911 0
0.54953 -0.835474 0
0.479747 -0.877407 0
0.406917 -0.913465 0
0.331533 -0.943444 0
0.2541 -0.967178 0
0.175134 -0.984545 0
0.0951561 -0.995462 0
0.0146902 -0.999892 0
-0.0746522 -0.99721 -0
-0.163222 -0.986589 -0
-0.250322 -0.968163 -0
-0.335269 -0.942122 -0
-0.417407 -0.90872 -0
-0.496106 -0.868262 -0
-0.570771 -0.82111 -0
-0.640841 -0.767674 -0
-0.7058 -0.708411 -0
-0.765177 -0.64382 -0
-0.818548 -0.574438 -0
-0.865543 -0.500835 -0
-0.905846 -0.423607 -0
-0.939197 -0.343378 -0
-0.965397 -0.260784 -0
-0.984305 -0.176478 -0
-0.99584 -0.0911167 -0
-0.999004 -0.0446122 -0
"></Normal>
     </IndexedTriangleSet>
    </Shape>
    <Shape DEF="face93">
     <Appearance><Material DEF="matface93" diffuseColor="0.780392 0.780392 0.000000" shininess="0.9" specularColor="0.2 0.2 0.2" transparency="0"></Material></Appearance>
     <IndexedTriangleSet DEF="setface93" index="
1 41 40 1 40 0 2 41 1 2 42 41 3 43 42 3 42 2 4 43 3 4 44 43 5 45 44 5 44 4 6 45 5 6 46 45 7 47 46 7 46 6 8 47 7 8 48 47 9 48 8 9 49 48 10 49 9 10 50 49 11 51 50 11 50 10 12 51 11 12 52 51 13 53 52 13 52 12 14 53 13 14 54 53 15 55 54 15 54 14 16 56 55 16 55 15 17 57 56 17 56 16 18 58 57 18 57 17 19 59 58 19 58 18 20 60 59 20 59 19 21 61 60 21 60 20 22 62 61 22 61 21 23 62 22 23 63 62 24 64 63 24 63 23 25 64 24 25 65 64 26 66 65 26 65 25 27 66 26 27 67 66 28 67 27 28 68 67 29 68 28 29 69 68 30 69 29 30 70 69 31 71 70 31 70 30 32 71 31 32 72 71 33 73 72 33 72 32 34 73 33 34 74 73 35 74 34 35 75 74 36 75 35 36 76 75 36 77 76 37 77 36 38 77 37 38 39 77 
">
      <Coordinate point="
42.5 87.9904 0
42.5176 88.409 0
42.5681 88.8128 0
42.6536 89.2203 0
42.7724 89.6181 0
42.9232 90.0036 0
43.105 90.3745 0
43.3162 90.7282 0
43.5553 91.0627 0
43.8204 91.3757 0
44.1097 91.6654 0
44.4211 91.9299 0
44.7523 92.1678 0
45.1013 92.3774 0
45.4654 92.5577 0
45.8423 92.7076 0
46.2295 92.8263 0
46.6243 92.9131 0
47.0242 92.9677 0
47.4265 92.9898 0
47.8733 92.9764 0
48.3161 92.9233 0
48.7516 92.8312 0
49.1763 92.701 0
49.587 92.534 0
49.9805 92.3317 0
50.3539 92.0959 0
50.7042 91.8287 0
51.029 91.5324 0
51.3259 91.2095 0
51.5927 90.8626 0
51.8277 90.4946 0
52.0292 90.1084 0
52.196 89.7073 0
52.327 89.2943 0
52.4215 88.8728 0
52.4792 88.446 0
52.495 88.2134 0
52.5 87.9904 0
52.5 87.9904 20
42.5 87.9904 20
42.5176 88.409 20
42.5681 88.8128 20
42.6536 89.2203 20
42.7724 89.6181 20
42.9232 90.0036 20
43.105 90.3745 20
43.3162 90.7282 20
43.5553 91.0627 20
43.8204 91.3757 20
44.1097 91.6654 20
44.4211 91.9299 20
44.7523 92.1678 20
45.1013 92.3774 20
45.4654 92.5577 20
45.8423 92.7076 20
46.2295 92.8263 20
46.6243 92.9131 20
47.0242 92.9677 20
47.4265 92.9898 20
47.8733 92.9764 20
48.3161 92.9233 20
48.7516 92.8312 20
49.1763 92.701 20
49.587 92.534 20
49.9805 92.3317 20
50.3539 92.0959 20
50.7042 91.8287 20
51.029 91.5324 20
51.3259 91.2095 20
51.5927 90.8626 20
51.8277 90.4946 20
52.0292 90.1084 20
52.196 89.7073 20
52.327 89.2943 20
52.4215 88.8728 20
52.4792 88.446 20
52.495 88.2134 20
"></Coordinate>
      <Normal vector="
1 7.10543e-15 0
0.996489 -0.0837271 0
0.98638 -0.164484 0
0.969276 -0.245976 0
0.945529 -0.325537 0
0.915354 -0.40265 0
0.879001 -0.476819 0
0.836758 -0.547572 0
0.788947 -0.614461 0
0.735921 -0.677067 0
0.678064 -0.735002 0
0.615789 -0.787911 0
0.54953 -0.835474 0
0.479747 -0.877407 0
0.406917 -0.913465 0
0.331533 -0.943444 0
0.2541 -0.967178 0
0.175134 -0.984545 0
0.0951561 -0.995462 0
0.0146902 -0.999892 0
-0.0746522 -0.99721 -0
-0.163222 -0.986589 -0
-0.250322 -0.968163 -0
-0.335269 -0.942122 -0
-0.417407 -0.90872 -0
-0.496106 -0.868262 -0
-0.570771 -0.82111 -0
-0.640841 -0.767674 -0
-0.7058 -0.708411 -0
-0.765177 -0.64382 -0
-0.818548 -0.574438 -0
-0.865543 -0.500835 -0
-0.905846 -0.423607 -0
-0.939197 -0.343378 -0
-0.965397 -0.260784 -0
-0.984305 -0.176478 -0
-0.99584 -0.0911167 -0
-0.999004 -0.0446122 -0
-1 4.26326e-15 0
-1 -0 -0
1 5.68434e-15 0
0.996489 -0.0837271 0
0.98638 -0.164484 0
0.969276 -0.245976 0
0.945529 -0.325537 0
0.915354 -0.40265 0
0.879001 -0.476819 0
0.836758 -0.547572 0
0.788947 -0.614461 0
0.735921 -0.677067 0
0.678064 -0.735002 0
0.615789 -0.787911 0
0.54953 -0.835474 0
0.479747 -0.877407 0
0.406917 -0.913465 0
0.331533 -0.943444 0
0.2541 -0.967178 0
0.175134 -0.984545 0
0.0951561 -0.995462 0
0.0146902 -0.999892 0
-0.0746522 -0.99721 -0
-0.163222 -0.986589 -0
-0.250322 -0.968163 -0
-0.335269 -0.942122 -0
-0.417407 -0.90872 -0
-0.496106 -0.868262 -0
-0.570771 -0.82111 -0
-0.640841 -0.767674 -0
-0.7058 -0.708411 -0
-0.765177 -0.64382 -0
-0.818548 -0.574438 -0
-0.865543 -0.500835 -0
-0.905846 -0.423607 -0
-0.939197 -0.343378 -0
-0.965397 -0.260784 -0
-0.984305 -0.176478 -0
-0.99584 -0.0911167 -0
-0.999004 -0.0446122 -0
"></Normal>
     </IndexedTriangleSet>
    </Shape>
    <Shape DEF="face94">
     <Appearance><Material DEF="matface94" diffuseColor="0.780392 0.780392 0.000000" shininess="0.9" specularColor="0.2 0.2 0.2" transparency="0"></Material></Appearance>
     <IndexedTriangleSet DEF="setface94" index="
1 41 40 1 40 0 2 41 1 2 42 41 3 43 42 3 42 2 4 43 3 4 44 43 5 45 44 5 44 4 6 45 5 6 46 45 7 47 46 7 46 6 8 47 7 8 48 47 9 48 8 9 49 48 10 49 9 10 50 49 11 51 50 11 50 10 12 51 11 12 52 51 13 53 52 13 52 12 14 53 13 14 54 53 15 55 54 15 54 14 16 56 55 16 55 15 17 57 56 17 56 16 18 58 57 18 57 17 19 59 58 19 58 18 20 60 59 20 59 19 21 61 60 21 60 20 22 62 61 22 61 21 23 62 22 23 63 62 24 64 63 24 63 23 25 64 24 25 65 64 26 66 65 26 65 25 27 66 26 27 67 66 28 67 27 28 68 67 29 68 28 29 69 68 30 69 29 30 70 69 31 71 70 31 70 30 32 71 31 32 72 71 33 73 72 33 72 32 34 73 33 34 74 73 35 74 34 35 75 74 36 75 35 36 76 75 37 76 36 37 77 76 38 77 37 38 39 77 
">
      <Coordinate point="
160 75 2.22489e-15
159.982 74.5814 2.22489e-15
159.932 74.1776 2.22489e-15
159.846 73.7701 2.22489e-15
159.728 73.3723 2.22489e-15
159.577 72.9868 2.22489e-15
159.395 72.6159 2.22489e-15
159.184 72.2621 2.22489e-15
158.945 71.9277 2.22489e-15
158.68 71.6147 2.22489e-15
158.39 71.325 2.22489e-15
158.079 71.0604 2.22489e-15
157.748 70.8226 2.22489e-15
157.399 70.613 2.22489e-15
157.035 70.4327 2.22489e-15
156.658 70.2828 2.22489e-15
156.27 70.1641 2.22489e-15
155.876 70.0773 2.22489e-15
155.476 70.0227 2.22489e-15
155.073 70.0005 2.22489e-15
154.627 70.014 2.22489e-15
154.184 70.0671 2.22489e-15
153.748 70.1592 2.22489e-15
153.324 70.2894 2.22489e-15
152.913 70.4564 2.22489e-15
152.519 70.6587 2.22489e-15
152.146 70.8945 2.22489e-15
151.796 71.1616 2.22489e-15
151.471 71.4579 2.22489e-15
151.174 71.7809 2.22489e-15
150.907 72.1278 2.22489e-15
150.672 72.4958 2.22489e-15
150.471 72.882 2.22489e-15
150.304 73.2831 2.22489e-15
150.173 73.6961 2.22489e-15
150.078 74.1176 2.22489e-15
150.021 74.5444 2.22489e-15
150.005 74.7769 2.22489e-15
150 75 2.22489e-15
150 75 20
160 75 20
159.982 74.5814 20
159.932 74.1776 20
159.846 73.7701 20
159.728 73.3723 20
159.577 72.9868 20
159.395 72.6159 20
159.184 72.2621 20
158.945 71.9277 20
158.68 71.6147 20
158.39 71.325 20
158.079 71.0604 20
157.748 70.8226 20
157.399 70.613 20
157.035 70.4327 20
156.658 70.2828 20
156.27 70.1641 20
155.876 70.0773 20
155.476 70.0227 20
155.073 70.0005 20
154.627 70.014 20
154.184 70.0671 20
153.748 70.1592 20
153.324 70.2894 20
152.913 70.4564 20
152.519 70.6587 20
152.146 70.8945 20
151.796 71.1616 20
151.471 71.4579 20
151.174 71.7809 20
150.907 72.1278 20
150.672 72.4958 20
150.471 72.882 20
150.304 73.2831 20
150.173 73.6961 20
150.078 74.1176 20
150.021 74.5444 20
150.005 74.7769 20
"></Coordinate>
      <Normal vector="
-1 1.7053e-14 0
-0.996489 0.0837271 0
-0.98638 0.164484 0
-0.969276 0.245976 0
-0.945529 0.325537 0
-0.915354 0.40265 0
-0.879001 0.476819 0
-0.836758 0.547572 0
-0.788947 0.614461 0
-0.735921 0.677067 0
-0.678064 0.735002 0
-0.615789 0.787911 0
-0.54953 0.835474 0
-0.479747 0.877407 0
-0.406917 0.913465 0
-0.331533 0.943444 0
-0.2541 0.967178 0
-0.175134 0.984545 0
-0.0951561 0.995462 0
-0.0146902 0.999892 0
0.0746522 0.99721 0
0.163222 0.986589 0
0.250322 0.968163 0
0.335269 0.942122 0
0.417407 0.90872 0
0.496106 0.868262 0
0.570771 0.82111 0
0.640841 0.767674 0
0.7058 0.708411 0
0.765177 0.64382 0
0.818548 0.574438 0
0.865543 0.500835 0
0.905846 0.423607 0
0.939197 0.343378 0
0.965397 0.260784 0
0.984305 0.176478 0
0.99584 0.0911167 0
0.999004 0.0446122 0
1 1.13687e-14 0
1 1.13687e-14 0
-1 -5.68434e-15 -0
-0.996489 0.0837271 0
-0.98638 0.164484 0
-0.969276 0.245976 0
-0.945529 0.325537 0
-0.915354 0.40265 0
-0.879001 0.476819 0
-0.836758 0.547572 0
-0.788947 0.614461 0
-0.735921 0.677067 0
-0.678064 0.735002 0
-0.615789 0.787911 0
-0.54953 0.835474 0
-0.479747 0.877407 0
-0.406917 0.913465 0
-0.331533 0.943444 0
-0.2541 0.967178 0
-0.175134 0.984545 0
-0.0951561 0.995462 0
-0.0146902 0.999892 0
0.0746522 0.99721 0
0.163222 0.986589 0
0.250322 0.968163 0
0.335269 0.942122 0
0.417407 0.90872 0
0.496106 0.868262 0
0.570771 0.82111 0
0.640841 0.767674 0
0.7058 0.708411 0
0.765177 0.64382 0
0.818548 0.574438 0
0.865543 0.500835 0
0.905846 0.423607 0
0.939197 0.343378 0
0.965397 0.260784 0
0.984305 0.176478 0
0.99584 0.0911167 0
0.999004 0.0446122 0
"></Normal>
     </IndexedTriangleSet>
    </Shape>
    <Shape DEF="face95">
     <Appearance><Material DEF="matface95" diffuseColor="0.780392 0.780392 0.000000" shininess="0.9" specularColor="0.2 0.2 0.2" transparency="0"></Material></Appearance>
     <IndexedTriangleSet DEF="setface95" index="
1 41 40 1 40 0 2 41 1 2 42 41 3 43 42 3 42 2 4 43 3 4 44 43 5 45 44 5 44 4 6 45 5 6 46 45 7 47 46 7 46 6 8 47 7 8 48 47 9 48 8 9 49 48 10 49 9 10 50 49 11 51 50 11 50 10 12 51 11 12 52 51 13 53 52 13 52 12 14 53 13 14 54 53 15 55 54 15 54 14 16 56 55 16 55 15 17 57 56 17 56 16 18 58 57 18 57 17 19 59 58 19 58 18 20 60 59 20 59 19 21 61 60 21 60 20 22 62 61 22 61 21 23 62 22 23 63 62 24 64 63 24 63 23 25 64 24 25 65 64 26 66 65 26 65 25 27 66 26 27 67 66 28 67 27 28 68 67 29 68 28 29 69 68 30 69 29 30 70 69 31 71 70 31 70 30 32 71 31 32 72 71 33 73 72 33 72 32 34 73 33 34 74 73 35 74 34 35 75 74 36 75 35 36 76 75 37 76 36 37 77 76 38 77 37 38 39 77 
">
      <Coordinate point="
30 75 2.22489e-15
29.9824 74.5814 2.22489e-15
29.9319 74.1776 2.22489e-15
29.8464 73.7701 2.22489e-15
29.7276 73.3723 2.22489e-15
29.5768 72.9868 2.22489e-15
29.395 72.6159 2.22489e-15
29.1838 72.2621 2.22489e-15
28.9447 71.9277 2.22489e-15
28.6796 71.6147 2.22489e-15
28.3903 71.325 2.22489e-15
28.0789 71.0604 2.22489e-15
27.7477 70.8226 2.22489e-15
27.3987 70.613 2.22489e-15
27.0346 70.4327 2.22489e-15
26.6577 70.2828 2.22489e-15
26.2705 70.1641 2.22489e-15
25.8757 70.0773 2.22489e-15
25.4758 70.0227 2.22489e-15
25.0735 70.0005 2.22489e-15
24.6267 70.014 2.22489e-15
24.1839 70.0671 2.22489e-15
23.7484 70.1592 2.22489e-15
23.3237 70.2894 2.22489e-15
22.913 70.4564 2.22489e-15
22.5195 70.6587 2.22489e-15
22.1461 70.8945 2.22489e-15
21.7958 71.1616 2.22489e-15
21.471 71.4579 2.22489e-15
21.1741 71.7809 2.22489e-15
20.9073 72.1278 2.22489e-15
20.6723 72.4958 2.22489e-15
20.4708 72.882 2.22489e-15
20.304 73.2831 2.22489e-15
20.173 73.6961 2.22489e-15
20.0785 74.1176 2.22489e-15
20.0208 74.5444 2.22489e-15
20.005 74.7769 2.22489e-15
20 75 2.22489e-15
20 75 20
30 75 20
29.9824 74.5814 20
29.9319 74.1776 20
29.8464 73.7701 20
29.7276 73.3723 20
29.5768 72.9868 20
29.395 72.6159 20
29.1838 72.2621 20
28.9447 71.9277 20
28.6796 71.6147 20
28.3903 71.325 20
28.0789 71.0604 20
27.7477 70.8226 20
27.3987 70.613 20
27.0346 70.4327 20
26.6577 70.2828 20
26.2705 70.1641 20
25.8757 70.0773 20
25.4758 70.0227 20
25.0735 70.0005 20
24.6267 70.014 20
24.1839 70.0671 20
23.7484 70.1592 20
23.3237 70.2894 20
22.913 70.4564 20
22.5195 70.6587 20
22.1461 70.8945 20
21.7958 71.1616 20
21.471 71.4579 20
21.1741 71.7809 20
20.9073 72.1278 20
20.6723 72.4958 20
20.4708 72.882 20
20.304 73.2831 20
20.173 73.6961 20
20.0785 74.1176 20
20.0208 74.5444 20
20.005 74.7769 20
"></Coordinate>
      <Normal vector="
-1 -2.13163e-15 -0
-0.996489 0.0837271 0
-0.98638 0.164484 0
-0.969276 0.245976 0
-0.945529 0.325537 0
-0.915354 0.40265 0
-0.879001 0.476819 0
-0.836758 0.547572 0
-0.788947 0.614461 0
-0.735921 0.677067 0
-0.678064 0.735002 0
-0.615789 0.787911 0
-0.54953 0.835474 0
-0.479747 0.877407 0
-0.406917 0.913465 0
-0.331533 0.943444 0
-0.2541 0.967178 0
-0.175134 0.984545 0
-0.0951561 0.995462 0
-0.0146902 0.999892 0
0.0746522 0.99721 0
0.163222 0.986589 0
0.250322 0.968163 0
0.335269 0.942122 0
0.417407 0.90872 0
0.496106 0.868262 0
0.570771 0.82111 0
0.640841 0.767674 0
0.7058 0.708411 0
0.765177 0.64382 0
0.818548 0.574438 0
0.865543 0.500835 0
0.905846 0.423607 0
0.939197 0.343378 0
0.965397 0.260784 0
0.984305 0.176478 0
0.99584 0.0911167 0
0.999004 0.0446122 0
1 2.84217e-15 0
1 2.84217e-15 0
-1 -4.26326e-15 -0
-0.996489 0.0837271 0
-0.98638 0.164484 0
-0.969276 0.245976 0
-0.945529 0.325537 0
-0.915354 0.40265 0
-0.879001 0.476819 0
-0.836758 0.547572 0
-0.788947 0.614461 0
-0.735921 0.677067 0
-0.678064 0.735002 0
-0.615789 0.787911 0
-0.54953 0.835474 0
-0.479747 0.877407 0
-0.406917 0.913465 0
-0.331533 0.943444 0
-0.2541 0.967178 0
-0.175134 0.984545 0
-0.0951561 0.995462 0
-0.0146902 0.999892 0
0.0746522 0.99721 0
0.163222 0.986589 0
0.250322 0.968163 0
0.335269 0.942122 0
0.417407 0.90872 0
0.496106 0.868262 0
0.570771 0.82111 0
0.640841 0.767674 0
0.7058 0.708411 0
0.765177 0.64382 0
0.818548 0.574438 0
0.865543 0.500835 0
0.905846 0.423607 0
0.939197 0.343378 0
0.965397 0.260784 0
0.984305 0.176478 0
0.99584 0.0911167 0
0.999004 0.0446122 0
"></Normal>
     </IndexedTriangleSet>
    </Shape>
    <Shape DEF="face96">
     <Appearance><Material DEF="matface96" diffuseColor="0.780392 0.780392 0.000000" shininess="0.9" specularColor="0.2 0.2 0.2" transparency="0"></Material></Appearance>
     <IndexedTriangleSet DEF="setface96" index="
1 41 40 1 42 41 1 40 0 2 43 42 2 42 1 3 43 2 4 43 3 4 44 43 4 45 44 5 46 45 5 45 4 6 46 5 7 46 6 7 47 46 7 48 47 8 48 7 9 48 8 9 49 48 10 49 9 10 50 49 10 51 50 11 51 10 12 51 11 12 52 51 13 53 52 13 54 53 13 52 12 14 54 13 15 55 54 15 56 55 15 54 14 16 56 15 17 57 56 17 56 16 18 58 57 18 57 17 19 59 58 19 60 59 19 58 18 20 61 60 20 60 19 21 62 61 21 61 20 22 63 62 22 62 21 23 63 22 23 64 63 24 65 64 24 64 23 25 65 24 26 65 25 26 66 65 26 67 66 27 67 26 28 67 27 28 68 67 28 69 68 29 69 28 30 69 29 30 70 69 30 71 70 31 71 30 31 72 71 32 72 31 32 73 72 33 73 32 33 74 73 34 74 33 35 74 34 35 75 74 36 75 35 36 76 75 37 76 36 37 77 76 37 39 77 38 39 37 
">
      <Coordinate point="
137.5 87.9904 0
137.482 87.5717 0
137.432 87.168 0
137.346 86.7605 0
137.228 86.3627 0
137.077 85.9771 0
136.895 85.6063 0
136.684 85.2525 0
136.445 84.9181 0
136.18 84.605 0
135.89 84.3154 0
135.579 84.0508 0
135.248 83.813 0
134.899 83.6033 0
134.535 83.4231 0
134.158 83.2732 0
133.77 83.1545 0
133.376 83.0677 0
132.976 83.0131 0
132.573 82.9909 0
132.127 83.0043 0
131.684 83.0574 0
131.248 83.1496 0
130.824 83.2798 0
130.413 83.4468 0
130.019 83.6491 0
129.646 83.8848 0
129.296 84.152 0
128.971 84.4483 0
128.674 84.7713 0
128.407 85.1182 0
128.172 85.4862 0
127.971 85.8723 0
127.804 86.2735 0
127.673 86.6865 0
127.578 87.108 0
127.521 87.5348 0
127.505 87.7673 0
127.5 87.9904 0
127.5 87.9904 20
137.5 87.9904 20
137.482 87.5717 20
137.432 87.168 20
137.346 86.7605 20
137.228 86.3627 20
137.077 85.9771 20
136.895 85.6063 20
136.684 85.2525 20
136.445 84.9181 20
136.18 84.605 20
135.89 84.3154 20
135.579 84.0508 20
135.248 83.813 20
134.899 83.6033 20
134.535 83.4231 20
134.158 83.2732 20
133.77 83.1545 20
133.376 83.0677 20
132.976 83.0131 20
132.573 82.9909 20
132.127 83.0043 20
131.684 83.0574 20
131.248 83.1496 20
130.824 83.2798 20
130.413 83.4468 20
130.019 83.6491 20
129.646 83.8848 20
129.296 84.152 20
128.971 84.4483 20
128.674 84.7713 20
128.407 85.1182 20
128.172 85.4862 20
127.971 85.8723 20
127.804 86.2735 20
127.673 86.6865 20
127.578 87.108 20
127.521 87.5348 20
127.505 87.7673 20
"></Coordinate>
      <Normal vector="
-1 -5.68434e-15 -0
-0.996489 0.0837271 0
-0.98638 0.164484 0
-0.969276 0.245976 0
-0.945529 0.325537 0
-0.915354 0.40265 0
-0.879001 0.476819 0
-0.836758 0.547572 0
-0.788947 0.614461 0
-0.735921 0.677067 0
-0.678064 0.735002 0
-0.615789 0.787911 0
-0.54953 0.835474 0
-0.479747 0.877407 0
-0.406917 0.913465 0
-0.331533 0.943444 0
-0.2541 0.967178 0
-0.175134 0.984545 0
-0.0951561 0.995462 0
-0.0146902 0.999892 0
0.0746522 0.99721 0
0.163222 0.986589 0
0.250322 0.968163 0
0.335269 0.942122 0
0.417407 0.90872 0
0.496106 0.868262 0
0.570771 0.82111 0
0.640841 0.767674 0
0.7058 0.708411 0
0.765177 0.64382 0
0.818548 0.574438 0
0.865543 0.500835 0
0.905846 0.423607 0
0.939197 0.343378 0
0.965397 0.260784 0
0.984305 0.176478 0
0.99584 0.0911167 0
0.999004 0.0446122 0
1 8.52651e-15 0
1 -2.84217e-15 0
-1 -0 -0
-0.996489 0.0837271 0
-0.98638 0.164484 0
-0.969276 0.245976 0
-0.945529 0.325537 0
-0.915354 0.40265 0
-0.879001 0.476819 0
-0.836758 0.547572 0
-0.788947 0.614461 0
-0.735921 0.677067 0
-0.678064 0.735002 0
-0.615789 0.787911 0
-0.54953 0.835474 0
-0.479747 0.877407 0
-0.406917 0.913465 0
-0.331533 0.943444 0
-0.2541 0.967178 0
-0.175134 0.984545 0
-0.0951561 0.995462 0
-0.0146902 0.999892 0
0.0746522 0.99721 0
0.163222 0.986589 0
0.250322 0.968163 0
0.335269 0.942122 0
0.417407 0.90872 0
0.496106 0.868262 0
0.570771 0.82111 0
0.640841 0.767674 0
0.7058 0.708411 0
0.765177 0.64382 0
0.818548 0.574438 0
0.865543 0.500835 0
0.905846 0.423607 0
0.939197 0.343378 0
0.965397 0.260784 0
0.984305 0.176478 0
0.99584 0.0911167 0
0.999004 0.0446122 0
"></Normal>
     </IndexedTriangleSet>
    </Shape>
    <Shape DEF="face97">
     <Appearance><Material DEF="matface97" diffuseColor="0.780392 0.780392 0.000000" shininess="0.9" specularColor="0.2 0.2 0.2" transparency="0"></Material></Appearance>
     <IndexedTriangleSet DEF="setface97" index="
1 41 40 1 40 0 2 41 1 2 42 41 3 43 42 3 42 2 4 43 3 4 44 43 5 45 44 5 44 4 6 45 5 6 46 45 7 47 46 7 46 6 8 47 7 8 48 47 9 48 8 9 49 48 10 49 9 10 50 49 11 51 50 11 50 10 12 51 11 12 52 51 13 53 52 13 52 12 14 53 13 14 54 53 15 55 54 15 54 14 16 56 55 16 55 15 17 57 56 17 56 16 18 58 57 18 57 17 19 59 58 19 58 18 20 60 59 20 59 19 21 61 60 21 60 20 22 62 61 22 61 21 23 62 22 23 63 62 24 64 63 24 63 23 25 64 24 25 65 64 26 66 65 26 65 25 27 66 26 27 67 66 28 67 27 28 68 67 29 68 28 29 69 68 30 69 29 30 70 69 31 71 70 31 70 30 32 71 31 32 72 71 33 73 72 33 72 32 34 73 33 34 74 73 35 74 34 35 75 74 36 75 35 36 76 75 37 76 36 37 77 76 38 77 37 38 39 77 
">
      <Coordinate point="
137.5 62.0096 0
137.482 61.591 0
137.432 61.1872 0
137.346 60.7797 0
137.228 60.3819 0
137.077 59.9964 0
136.895 59.6255 0
136.684 59.2718 0
136.445 58.9373 0
136.18 58.6243 0
135.89 58.3346 0
135.579 58.0701 0
135.248 57.8322 0
134.899 57.6226 0
134.535 57.4423 0
134.158 57.2924 0
133.77 57.1737 0
133.376 57.0869 0
132.976 57.0323 0
132.573 57.0102 0
132.127 57.0236 0
131.684 57.0767 0
131.248 57.1688 0
130.824 57.299 0
130.413 57.466 0
130.019 57.6683 0
129.646 57.9041 0
129.296 58.1713 0
128.971 58.4676 0
128.674 58.7905 0
128.407 59.1374 0
128.172 59.5054 0
127.971 59.8916 0
127.804 60.2927 0
127.673 60.7057 0
127.578 61.1272 0
127.521 61.554 0
127.505 61.7866 0
127.5 62.0096 0
127.5 62.0096 20
137.5 62.0096 20
137.482 61.591 20
137.432 61.1872 20
137.346 60.7797 20
137.228 60.3819 20
137.077 59.9964 20
136.895 59.6255 20
136.684 59.2718 20
136.445 58.9373 20
136.18 58.6243 20
135.89 58.3346 20
135.579 58.0701 20
135.248 57.8322 20
134.899 57.6226 20
134.535 57.4423 20
134.158 57.2924 20
133.77 57.1737 20
133.376 57.0869 20
132.976 57.0323 20
132.573 57.0102 20
132.127 57.0236 20
131.684 57.0767 20
131.248 57.1688 20
130.824 57.299 20
130.413 57.466 20
130.019 57.6683 20
129.646 57.9041 20
129.296 58.1713 20
128.971 58.4676 20
128.674 58.7905 20
128.407 59.1374 20
128.172 59.5054 20
127.971 59.8916 20
127.804 60.2927 20
127.673 60.7057 20
127.578 61.1272 20
127.521 61.554 20
127.505 61.7866 20
"></Coordinate>
      <Normal vector="
-1 -0 -0
-0.996489 0.0837271 0
-0.98638 0.164484 0
-0.969276 0.245976 0
-0.945529 0.325537 0
-0.915354 0.40265 0
-0.879001 0.476819 0
-0.836758 0.547572 0
-0.788947 0.614461 0
-0.735921 0.677067 0
-0.678064 0.735002 0
-0.615789 0.787911 0
-0.54953 0.835474 0
-0.479747 0.877407 0
-0.406917 0.913465 0
-0.331533 0.943444 0
-0.2541 0.967178 0
-0.175134 0.984545 0
-0.0951561 0.995462 0
-0.0146902 0.999892 0
0.0746522 0.99721 0
0.163222 0.986589 0
0.250322 0.968163 0
0.335269 0.942122 0
0.417407 0.90872 0
0.496106 0.868262 0
0.570771 0.82111 0
0.640841 0.767674 0
0.7058 0.708411 0
0.765177 0.64382 0
0.818548 0.574438 0
0.865543 0.500835 0
0.905846 0.423607 0
0.939197 0.343378 0
0.965397 0.260784 0
0.984305 0.176478 0
0.99584 0.0911167 0
0.999004 0.0446122 0
1 -2.84217e-15 0
1 -2.84217e-15 0
-1 1.13687e-14 0
-0.996489 0.0837271 0
-0.98638 0.164484 0
-0.969276 0.245976 0
-0.945529 0.325537 0
-0.915354 0.40265 0
-0.879001 0.476819 0
-0.836758 0.547572 0
-0.788947 0.614461 0
-0.735921 0.677067 0
-0.678064 0.735002 0
-0.615789 0.787911 0
-0.54953 0.835474 0
-0.479747 0.877407 0
-0.406917 0.913465 0
-0.331533 0.943444 0
-0.2541 0.967178 0
-0.175134 0.984545 0
-0.0951561 0.995462 0
-0.0146902 0.999892 0
0.0746522 0.99721 0
0.163222 0.986589 0
0.250322 0.968163 0
0.335269 0.942122 0
0.417407 0.90872 0
0.496106 0.868262 0
0.570771 0.82111 0
0.640841 0.767674 0
0.7058 0.708411 0
0.765177 0.64382 0
0.818548 0.574438 0
0.865543 0.500835 0
0.905846 0.423607 0
0.939197 0.343378 0
0.965397 0.260784 0
0.984305 0.176478 0
0.99584 0.0911167 0
0.999004 0.0446122 0
"></Normal>
     </IndexedTriangleSet>
    </Shape>
    <Shape DEF="face98">
     <Appearance><Material DEF="matface98" diffuseColor="0.780392 0.780392 0.000000" shininess="0.9" specularColor="0.2 0.2 0.2" transparency="0"></Material></Appearance>
     <IndexedTriangleSet DEF="setface98" index="
1 41 40 1 40 0 2 41 1 2 42 41 3 43 42 3 42 2 4 43 3 4 44 43 5 45 44 5 44 4 6 45 5 6 46 45 7 47 46 7 46 6 8 47 7 8 48 47 9 48 8 9 49 48 10 49 9 10 50 49 11 51 50 11 50 10 12 51 11 12 52 51 13 53 52 13 52 12 14 53 13 14 54 53 15 55 54 15 54 14 16 56 55 16 55 15 17 57 56 17 56 16 18 58 57 18 57 17 19 59 58 19 58 18 20 60 59 20 59 19 21 61 60 21 60 20 22 62 61 22 61 21 23 62 22 23 63 62 24 64 63 24 63 23 25 64 24 25 65 64 26 66 65 26 65 25 27 66 26 27 67 66 28 67 27 28 68 67 29 68 28 29 69 68 30 69 29 30 70 69 31 71 70 31 70 30 32 71 31 32 72 71 33 73 72 33 72 32 34 73 33 34 74 73 35 74 34 35 75 74 36 75 35 36 76 75 37 76 36 37 77 76 38 77 37 38 39 77 
">
      <Coordinate point="
52.5 62.0096 0
52.4824 61.591 0
52.4319 61.1872 0
52.3464 60.7797 0
52.2276 60.3819 0
52.0768 59.9964 0
51.895 59.6255 0
51.6838 59.2718 0
51.4447 58.9373 0
51.1796 58.6243 0
50.8903 58.3346 0
50.5789 58.0701 0
50.2477 57.8322 0
49.8987 57.6226 0
49.5346 57.4423 0
49.1577 57.2924 0
48.7705 57.1737 0
48.3757 57.0869 0
47.9758 57.0323 0
47.5735 57.0102 0
47.1267 57.0236 0
46.6839 57.0767 0
46.2484 57.1688 0
45.8237 57.299 0
45.413 57.466 0
45.0195 57.6683 0
44.6461 57.9041 0
44.2958 58.1713 0
43.971 58.4676 0
43.6741 58.7905 0
43.4073 59.1374 0
43.1723 59.5054 0
42.9708 59.8916 0
42.804 60.2927 0
42.673 60.7057 0
42.5785 61.1272 0
42.5208 61.554 0
42.505 61.7866 0
42.5 62.0096 0
42.5 62.0096 20
52.5 62.0096 20
52.4824 61.591 20
52.4319 61.1872 20
52.3464 60.7797 20
52.2276 60.3819 20
52.0768 59.9964 20
51.895 59.6255 20
51.6838 59.2718 20
51.4447 58.9373 20
51.1796 58.6243 20
50.8903 58.3346 20
50.5789 58.0701 20
50.2477 57.8322 20
49.8987 57.6226 20
49.5346 57.4423 20
49.1577 57.2924 20
48.7705 57.1737 20
48.3757 57.0869 20
47.9758 57.0323 20
47.5735 57.0102 20
47.1267 57.0236 20
46.6839 57.0767 20
46.2484 57.1688 20
45.8237 57.299 20
45.413 57.466 20
45.0195 57.6683 20
44.6461 57.9041 20
44.2958 58.1713 20
43.971 58.4676 20
43.6741 58.7905 20
43.4073 59.1374 20
43.1723 59.5054 20
42.9708 59.8916 20
42.804 60.2927 20
42.673 60.7057 20
42.5785 61.1272 20
42.5208 61.554 20
42.505 61.7866 20
"></Coordinate>
      <Normal vector="
-1 -7.10543e-15 -0
-0.996489 0.0837271 0
-0.98638 0.164484 0
-0.969276 0.245976 0
-0.945529 0.325537 0
-0.915354 0.40265 0
-0.879001 0.476819 0
-0.836758 0.547572 0
-0.788947 0.614461 0
-0.735921 0.677067 0
-0.678064 0.735002 0
-0.615789 0.787911 0
-0.54953 0.835474 0
-0.479747 0.877407 0
-0.406917 0.913465 0
-0.331533 0.943444 0
-0.2541 0.967178 0
-0.175134 0.984545 0
-0.0951561 0.995462 0
-0.0146902 0.999892 0
0.0746522 0.99721 0
0.163222 0.986589 0
0.250322 0.968163 0
0.335269 0.942122 0
0.417407 0.90872 0
0.496106 0.868262 0
0.570771 0.82111 0
0.640841 0.767674 0
0.7058 0.708411 0
0.765177 0.64382 0
0.818548 0.574438 0
0.865543 0.500835 0
0.905846 0.423607 0
0.939197 0.343378 0
0.965397 0.260784 0
0.984305 0.176478 0
0.99584 0.0911167 0
0.999004 0.0446122 0
1 7.10543e-15 0
1 -0 0
-1 -1.42109e-15 -0
-0.996489 0.0837271 0
-0.98638 0.164484 0
-0.969276 0.245976 0
-0.945529 0.325537 0
-0.915354 0.40265 0
-0.879001 0.476819 0
-0.836758 0.547572 0
-0.788947 0.614461 0
-0.735921 0.677067 0
-0.678064 0.735002 0
-0.615789 0.787911 0
-0.54953 0.835474 0
-0.479747 0.877407 0
-0.406917 0.913465 0
-0.331533 0.943444 0
-0.2541 0.967178 0
-0.175134 0.984545 0
-0.0951561 0.995462 0
-0.0146902 0.999892 0
0.0746522 0.99721 0
0.163222 0.986589 0
0.250322 0.968163 0
0.335269 0.942122 0
0.417407 0.90872 0
0.496106 0.868262 0
0.570771 0.82111 0
0.640841 0.767674 0
0.7058 0.708411 0
0.765177 0.64382 0
0.818548 0.574438 0
0.865543 0.500835 0
0.905846 0.423607 0
0.939197 0.343378 0
0.965397 0.260784 0
0.984305 0.176478 0
0.99584 0.0911167 0
0.999004 0.0446122 0
"></Normal>
     </IndexedTriangleSet>
    </Shape>
    <Shape DEF="face99">
     <Appearance><Material DEF="matface99" diffuseColor="0.780392 0.780392 0.000000" shininess="0.9" specularColor="0.2 0.2 0.2" transparency="0"></Material></Appearance>
     <IndexedTriangleSet DEF="setface99" index="
1 41 40 1 42 41 1 40 0 2 43 42 2 42 1 3 43 2 3 44 43 4 45 44 4 44 3 5 45 4 6 46 45 6 45 5 7 46 6 7 47 46 8 48 47 8 47 7 9 48 8 9 49 48 10 49 9 10 50 49 10 51 50 11 52 51 11 51 10 12 52 11 13 53 52 13 52 12 14 53 13 14 54 53 15 55 54 15 56 55 15 54 14 16 56 15 17 57 56 17 58 57 17 56 16 18 58 17 19 59 58 19 58 18 20 60 59 20 61 60 20 59 19 21 62 61 21 61 20 22 63 62 22 62 21 23 63 22 23 64 63 24 65 64 24 64 23 25 65 24 26 65 25 26 66 65 26 67 66 27 67 26 28 67 27 28 68 67 28 69 68 29 70 69 29 69 28 30 70 29 31 70 30 31 71 70 31 72 71 32 72 31 33 72 32 33 73 72 34 73 33 34 74 73 35 75 74 35 74 34 36 75 35 36 76 75 36 77 76 37 77 36 38 77 37 38 39 77 
">
      <Coordinate point="
52.5 87.9904 0
52.4824 87.5717 0
52.4319 87.168 0
52.3464 86.7605 0
52.2276 86.3627 0
52.0768 85.9771 0
51.895 85.6063 0
51.6838 85.2525 0
51.4447 84.9181 0
51.1796 84.605 0
50.8903 84.3154 0
50.5789 84.0508 0
50.2477 83.813 0
49.8987 83.6033 0
49.5346 83.4231 0
49.1577 83.2732 0
48.7705 83.1545 0
48.3757 83.0677 0
47.9758 83.0131 0
47.5735 82.9909 0
47.1267 83.0043 0
46.6839 83.0574 0
46.2484 83.1496 0
45.8237 83.2798 0
45.413 83.4468 0
45.0195 83.6491 0
44.6461 83.8848 0
44.2958 84.152 0
43.971 84.4483 0
43.6741 84.7713 0
43.4073 85.1182 0
43.1723 85.4862 0
42.9708 85.8723 0
42.804 86.2735 0
42.673 86.6865 0
42.5785 87.108 0
42.5208 87.5348 0
42.505 87.7673 0
42.5 87.9904 0
42.5 87.9904 20
52.5 87.9904 20
52.4824 87.5717 20
52.4319 87.168 20
52.3464 86.7605 20
52.2276 86.3627 20
52.0768 85.9771 20
51.895 85.6063 20
51.6838 85.2525 20
51.4447 84.9181 20
51.1796 84.605 20
50.8903 84.3154 20
50.5789 84.0508 20
50.2477 83.813 20
49.8987 83.6033 20
49.5346 83.4231 20
49.1577 83.2732 20
48.7705 83.1545 20
48.3757 83.0677 20
47.9758 83.0131 20
47.5735 82.9909 20
47.1267 83.0043 20
46.6839 83.0574 20
46.2484 83.1496 20
45.8237 83.2798 20
45.413 83.4468 20
45.0195 83.6491 20
44.6461 83.8848 20
44.2958 84.152 20
43.971 84.4483 20
43.6741 84.7713 20
43.4073 85.1182 20
43.1723 85.4862 20
42.9708 85.8723 20
42.804 86.2735 20
42.673 86.6865 20
42.5785 87.108 20
42.5208 87.5348 20
42.505 87.7673 20
"></Coordinate>
      <Normal vector="
-1 4.26326e-15 0
-0.996489 0.0837271 0
-0.98638 0.164484 0
-0.969276 0.245976 0
-0.945529 0.325537 0
-0.915354 0.40265 0
-0.879001 0.476819 0
-0.836758 0.547572 0
-0.788947 0.614461 0
-0.735921 0.677067 0
-0.678064 0.735002 0
-0.615789 0.787911 0
-0.54953 0.835474 0
-0.479747 0.877407 0
-0.406917 0.913465 0
-0.331533 0.943444 0
-0.2541 0.967178 0
-0.175134 0.984545 0
-0.0951561 0.995462 0
-0.0146902 0.999892 0
0.0746522 0.99721 0
0.163222 0.986589 0
0.250322 0.968163 0
0.335269 0.942122 0
0.417407 0.90872 0
0.496106 0.868262 0
0.570771 0.82111 0
0.640841 0.767674 0
0.7058 0.708411 0
0.765177 0.64382 0
0.818548 0.574438 0
0.865543 0.500835 0
0.905846 0.423607 0
0.939197 0.343378 0
0.965397 0.260784 0
0.984305 0.176478 0
0.99584 0.0911167 0
0.999004 0.0446122 0
1 7.10543e-15 0
1 -0 0
-1 1.42109e-15 0
-0.996489 0.0837271 0
-0.98638 0.164484 0
-0.969276 0.245976 0
-0.945529 0.325537 0
-0.915354 0.40265 0
-0.879001 0.476819 0
-0.836758 0.547572 0
-0.788947 0.614461 0
-0.735921 0.677067 0
-0.678064 0.735002 0
-0.615789 0.787911 0
-0.54953 0.835474 0
-0.479747 0.877407 0
-0.406917 0.913465 0
-0.331533 0.943444 0
-0.2541 0.967178 0
-0.175134 0.984545 0
-0.0951561 0.995462 0
-0.0146902 0.999892 0
0.0746522 0.99721 0
0.163222 0.986589 0
0.250322 0.968163 0
0.335269 0.942122 0
0.417407 0.90872 0
0.496106 0.868262 0
0.570771 0.82111 0
0.640841 0.767674 0
0.7058 0.708411 0
0.765177 0.64382 0
0.818548 0.574438 0
0.865543 0.500835 0
0.905846 0.423607 0
0.939197 0.343378 0
0.965397 0.260784 0
0.984305 0.176478 0
0.99584 0.0911167 0
0.999004 0.0446122 0
"></Normal>
     </IndexedTriangleSet>
    </Shape>
    <Shape DEF="face100">
     <Appearance><Material DEF="matface100" diffuseColor="0.000000 0.000000 1.000000" shininess="0.9" specularColor="0.2 0.2 0.2" transparency="0"></Material></Appearance>
     <IndexedTriangleSet DEF="setface100" index="
102 35 34 101 36 35 101 35 102 103 34 33 103 102 34 100 36 101 100 37 36 104 103 33 104 33 32 99 37 100 99 38 37 105 104 32 105 31 30 105 32 31 98 38 99 98 39 38 98 40 39 106 30 29 106 105 30 97 41 40 97 40 98 107 29 28 107 106 29 96 41 97 96 42 41 108 28 27 108 107 28 95 42 96 95 43 42 109 27 26 109 108 27 94 43 95 94 44 43 110 26 25 110 109 26 93 45 44 93 44 94 111 25 24 111 110 25 92 45 93 92 46 45 112 23 22 112 24 23 112 111 24 167 47 46 167 46 92 113 112 22 113 22 21 166 47 167 166 48 47 166 49 48 114 21 20 114 113 21 165 50 49 165 49 166 164 51 50 164 50 165 115 19 18 115 20 19 115 114 20 163 52 51 163 51 164 116 18 17 116 115 18 162 53 52 162 54 53 162 52 163 117 17 16 117 116 17 161 54 162 161 55 54 118 15 14 118 16 15 118 117 16 160 55 161 160 56 55 119 118 14 13 119 14 159 56 160 159 57 56 120 119 13 12 120 13 58 57 159 158 58 159 121 120 12 11 121 12 59 58 158 157 59 158 10 122 121 10 121 11 60 59 157 60 157 156 9 123 122 9 122 10 61 60 156 8 124 123 8 123 9 62 156 155 62 61 156 7 124 8 63 155 154 63 62 155 6 125 124 6 124 7 64 154 153 64 63 154 5 126 125 5 125 6 65 64 153 4 127 126 4 126 5 66 65 153 66 153 152 3 128 127 3 127 4 67 66 152 67 152 151 2 128 3 68 67 151 68 151 150 1 128 2 1 129 128 69 68 150 0 130 129 0 129 1 70 69 150 70 150 149 91 130 0 91 131 130 71 149 148 71 70 149 90 131 91 90 132 131 72 148 147 72 71 148 89 133 132 89 132 90 73 147 146 73 72 147 88 134 133 88 133 89 74 146 145 74 73 146 87 135 134 87 134 88 75 74 145 75 145 144 86 136 135 86 135 87 76 144 143 76 75 144 85 136 86 77 76 143 84 137 136 84 136 85 78 143 142 78 77 143 83 138 137 83 137 84 79 142 141 79 78 142 82 139 138 82 138 83 80 141 140 80 79 141 81 140 139 81 139 82 81 80 140 
">
      <Coordinate point="
155 82.5 30
154.497 82.4831 30
153.964 82.4281 30
153.471 82.3424 30
152.985 82.2243 30
152.509 82.0744 30
152.046 81.8936 30
151.595 81.6827 30
151.161 81.4429 30
150.744 81.1752 30
150.346 80.8811 30
149.968 80.5618 30
149.613 80.2187 30
149.282 79.8536 30
148.976 79.468 30
148.696 79.0636 30
148.444 78.6423 30
148.22 78.2059 30
148.025 77.7562 30
147.86 77.2953 30
147.725 76.8252 30
147.622 76.3478 30
147.55 75.8652 30
147.51 75.3795 30
147.501 74.8927 30
147.528 74.353 30
147.594 73.8174 30
147.698 73.2886 30
147.839 72.7693 30
148.018 72.2622 30
148.231 71.7697 30
148.479 71.2945 30
148.76 70.8387 30
149.073 70.4048 30
149.415 69.9947 30
149.784 69.6106 30
150.18 69.2542 30
150.599 68.9272 30
151.039 68.6311 30
151.499 68.3674 30
151.975 68.1371 30
152.465 67.9412 30
152.968 67.7806 30
153.479 67.6559 30
153.996 67.5675 30
154.513 67.5158 30
155 67.5 30
155.503 67.5169 30
156.036 67.5719 30
156.529 67.6576 30
157.015 67.7757 30
157.491 67.9256 30
157.954 68.1064 30
158.405 68.3173 30
158.839 68.5571 30
159.256 68.8248 30
159.654 69.1189 30
160.032 69.4382 30
160.387 69.7813 30
160.718 70.1464 30
161.024 70.532 30
161.304 70.9364 30
161.556 71.3577 30
161.78 71.7941 30
161.975 72.2438 30
162.14 72.7047 30
162.275 73.1748 30
162.378 73.6522 30
162.45 74.1348 30
162.49 74.6205 30
162.499 75.1073 30
162.472 75.647 30
162.406 76.1826 30
162.302 76.7114 30
162.161 77.2307 30
161.982 77.7378 30
161.769 78.2303 30
161.521 78.7055 30
161.24 79.1613 30
160.927 79.5952 30
160.585 80.0053 30
160.216 80.3894 30
159.82 80.7458 30
159.401 81.0728 30
158.961 81.3689 30
158.501 81.6326 30
158.025 81.8629 30
157.535 82.0588 30
157.032 82.2194 30
156.521 82.3441 30
156.004 82.4325 30
155.487 82.4842 30
155 70 30
154.587 70.0171 30
154.189 70.0663 30
153.786 70.1496 30
153.393 70.2653 30
153.012 70.4123 30
152.645 70.5896 30
152.294 70.7957 30
151.962 71.029 30
151.65 71.288 30
151.361 71.5708 30
151.097 71.8753 30
150.858 72.1996 30
150.646 72.5414 30
150.463 72.8985 30
150.309 73.2684 30
150.186 73.6489 30
150.094 74.0373 30
150.032 74.4313 30
150.003 74.8282 30
150.005 75.2256 30
150.044 75.6645 30
150.122 76.0975 30
150.237 76.5212 30
150.388 76.9323 30
150.575 77.3278 30
150.795 77.7048 30
151.046 78.0605 30
151.327 78.3923 30
151.635 78.6978 30
151.967 78.975 30
152.321 79.2218 30
152.694 79.4367 30
153.084 79.6183 30
153.486 79.7654 30
153.899 79.8772 30
154.318 79.9533 30
154.669 79.989 30
155 80 30
155.413 79.9829 30
155.811 79.9337 30
156.214 79.8504 30
156.607 79.7347 30
156.988 79.5877 30
157.355 79.4104 30
157.706 79.2043 30
158.038 78.971 30
158.35 78.712 30
158.639 78.4292 30
158.903 78.1247 30
159.142 77.8004 30
159.354 77.4586 30
159.537 77.1015 30
159.691 76.7316 30
159.814 76.3511 30
159.906 75.9627 30
159.968 75.5687 30
159.997 75.1718 30
159.995 74.7744 30
159.956 74.3355 30
159.878 73.9025 30
159.763 73.4788 30
159.612 73.0677 30
159.425 72.6722 30
159.205 72.2952 30
158.954 71.9395 30
158.673 71.6077 30
158.365 71.3022 30
158.033 71.025 30
157.679 70.7782 30
157.306 70.5633 30
156.916 70.3817 30
156.514 70.2346 30
156.101 70.1228 30
155.682 70.0467 30
155.331 70.011 30
"></Coordinate>
      <Normal vector="
0 -0 -1
0 -0 -1
0 -0 -1
0 -0 -1
0 -0 -1
0 -0 -1
0 -0 -1
0 -0 -1
0 -0 -1
0 -0 -1
0 -0 -1
0 -0 -1
0 -0 -1
0 -0 -1
0 -0 -1
0 -0 -1
0 -0 -1
0 -0 -1
0 -0 -1
0 -0 -1
0 -0 -1
0 -0 -1
0 -0 -1
0 -0 -1
0 -0 -1
0 -0 -1
0 -0 -1
0 -0 -1
0 -0 -1
0 -0 -1
0 -0 -1
0 -0 -1
0 -0 -1
0 -0 -1
0 -0 -1
0 -0 -1
0 -0 -1
0 -0 -1
0 -0 -1
0 -0 -1
0 -0 -1
0 -0 -1
0 -0 -1
0 -0 -1
0 -0 -1
0 -0 -1
0 -0 -1
0 -0 -1
0 -0 -1
0 -0 -1
0 -0 -1
0 -0 -1
0 -0 -1
0 -0 -1
0 -0 -1
0 -0 -1
0 -0 -1
0 -0 -1
0 -0 -1
0 -0 -1
0 -0 -1
0 -0 -1
0 -0 -1
0 -0 -1
0 -0 -1
0 -0 -1
0 -0 -1
0 -0 -1
0 -0 -1
0 -0 -1
0 -0 -1
0 -0 -1
0 -0 -1
0 -0 -1
0 -0 -1
0 -0 -1
0 -0 -1
0 -0 -1
0 -0 -1
0 -0 -1
0 -0 -1
0 -0 -1
0 -0 -1
0 -0 -1
0 -0 -1
0 -0 -1
0 -0 -1
0 -0 -1
0 -0 -1
0 -0 -1
0 -0 -1
0 -0 -1
0 -0 -1
0 -0 -1
0 -0 -1
0 -0 -1
0 -0 -1
0 -0 -1
0 -0 -1
0 -0 -1
0 -0 -1
0 -0 -1
0 -0 -1
0 -0 -1
0 -0 -1
0 -0 -1
0 -0 -1
0 -0 -1
0 -0 -1
0 -0 -1
0 -0 -1
0 -0 -1
0 -0 -1
0 -0 -1
0 -0 -1
0 -0 -1
0 -0 -1
0 -0 -1
0 -0 -1
0 -0 -1
0 -0 -1
0 -0 -1
0 -0 -1
0 -0 -1
0 -0 -1
0 -0 -1
0 -0 -1
0 -0 -1
0 -0 -1
0 -0 -1
0 -0 -1
0 -0 -1
0 -0 -1
0 -0 -1
0 -0 -1
0 -0 -1
0 -0 -1
0 -0 -1
0 -0 -1
0 -0 -1
0 -0 -1
0 -0 -1
0 -0 -1
0 -0 -1
0 -0 -1
0 -0 -1
0 -0 -1
0 -0 -1
0 -0 -1
0 -0 -1
0 -0 -1
0 -0 -1
0 -0 -1
0 -0 -1
0 -0 -1
0 -0 -1
0 -0 -1
0 -0 -1
0 -0 -1
0 -0 -1
0 -0 -1
0 -0 -1
0 -0 -1
0 -0 -1
0 -0 -1
0 -0 -1
0 -0 -1
0 -0 -1
"></Normal>
     </IndexedTriangleSet>
    </Shape>
    <Shape DEF="face101">
     <Appearance><Material DEF="matface101" diffuseColor="0.000000 0.000000 1.000000" shininess="0.9" specularColor="0.2 0.2 0.2" transparency="0"></Material></Appearance>
     <IndexedTriangleSet DEF="setface101" index="
41 40 39 47 45 44 47 46 45 49 47 44 49 48 47 50 44 43 50 49 44 51 50 43 51 42 41 51 43 42 52 41 39 52 51 41 53 52 39 54 39 38 54 53 39 55 38 37 55 54 38 56 37 36 56 55 37 57 36 35 57 56 36 58 57 35 59 58 35 59 34 33 59 35 34 60 59 33 61 33 32 61 60 33 62 61 32 62 31 30 62 32 31 63 62 30 64 63 30 64 30 29 65 64 29 65 29 28 66 65 28 66 28 27 67 66 27 2 4 3 68 67 27 68 26 25 68 27 26 69 68 25 0 2 1 0 4 2 70 24 23 70 25 24 70 69 25 91 5 4 91 4 0 71 70 23 71 23 22 72 22 21 72 71 22 89 5 91 89 91 90 73 72 21 88 5 89 74 21 20 74 73 21 75 19 18 75 20 19 75 74 20 86 6 5 86 5 88 86 88 87 76 75 18 76 18 17 85 7 6 85 6 86 77 17 16 77 76 17 84 8 7 84 9 8 84 7 85 78 16 15 78 77 16 83 10 9 83 9 84 79 14 13 79 15 14 79 78 15 82 10 83 80 13 12 80 79 13 81 11 10 81 12 11 81 10 82 81 80 12 
">
      <Coordinate point="
155 67.5 33
154.497 67.5169 33
153.964 67.5719 33
153.471 67.6576 33
152.985 67.7757 33
152.509 67.9256 33
152.046 68.1064 33
151.595 68.3173 33
151.161 68.5571 33
150.744 68.8248 33
150.346 69.1189 33
149.968 69.4382 33
149.613 69.7813 33
149.282 70.1464 33
148.976 70.532 33
148.696 70.9364 33
148.444 71.3577 33
148.22 71.7941 33
148.025 72.2438 33
147.86 72.7047 33
147.725 73.1748 33
147.622 73.6522 33
147.55 74.1348 33
147.51 74.6205 33
147.501 75.1073 33
147.528 75.647 33
147.594 76.1826 33
147.698 76.7114 33
147.839 77.2307 33
148.018 77.7378 33
148.231 78.2303 33
148.479 78.7055 33
148.76 79.1613 33
149.073 79.5952 33
149.415 80.0053 33
149.784 80.3894 33
150.18 80.7458 33
150.599 81.0728 33
151.039 81.3689 33
151.499 81.6326 33
151.975 81.8629 33
152.465 82.0588 33
152.968 82.2194 33
153.479 82.3441 33
153.996 82.4325 33
154.513 82.4842 33
155 82.5 33
155.503 82.4831 33
156.036 82.4281 33
156.529 82.3424 33
157.015 82.2243 33
157.491 82.0744 33
157.954 81.8936 33
158.405 81.6827 33
158.839 81.4429 33
159.256 81.1752 33
159.654 80.8811 33
160.032 80.5618 33
160.387 80.2187 33
160.718 79.8536 33
161.024 79.468 33
161.304 79.0636 33
161.556 78.6423 33
161.78 78.2059 33
161.975 77.7562 33
162.14 77.2953 33
162.275 76.8252 33
162.378 76.3478 33
162.45 75.8652 33
162.49 75.3795 33
162.499 74.8927 33
162.472 74.353 33
162.406 73.8174 33
162.302 73.2886 33
162.161 72.7693 33
161.982 72.2622 33
161.769 71.7697 33
161.521 71.2945 33
161.24 70.8387 33
160.927 70.4048 33
160.585 69.9947 33
160.216 69.6106 33
159.82 69.2542 33
159.401 68.9272 33
158.961 68.6311 33
158.501 68.3674 33
158.025 68.1371 33
157.535 67.9412 33
157.032 67.7806 33
156.521 67.6559 33
156.004 67.5675 33
155.487 67.5158 33
"></Coordinate>
      <Normal vector="
-0 -0 1
-0 -0 1
-0 -0 1
-0 -0 1
-0 -0 1
-0 -0 1
-0 -0 1
-0 -0 1
-0 -0 1
-0 -0 1
-0 -0 1
-0 -0 1
-0 -0 1
-0 -0 1
-0 -0 1
-0 -0 1
-0 -0 1
-0 -0 1
-0 -0 1
-0 -0 1
-0 -0 1
-0 -0 1
-0 -0 1
-0 -0 1
-0 -0 1
-0 -0 1
-0 -0 1
-0 -0 1
-0 -0 1
-0 -0 1
-0 -0 1
-0 -0 1
-0 -0 1
-0 -0 1
-0 -0 1
-0 -0 1
-0 -0 1
-0 -0 1
-0 -0 1
-0 -0 1
-0 -0 1
-0 -0 1
-0 -0 1
-0 -0 1
-0 -0 1
-0 -0 1
-0 -0 1
-0 -0 1
-0 -0 1
-0 -0 1
-0 -0 1
-0 -0 1
-0 -0 1
-0 -0 1
-0 -0 1
-0 -0 1
-0 -0 1
-0 -0 1
-0 -0 1
-0 -0 1
-0 -0 1
-0 -0 1
-0 -0 1
-0 -0 1
-0 -0 1
-0 -0 1
-0 -0 1
-0 -0 1
-0 -0 1
-0 -0 1
-0 -0 1
-0 -0 1
-0 -0 1
-0 -0 1
-0 -0 1
-0 -0 1
-0 -0 1
-0 -0 1
-0 -0 1
-0 -0 1
-0 -0 1
-0 -0 1
-0 -0 1
-0 -0 1
-0 -0 1
-0 -0 1
-0 -0 1
-0 -0 1
-0 -0 1
-0 -0 1
-0 -0 1
-0 -0 1
"></Normal>
     </IndexedTriangleSet>
    </Shape>
    <Shape DEF="face102">
     <Appearance><Material DEF="matface102" diffuseColor="0.000000 0.000000 1.000000" shininess="0.9" specularColor="0.2 0.2 0.2" transparency="0"></Material></Appearance>
     <IndexedTriangleSet DEF="setface102" index="
54 52 53 55 52 54 55 51 52 56 51 55 56 50 51 57 50 56 57 49 50 58 49 57 58 48 49 59 48 58 59 47 48 60 47 59 60 46 47 61 45 46 61 46 60 62 44 45 62 45 61 63 43 44 63 44 62 64 42 43 64 43 63 65 41 42 65 42 64 66 41 65 67 40 41 67 41 66 68 39 40 68 40 67 69 38 39 69 39 68 70 37 38 70 38 69 71 36 37 71 37 70 72 35 36 72 36 71 73 34 35 73 35 72 74 34 73 74 33 34 75 33 74 75 32 33 76 32 75 76 31 32 77 31 76 77 30 31 78 30 77 79 29 30 79 30 78 80 29 79 80 28 29 81 27 28 81 28 80 82 26 27 82 27 81 83 25 26 83 26 82 84 23 24 84 24 25 84 25 83 85 22 23 85 23 84 86 21 22 86 22 85 87 20 21 87 21 86 88 19 20 88 20 87 89 18 19 89 19 88 90 17 18 90 18 89 91 16 17 91 17 90 92 15 16 92 16 91 93 14 15 93 15 92 94 13 14 94 14 93 95 11 12 95 12 13 95 13 94 96 10 11 96 11 95 97 9 10 97 10 96 98 8 9 98 9 97 99 7 8 99 8 98 100 6 7 100 7 99 101 6 100 101 5 6 102 4 5 102 5 101 103 3 4 103 4 102 104 2 3 104 3 103 105 1 2 105 2 104 106 0 1 106 1 105 107 0 106 
">
      <Coordinate point="
155 67.5 30
155.439 67.5129 30
155.902 67.5544 30
156.335 67.6198 30
156.763 67.7101 30
157.184 67.825 30
157.597 67.9639 30
158.001 68.1265 30
158.394 68.3119 30
158.776 68.5196 30
159.144 68.7488 30
159.498 68.9985 30
159.837 69.268 30
160.159 69.5563 30
160.464 69.8624 30
160.75 70.1852 30
161.018 70.5237 30
161.265 70.8765 30
161.491 71.2427 30
161.696 71.6209 30
161.878 72.0098 30
162.038 72.4083 30
162.175 72.8148 30
162.288 73.2282 30
162.377 73.647 30
162.442 74.0698 30
162.483 74.4953 30
162.5 74.9222 30
162.49 75.3962 30
162.45 75.8683 30
162.38 76.3364 30
162.281 76.7987 30
162.153 77.2534 30
161.998 77.6987 30
161.814 78.1329 30
161.604 78.5543 30
161.369 78.9613 30
161.108 79.3523 30
160.824 79.7259 30
160.517 80.0805 30
160.189 80.415 30
159.842 80.7279 30
159.475 81.0183 30
159.092 81.285 30
158.694 81.5271 30
158.282 81.7437 30
157.858 81.9341 30
157.423 82.0977 30
156.98 82.2338 30
156.53 82.3422 30
156.075 82.4226 30
155.616 82.4746 30
155.302 82.4939 30
155 82.5 30
155 82.5 33
155.439 82.4871 33
155.902 82.4456 33
156.335 82.3802 33
156.763 82.2899 33
157.184 82.175 33
157.597 82.0361 33
158.001 81.8735 33
158.394 81.6881 33
158.776 81.4804 33
159.144 81.2512 33
159.498 81.0015 33
159.837 80.732 33
160.159 80.4437 33
160.464 80.1376 33
160.75 79.8148 33
161.018 79.4763 33
161.265 79.1235 33
161.491 78.7573 33
161.696 78.3791 33
161.878 77.9902 33
162.038 77.5917 33
162.175 77.1852 33
162.288 76.7718 33
162.377 76.353 33
162.442 75.9302 33
162.483 75.5047 33
162.5 75.0778 33
162.49 74.6038 33
162.45 74.1317 33
162.38 73.6636 33
162.281 73.2013 33
162.153 72.7466 33
161.998 72.3013 33
161.814 71.8671 33
161.604 71.4457 33
161.369 71.0387 33
161.108 70.6477 33
160.824 70.2741 33
160.517 69.9195 33
160.189 69.585 33
159.842 69.2721 33
159.475 68.9817 33
159.092 68.715 33
158.694 68.4729 33
158.282 68.2563 33
157.858 68.0659 33
157.423 67.9023 33
156.98 67.7662 33
156.53 67.6578 33
156.075 67.5774 33
155.616 67.5254 33
155.302 67.5061 33
155 67.5 33
"></Coordinate>
      <Normal vector="
1.89478e-15 -1 0
0.0585382 -0.998285 0
0.120275 -0.992741 0
0.177991 -0.984032 0
0.235016 -0.971992 0
0.291164 -0.956673 0
0.346253 -0.938141 0
0.400104 -0.91647 0
0.452544 -0.891742 0
0.503403 -0.864052 0
0.55252 -0.8335 0
0.599737 -0.800197 0
0.644905 -0.764262 0
0.687882 -0.725822 0
0.728533 -0.685011 0
0.76673 -0.64197 0
0.802356 -0.596846 0
0.8353 -0.549794 0
0.865463 -0.500973 0
0.892752 -0.450548 0
0.917087 -0.398688 0
0.938395 -0.345565 0
0.956614 -0.291358 0
0.971694 -0.236243 0
0.983593 -0.180405 0
0.992279 -0.124024 0
0.997734 -0.067287 0
0.999946 -0.0103775 0
0.998603 0.0528326 -0
0.993276 0.115769 -0
0.983998 0.178181 -0
0.970817 0.239823 -0
0.953797 0.300451 -0
0.933018 0.359829 -0
0.908574 0.417724 -0
0.880572 0.473913 -0
0.849133 0.528178 -0
0.814394 0.580313 -0
0.7765 0.630118 -0
0.735611 0.677404 -0
0.691897 0.721996 -0
0.64554 0.763726 -0
0.59673 0.802442 -0
0.545666 0.838003 -0
0.492556 0.870281 -0
0.437614 0.899163 -0
0.381062 0.924549 -0
0.323125 0.946356 -0
0.264035 0.964513 -0
0.204025 0.978966 -0
0.143331 0.989675 -0
0.0821929 0.996616 -0
0.0403195 0.999187 -0
-1.89478e-15 1 0
-1.89478e-15 1 0
0.0585382 0.998285 -0
0.120275 0.992741 -0
0.177991 0.984032 -0
0.235016 0.971992 -0
0.291164 0.956673 -0
0.346253 0.938141 -0
0.400104 0.91647 -0
0.452544 0.891742 -0
0.503403 0.864052 -0
0.55252 0.8335 -0
0.599737 0.800197 -0
0.644905 0.764262 -0
0.687882 0.725822 -0
0.728533 0.685011 -0
0.76673 0.64197 -0
0.802356 0.596846 -0
0.8353 0.549794 -0
0.865463 0.500973 -0
0.892752 0.450548 -0
0.917087 0.398688 -0
0.938395 0.345565 -0
0.956614 0.291358 -0
0.971694 0.236243 -0
0.983593 0.180405 -0
0.992279 0.124024 -0
0.997734 0.067287 -0
0.999946 0.0103775 -0
0.998603 -0.0528326 0
0.993276 -0.115769 0
0.983998 -0.178181 0
0.970817 -0.239823 0
0.953797 -0.300451 0
0.933018 -0.359829 0
0.908574 -0.417724 0
0.880572 -0.473913 0
0.849133 -0.528178 0
0.814394 -0.580313 0
0.7765 -0.630118 0
0.735611 -0.677404 0
0.691897 -0.721996 0
0.64554 -0.763726 0
0.59673 -0.802442 0
0.545666 -0.838003 0
0.492556 -0.870281 0
0.437614 -0.899163 0
0.381062 -0.924549 0
0.323125 -0.946356 0
0.264035 -0.964513 0
0.204025 -0.978966 0
0.143331 -0.989675 0
0.0821929 -0.996616 0
0.0403195 -0.999187 0
1.89478e-15 -1 0
"></Normal>
     </IndexedTriangleSet>
    </Shape>
    <Shape DEF="face103">
     <Appearance><Material DEF="matface103" diffuseColor="0.000000 0.000000 1.000000" shininess="0.9" specularColor="0.2 0.2 0.2" transparency="0"></Material></Appearance>
     <IndexedTriangleSet DEF="setface103" index="
46 44 43 46 45 44 48 47 46 49 48 46 50 46 43 50 43 42 50 49 46 51 42 41 51 50 42 52 40 39 52 41 40 52 51 41 53 52 39 54 39 38 54 53 39 55 54 38 55 38 37 56 37 36 56 55 37 57 36 35 57 56 36 58 57 35 59 58 35 59 34 33 59 35 34 60 59 33 61 32 31 61 33 32 61 60 33 62 61 31 62 31 30 63 62 30 63 30 29 64 63 29 65 29 28 65 64 29 66 65 28 66 28 27 67 66 27 68 26 25 68 27 26 68 67 27 1 3 2 1 4 3 1 5 4 69 68 25 69 25 24 0 5 1 70 24 23 70 69 24 71 70 23 71 23 22 72 71 22 89 5 0 89 91 90 89 0 91 73 21 20 73 22 21 73 72 22 88 6 5 88 5 89 74 20 19 74 73 20 75 74 19 86 6 88 86 88 87 76 17 16 76 18 17 76 19 18 76 75 19 85 7 6 85 8 7 85 6 86 77 16 15 77 76 16 84 9 8 84 8 85 78 77 15 83 9 84 79 78 15 82 10 9 82 11 10 82 9 83 80 13 12 80 14 13 80 15 14 80 79 15 81 12 11 81 11 82 81 80 12 
">
      <Coordinate point="
155 80 -4
154.665 79.9888 -4
154.309 79.9521 -4
153.98 79.895 -4
153.657 79.8162 -4
153.34 79.7163 -4
153.03 79.5957 -4
152.73 79.4551 -4
152.441 79.2952 -4
152.162 79.1168 -4
151.897 78.9207 -4
151.646 78.7078 -4
151.409 78.4792 -4
151.188 78.2357 -4
150.984 77.9787 -4
150.798 77.7091 -4
150.629 77.4282 -4
150.48 77.1373 -4
150.35 76.8375 -4
150.24 76.5302 -4
150.15 76.2168 -4
150.081 75.8985 -4
150.033 75.5768 -4
150.006 75.253 -4
150.001 74.9285 -4
150.019 74.5687 -4
150.063 74.2116 -4
150.132 73.8591 -4
150.226 73.5129 -4
150.345 73.1748 -4
150.488 72.8465 -4
150.653 72.5296 -4
150.84 72.2258 -4
151.048 71.9365 -4
151.276 71.6632 -4
151.523 71.4071 -4
151.786 71.1694 -4
152.066 70.9515 -4
152.36 70.7541 -4
152.666 70.5782 -4
152.983 70.4247 -4
153.31 70.2942 -4
153.645 70.1871 -4
153.986 70.1039 -4
154.331 70.045 -4
154.675 70.0106 -4
155 70 -4
155.335 70.0112 -4
155.691 70.0479 -4
156.02 70.105 -4
156.343 70.1838 -4
156.66 70.2837 -4
156.97 70.4043 -4
157.27 70.5449 -4
157.559 70.7048 -4
157.838 70.8832 -4
158.103 71.0793 -4
158.354 71.2922 -4
158.591 71.5208 -4
158.812 71.7643 -4
159.016 72.0213 -4
159.202 72.2909 -4
159.371 72.5718 -4
159.52 72.8627 -4
159.65 73.1625 -4
159.76 73.4698 -4
159.85 73.7832 -4
159.919 74.1015 -4
159.967 74.4232 -4
159.994 74.747 -4
159.999 75.0715 -4
159.981 75.4313 -4
159.937 75.7884 -4
159.868 76.1409 -4
159.774 76.4871 -4
159.655 76.8252 -4
159.512 77.1535 -4
159.347 77.4704 -4
159.16 77.7742 -4
158.952 78.0635 -4
158.724 78.3368 -4
158.477 78.5929 -4
158.214 78.8306 -4
157.934 79.0485 -4
157.64 79.2459 -4
157.334 79.4218 -4
157.017 79.5753 -4
156.69 79.7058 -4
156.355 79.8129 -4
156.014 79.8961 -4
155.669 79.955 -4
155.325 79.9894 -4
"></Coordinate>
      <Normal vector="
0 -0 -1
0 -0 -1
0 -0 -1
0 -0 -1
0 -0 -1
0 -0 -1
0 -0 -1
0 -0 -1
0 -0 -1
0 -0 -1
0 -0 -1
0 -0 -1
0 -0 -1
0 -0 -1
0 -0 -1
0 -0 -1
0 -0 -1
0 -0 -1
0 -0 -1
0 -0 -1
0 -0 -1
0 -0 -1
0 -0 -1
0 -0 -1
0 -0 -1
0 -0 -1
0 -0 -1
0 -0 -1
0 -0 -1
0 -0 -1
0 -0 -1
0 -0 -1
0 -0 -1
0 -0 -1
0 -0 -1
0 -0 -1
0 -0 -1
0 -0 -1
0 -0 -1
0 -0 -1
0 -0 -1
0 -0 -1
0 -0 -1
0 -0 -1
0 -0 -1
0 -0 -1
0 -0 -1
0 -0 -1
0 -0 -1
0 -0 -1
0 -0 -1
0 -0 -1
0 -0 -1
0 -0 -1
0 -0 -1
0 -0 -1
0 -0 -1
0 -0 -1
0 -0 -1
0 -0 -1
0 -0 -1
0 -0 -1
0 -0 -1
0 -0 -1
0 -0 -1
0 -0 -1
0 -0 -1
0 -0 -1
0 -0 -1
0 -0 -1
0 -0 -1
0 -0 -1
0 -0 -1
0 -0 -1
0 -0 -1
0 -0 -1
0 -0 -1
0 -0 -1
0 -0 -1
0 -0 -1
0 -0 -1
0 -0 -1
0 -0 -1
0 -0 -1
0 -0 -1
0 -0 -1
0 -0 -1
0 -0 -1
0 -0 -1
0 -0 -1
0 -0 -1
0 -0 -1
"></Normal>
     </IndexedTriangleSet>
    </Shape>
    <Shape DEF="face104">
     <Appearance><Material DEF="matface104" diffuseColor="0.000000 0.000000 1.000000" shininess="0.9" specularColor="0.2 0.2 0.2" transparency="0"></Material></Appearance>
     <IndexedTriangleSet DEF="setface104" index="
0 58 59 1 57 58 1 58 0 2 57 1 2 56 57 3 56 2 3 55 56 4 55 3 4 54 55 5 54 4 5 53 54 6 53 5 6 52 53 7 52 6 7 51 52 8 51 7 8 50 51 9 50 8 9 49 50 10 49 9 10 48 49 11 48 10 11 47 48 12 47 11 13 47 12 13 46 47 14 45 46 14 46 13 15 44 45 15 45 14 16 44 15 16 43 44 17 41 42 17 42 43 17 43 16 18 41 17 18 40 41 19 39 40 19 40 18 20 39 19 20 38 39 21 37 38 21 38 20 22 36 37 22 37 21 23 35 36 23 36 22 24 34 35 24 35 23 25 33 34 25 34 24 26 32 33 26 33 25 27 31 32 27 32 26 28 30 31 28 31 27 29 30 28 
">
      <Coordinate point="
155 80 30
155.552 79.9694 30
156.094 79.8788 30
156.62 79.7301 30
157.125 79.5259 30
157.603 79.2692 30
158.048 78.9637 30
158.456 78.6133 30
158.823 78.2226 30
159.145 77.7963 30
159.419 77.3395 30
159.642 76.8577 30
159.812 76.3565 30
159.929 75.8416 30
159.99 75.3187 30
159.996 74.7938 30
159.938 74.2153 30
159.814 73.6493 30
159.626 73.1032 30
159.378 72.5841 30
159.072 72.0987 30
158.715 71.653 30
158.31 71.2524 30
157.864 70.9016 30
157.383 70.6046 30
156.875 70.3647 30
156.344 70.1841 30
155.8 70.0644 30
155.386 70.0149 30
155 70 30
155 70 -4
155.552 70.0306 -4
156.094 70.1212 -4
156.62 70.2699 -4
157.125 70.4741 -4
157.603 70.7308 -4
158.048 71.0363 -4
158.456 71.3867 -4
158.823 71.7774 -4
159.145 72.2037 -4
159.419 72.6605 -4
159.642 73.1423 -4
159.812 73.6435 -4
159.929 74.1584 -4
159.99 74.6813 -4
159.996 75.2062 -4
159.938 75.7847 -4
159.814 76.3507 -4
159.626 76.8968 -4
159.378 77.4159 -4
159.072 77.9013 -4
158.715 78.347 -4
158.31 78.7476 -4
157.864 79.0984 -4
157.383 79.3954 -4
156.875 79.6353 -4
156.344 79.8159 -4
155.8 79.9356 -4
155.386 79.9851 -4
155 80 -4
"></Coordinate>
      <Normal vector="
0 1 0
0.110431 0.993884 -0
0.218821 0.975765 -0
0.324096 0.946024 -0
0.425029 0.90518 -0
0.520524 0.853847 -0
0.609558 0.792741 -0
0.691195 0.722669 -0
0.764589 0.644519 -0
0.828995 0.559255 -0
0.883778 0.467906 -0
0.928414 0.371548 -0
0.962494 0.271303 -0
0.985733 0.168315 -0
0.997966 0.0637485 -0
0.99915 -0.041233 0
0.987608 -0.156941 0
0.962819 -0.270148 0
0.925248 -0.379364 0
0.875525 -0.483173 0
0.814434 -0.580256 0
0.742902 -0.669401 0
0.661977 -0.749524 0
0.572822 -0.81968 0
0.47669 -0.879072 0
0.374908 -0.927062 0
0.268858 -0.96318 0
0.159957 -0.987124 0
0.0772668 -0.99701 0
-0 -1 0
0 -1 0
0.110431 -0.993884 0
0.218821 -0.975765 0
0.324096 -0.946024 0
0.425029 -0.90518 0
0.520524 -0.853847 0
0.609558 -0.792741 0
0.691195 -0.722669 0
0.764589 -0.644519 0
0.828995 -0.559255 0
0.883778 -0.467906 0
0.928414 -0.371548 0
0.962494 -0.271303 0
0.985733 -0.168315 0
0.997966 -0.0637485 0
0.99915 0.041233 -0
0.987608 0.156941 -0
0.962819 0.270148 -0
0.925248 0.379364 -0
0.875525 0.483173 -0
0.814434 0.580256 -0
0.742902 0.669401 -0
0.661977 0.749524 -0
0.572822 0.81968 -0
0.47669 0.879072 -0
0.374908 0.927062 -0
0.268858 0.96318 -0
0.159957 0.987124 -0
0.0772668 0.99701 -0
0 1 0
"></Normal>
     </IndexedTriangleSet>
    </Shape>
    <Shape DEF="face105">
     <Appearance><Material DEF="matface105" diffuseColor="0.000000 0.000000 1.000000" shininess="0.9" specularColor="0.2 0.2 0.2" transparency="0"></Material></Appearance>
     <IndexedTriangleSet DEF="setface105" index="
54 52 53 55 52 54 55 51 52 56 51 55 56 50 51 57 50 56 57 49 50 58 49 57 58 48 49 59 48 58 59 47 48 60 47 59 60 46 47 61 45 46 61 46 60 62 44 45 62 45 61 63 43 44 63 44 62 64 42 43 64 43 63 65 41 42 65 42 64 66 41 65 67 40 41 67 41 66 68 39 40 68 40 67 69 38 39 69 39 68 70 37 38 70 38 69 71 36 37 71 37 70 72 35 36 72 36 71 73 34 35 73 35 72 74 34 73 74 33 34 75 33 74 75 32 33 76 32 75 76 31 32 77 31 76 77 30 31 78 30 77 79 29 30 79 30 78 80 29 79 80 28 29 81 27 28 81 28 80 82 26 27 82 27 81 83 25 26 83 26 82 84 23 24 84 24 25 84 25 83 85 22 23 85 23 84 86 21 22 86 22 85 87 20 21 87 21 86 88 19 20 88 20 87 89 18 19 89 19 88 90 17 18 90 18 89 91 16 17 91 17 90 92 15 16 92 16 91 93 14 15 93 15 92 94 13 14 94 14 93 95 11 12 95 12 13 95 13 94 96 10 11 96 11 95 97 9 10 97 10 96 98 8 9 98 9 97 99 7 8 99 8 98 100 6 7 100 7 99 101 6 100 101 5 6 102 4 5 102 5 101 103 3 4 103 4 102 104 2 3 104 3 103 105 1 2 105 2 104 106 0 1 106 1 105 107 0 106 
">
      <Coordinate point="
155 82.5 30
154.561 82.4871 30
154.098 82.4456 30
153.665 82.3802 30
153.237 82.2899 30
152.816 82.175 30
152.403 82.0361 30
151.999 81.8735 30
151.606 81.6881 30
151.224 81.4804 30
150.856 81.2512 30
150.502 81.0015 30
150.163 80.732 30
149.841 80.4437 30
149.536 80.1376 30
149.25 79.8148 30
148.982 79.4763 30
148.735 79.1235 30
148.509 78.7573 30
148.304 78.3791 30
148.122 77.9902 30
147.962 77.5917 30
147.825 77.1852 30
147.712 76.7718 30
147.623 76.353 30
147.558 75.9302 30
147.517 75.5047 30
147.5 75.0778 30
147.51 74.6038 30
147.55 74.1317 30
147.62 73.6636 30
147.719 73.2013 30
147.847 72.7466 30
148.002 72.3013 30
148.186 71.8671 30
148.396 71.4457 30
148.631 71.0387 30
148.892 70.6477 30
149.176 70.2741 30
149.483 69.9195 30
149.811 69.585 30
150.158 69.2721 30
150.525 68.9817 30
150.908 68.715 30
151.306 68.4729 30
151.718 68.2563 30
152.142 68.0659 30
152.577 67.9023 30
153.02 67.7662 30
153.47 67.6578 30
153.925 67.5774 30
154.384 67.5254 30
154.698 67.5061 30
155 67.5 30
155 67.5 33
154.561 67.5129 33
154.098 67.5544 33
153.665 67.6198 33
153.237 67.7101 33
152.816 67.825 33
152.403 67.9639 33
151.999 68.1265 33
151.606 68.3119 33
151.224 68.5196 33
150.856 68.7488 33
150.502 68.9985 33
150.163 69.268 33
149.841 69.5563 33
149.536 69.8624 33
149.25 70.1852 33
148.982 70.5237 33
148.735 70.8765 33
148.509 71.2427 33
148.304 71.6209 33
148.122 72.0098 33
147.962 72.4083 33
147.825 72.8148 33
147.712 73.2282 33
147.623 73.647 33
147.558 74.0698 33
147.517 74.4953 33
147.5 74.9222 33
147.51 75.3962 33
147.55 75.8683 33
147.62 76.3364 33
147.719 76.7987 33
147.847 77.2534 33
148.002 77.6987 33
148.186 78.1329 33
148.396 78.5543 33
148.631 78.9613 33
148.892 79.3523 33
149.176 79.7259 33
149.483 80.0805 33
149.811 80.415 33
150.158 80.7279 33
150.525 81.0183 33
150.908 81.285 33
151.306 81.5271 33
151.718 81.7437 33
152.142 81.9341 33
152.577 82.0977 33
153.02 82.2338 33
153.47 82.3422 33
153.925 82.4226 33
154.384 82.4746 33
154.698 82.4939 33
155 82.5 33
"></Coordinate>
      <Normal vector="
1.89478e-15 1 -0
-0.0585382 0.998285 0
-0.120275 0.992741 0
-0.177991 0.984032 0
-0.235016 0.971992 0
-0.291164 0.956673 0
-0.346253 0.938141 0
-0.400104 0.91647 0
-0.452544 0.891742 0
-0.503403 0.864052 0
-0.55252 0.8335 0
-0.599737 0.800197 0
-0.644905 0.764262 0
-0.687882 0.725822 0
-0.728533 0.685011 0
-0.76673 0.64197 0
-0.802356 0.596846 0
-0.8353 0.549794 0
-0.865463 0.500973 0
-0.892752 0.450548 0
-0.917087 0.398688 0
-0.938395 0.345565 0
-0.956614 0.291358 0
-0.971694 0.236243 0
-0.983593 0.180405 0
-0.992279 0.124024 0
-0.997734 0.067287 0
-0.999946 0.0103775 0
-0.998603 -0.0528326 0
-0.993276 -0.115769 0
-0.983998 -0.178181 0
-0.970817 -0.239823 0
-0.953797 -0.300451 0
-0.933018 -0.359829 0
-0.908574 -0.417724 0
-0.880572 -0.473913 0
-0.849133 -0.528178 0
-0.814394 -0.580313 0
-0.7765 -0.630118 0
-0.735611 -0.677404 0
-0.691897 -0.721996 0
-0.64554 -0.763726 0
-0.59673 -0.802442 0
-0.545666 -0.838003 0
-0.492556 -0.870281 0
-0.437614 -0.899163 0
-0.381062 -0.924549 0
-0.323125 -0.946356 0
-0.264035 -0.964513 0
-0.204025 -0.978966 0
-0.143331 -0.989675 0
-0.0821929 -0.996616 0
-0.0403195 -0.999187 0
-1.89478e-15 -1 0
-1.89478e-15 -1 0
-0.0585382 -0.998285 0
-0.120275 -0.992741 0
-0.177991 -0.984032 0
-0.235016 -0.971992 0
-0.291164 -0.956673 0
-0.346253 -0.938141 0
-0.400104 -0.91647 0
-0.452544 -0.891742 0
-0.503403 -0.864052 0
-0.55252 -0.8335 0
-0.599737 -0.800197 0
-0.644905 -0.764262 0
-0.687882 -0.725822 0
-0.728533 -0.685011 0
-0.76673 -0.64197 0
-0.802356 -0.596846 0
-0.8353 -0.549794 0
-0.865463 -0.500973 0
-0.892752 -0.450548 0
-0.917087 -0.398688 0
-0.938395 -0.345565 0
-0.956614 -0.291358 0
-0.971694 -0.236243 0
-0.983593 -0.180405 0
-0.992279 -0.124024 0
-0.997734 -0.067287 0
-0.999946 -0.0103775 0
-0.998603 0.0528326 0
-0.993276 0.115769 0
-0.983998 0.178181 0
-0.970817 0.239823 0
-0.953797 0.300451 0
-0.933018 0.359829 0
-0.908574 0.417724 0
-0.880572 0.473913 0
-0.849133 0.528178 0
-0.814394 0.580313 0
-0.7765 0.630118 0
-0.735611 0.677404 0
-0.691897 0.721996 0
-0.64554 0.763726 0
-0.59673 0.802442 0
-0.545666 0.838003 0
-0.492556 0.870281 0
-0.437614 0.899163 0
-0.381062 0.924549 0
-0.323125 0.946356 0
-0.264035 0.964513 0
-0.204025 0.978966 0
-0.143331 0.989675 0
-0.0821929 0.996616 0
-0.0403195 0.999187 0
1.89478e-15 1 -0
"></Normal>
     </IndexedTriangleSet>
    </Shape>
    <Shape DEF="face106">
     <Appearance><Material DEF="matface106" diffuseColor="0.000000 0.000000 1.000000" shininess="0.9" specularColor="0.2 0.2 0.2" transparency="0"></Material></Appearance>
     <IndexedTriangleSet DEF="setface106" index="
0 58 59 1 57 58 1 58 0 2 57 1 2 56 57 3 56 2 3 55 56 4 55 3 4 54 55 5 54 4 5 53 54 6 53 5 6 52 53 7 52 6 7 51 52 8 51 7 8 50 51 9 50 8 9 49 50 10 49 9 10 48 49 11 48 10 11 47 48 12 47 11 13 47 12 13 46 47 14 45 46 14 46 13 15 44 45 15 45 14 16 44 15 16 43 44 17 41 42 17 42 43 17 43 16 18 41 17 18 40 41 19 39 40 19 40 18 20 39 19 20 38 39 21 37 38 21 38 20 22 36 37 22 37 21 23 35 36 23 36 22 24 34 35 24 35 23 25 33 34 25 34 24 26 32 33 26 33 25 27 31 32 27 32 26 28 30 31 28 31 27 29 30 28 
">
      <Coordinate point="
155 70 30
154.448 70.0306 30
153.906 70.1212 30
153.38 70.2699 30
152.875 70.4741 30
152.397 70.7308 30
151.952 71.0363 30
151.544 71.3867 30
151.177 71.7774 30
150.855 72.2037 30
150.581 72.6605 30
150.358 73.1423 30
150.188 73.6435 30
150.071 74.1584 30
150.01 74.6813 30
150.004 75.2062 30
150.062 75.7847 30
150.186 76.3507 30
150.374 76.8968 30
150.622 77.4159 30
150.928 77.9013 30
151.285 78.347 30
151.69 78.7476 30
152.136 79.0984 30
152.617 79.3954 30
153.125 79.6353 30
153.656 79.8159 30
154.2 79.9356 30
154.614 79.9851 30
155 80 30
155 80 -4
154.448 79.9694 -4
153.906 79.8788 -4
153.38 79.7301 -4
152.875 79.5259 -4
152.397 79.2692 -4
151.952 78.9637 -4
151.544 78.6133 -4
151.177 78.2226 -4
150.855 77.7963 -4
150.581 77.3395 -4
150.358 76.8577 -4
150.188 76.3565 -4
150.071 75.8416 -4
150.01 75.3187 -4
150.004 74.7938 -4
150.062 74.2153 -4
150.186 73.6493 -4
150.374 73.1032 -4
150.622 72.5841 -4
150.928 72.0987 -4
151.285 71.653 -4
151.69 71.2524 -4
152.136 70.9016 -4
152.617 70.6046 -4
153.125 70.3647 -4
153.656 70.1841 -4
154.2 70.0644 -4
154.614 70.0149 -4
155 70 -4
"></Coordinate>
      <Normal vector="
0 -1 0
-0.110431 -0.993884 0
-0.218821 -0.975765 0
-0.324096 -0.946024 0
-0.425029 -0.90518 0
-0.520524 -0.853847 0
-0.609558 -0.792741 0
-0.691195 -0.722669 0
-0.764589 -0.644519 0
-0.828995 -0.559255 0
-0.883778 -0.467906 0
-0.928414 -0.371548 0
-0.962494 -0.271303 0
-0.985733 -0.168315 0
-0.997966 -0.0637485 0
-0.99915 0.041233 0
-0.987608 0.156941 0
-0.962819 0.270148 0
-0.925248 0.379364 0
-0.875525 0.483173 0
-0.814434 0.580256 0
-0.742902 0.669401 0
-0.661977 0.749524 0
-0.572822 0.81968 0
-0.47669 0.879072 0
-0.374908 0.927062 0
-0.268858 0.96318 0
-0.159957 0.987124 0
-0.0772668 0.99701 0
2.84217e-15 1 -0
2.84217e-15 1 -0
-0.110431 0.993884 0
-0.218821 0.975765 0
-0.324096 0.946024 0
-0.425029 0.90518 0
-0.520524 0.853847 0
-0.609558 0.792741 0
-0.691195 0.722669 0
-0.764589 0.644519 0
-0.828995 0.559255 0
-0.883778 0.467906 0
-0.928414 0.371548 0
-0.962494 0.271303 0
-0.985733 0.168315 0
-0.997966 0.0637485 0
-0.99915 -0.041233 0
-0.987608 -0.156941 0
-0.962819 -0.270148 0
-0.925248 -0.379364 0
-0.875525 -0.483173 0
-0.814434 -0.580256 0
-0.742902 -0.669401 0
-0.661977 -0.749524 0
-0.572822 -0.81968 0
-0.47669 -0.879072 0
-0.374908 -0.927062 0
-0.268858 -0.96318 0
-0.159957 -0.987124 0
-0.0772668 -0.99701 0
0 -1 0
"></Normal>
     </IndexedTriangleSet>
    </Shape>
    <Shape DEF="face107">
     <Appearance><Material DEF="matface107" diffuseColor="1.000000 0.000000 0.000000" shininess="0.9" specularColor="0.2 0.2 0.2" transparency="0"></Material></Appearance>
     <IndexedTriangleSet DEF="setface107" index="
71 1 70 69 70 1 72 1 71 68 69 1 73 1 72 67 68 1 74 1 73 66 67 1 75 1 74 65 66 1 76 1 75 64 65 1 77 1 76 63 64 1 78 1 77 62 63 1 79 1 78 4 1 79 61 62 1 3 4 5 3 5 6 3 6 7 3 7 8 3 8 9 3 1 4 10 3 9 11 3 10 12 3 11 13 3 12 14 3 13 15 3 14 16 3 15 17 3 16 0 61 1 0 48 49 0 49 50 0 50 51 0 51 52 0 52 53 0 53 54 0 54 55 0 55 56 0 56 57 0 57 58 0 58 59 0 59 60 0 60 61 18 3 17 47 48 0 19 3 18 46 47 0 20 3 19 45 46 0 21 3 20 44 45 0 43 44 0 42 43 0 2 25 26 2 26 27 2 27 28 2 28 29 2 29 30 2 30 31 2 31 32 2 32 33 2 33 34 2 34 35 2 35 36 2 36 37 2 37 38 2 42 0 2 38 39 2 39 40 2 40 41 2 41 42 2 3 23 23 3 22 22 3 21 2 23 24 2 24 25 
">
      <Coordinate point="
165 82.5 -3
145 82.5 -3
165 67.5 -3
145 67.5 -3
150 75 -3
150.018 74.5814 -3
150.068 74.1776 -3
150.154 73.7701 -3
150.272 73.3723 -3
150.423 72.9868 -3
150.605 72.6159 -3
150.816 72.2621 -3
151.055 71.9277 -3
151.32 71.6147 -3
151.61 71.325 -3
151.921 71.0604 -3
152.252 70.8226 -3
152.601 70.613 -3
152.965 70.4327 -3
153.342 70.2828 -3
153.73 70.1641 -3
154.124 70.0773 -3
154.524 70.0227 -3
154.927 70.0005 -3
155.373 70.014 -3
155.816 70.0671 -3
156.252 70.1592 -3
156.676 70.2894 -3
157.087 70.4564 -3
157.481 70.6587 -3
157.854 70.8945 -3
158.204 71.1616 -3
158.529 71.4579 -3
158.826 71.7809 -3
159.093 72.1278 -3
159.328 72.4958 -3
159.529 72.882 -3
159.696 73.2831 -3
159.827 73.6961 -3
159.922 74.1176 -3
159.979 74.5444 -3
159.995 74.7769 -3
160 75 -3
159.982 75.4186 -3
159.932 75.8224 -3
159.846 76.2299 -3
159.728 76.6277 -3
159.577 77.0132 -3
159.395 77.3841 -3
159.184 77.7379 -3
158.945 78.0723 -3
158.68 78.3853 -3
158.39 78.675 -3
158.079 78.9396 -3
157.748 79.1774 -3
157.399 79.387 -3
157.035 79.5673 -3
156.658 79.7172 -3
156.27 79.8359 -3
155.876 79.9227 -3
155.476 79.9773 -3
155.073 79.9995 -3
154.627 79.986 -3
154.184 79.9329 -3
153.748 79.8408 -3
153.324 79.7106 -3
152.913 79.5436 -3
152.519 79.3413 -3
152.146 79.1055 -3
151.796 78.8384 -3
151.471 78.5421 -3
151.174 78.2191 -3
150.907 77.8722 -3
150.672 77.5042 -3
150.471 77.118 -3
150.304 76.7169 -3
150.173 76.3039 -3
150.078 75.8824 -3
150.021 75.4556 -3
150.005 75.2231 -3
"></Coordinate>
      <Normal vector="
0 -0 -1
0 -0 -1
0 -0 -1
0 -0 -1
0 -0 -1
0 -0 -1
0 -0 -1
0 -0 -1
0 -0 -1
0 -0 -1
0 -0 -1
0 -0 -1
0 -0 -1
0 -0 -1
0 -0 -1
0 -0 -1
0 -0 -1
0 -0 -1
0 -0 -1
0 -0 -1
0 -0 -1
0 -0 -1
0 -0 -1
0 -0 -1
0 -0 -1
0 -0 -1
0 -0 -1
0 -0 -1
0 -0 -1
0 -0 -1
0 -0 -1
0 -0 -1
0 -0 -1
0 -0 -1
0 -0 -1
0 -0 -1
0 -0 -1
0 -0 -1
0 -0 -1
0 -0 -1
0 -0 -1
0 -0 -1
0 -0 -1
0 -0 -1
0 -0 -1
0 -0 -1
0 -0 -1
0 -0 -1
0 -0 -1
0 -0 -1
0 -0 -1
0 -0 -1
0 -0 -1
0 -0 -1
0 -0 -1
0 -0 -1
0 -0 -1
0 -0 -1
0 -0 -1
0 -0 -1
0 -0 -1
0 -0 -1
0 -0 -1
0 -0 -1
0 -0 -1
0 -0 -1
0 -0 -1
0 -0 -1
0 -0 -1
0 -0 -1
0 -0 -1
0 -0 -1
0 -0 -1
0 -0 -1
0 -0 -1
0 -0 -1
0 -0 -1
0 -0 -1
0 -0 -1
0 -0 -1
"></Normal>
     </IndexedTriangleSet>
    </Shape>
    <Shape DEF="face108">
     <Appearance><Material DEF="matface108" diffuseColor="1.000000 0.000000 0.000000" shininess="0.9" specularColor="0.2 0.2 0.2" transparency="0"></Material></Appearance>
     <IndexedTriangleSet DEF="setface108" index="
0 1 2 0 2 3 
">
      <Coordinate point="
165 82.5 0
165 82.5 -3
145 82.5 -3
145 82.5 0
"></Coordinate>
      <Normal vector="
0 1 0
0 1 0
0 1 0
0 1 0
"></Normal>
     </IndexedTriangleSet>
    </Shape>
    <Shape DEF="face109">
     <Appearance><Material DEF="matface109" diffuseColor="1.000000 0.000000 0.000000" shininess="0.9" specularColor="0.2 0.2 0.2" transparency="0"></Material></Appearance>
     <IndexedTriangleSet DEF="setface109" index="
2 0 1 2 3 0 
">
      <Coordinate point="
145 82.5 0
145 82.5 -3
145 67.5 -3
145 67.5 0
"></Coordinate>
      <Normal vector="
-1 -0 -0
-1 -0 -0
-1 -0 -0
-1 -0 -0
"></Normal>
     </IndexedTriangleSet>
    </Shape>
    <Shape DEF="face110">
     <Appearance><Material DEF="matface110" diffuseColor="1.000000 0.000000 0.000000" shininess="0.9" specularColor="0.2 0.2 0.2" transparency="0"></Material></Appearance>
     <IndexedTriangleSet DEF="setface110" index="
2 0 1 2 3 0 
">
      <Coordinate point="
145 67.5 0
145 67.5 -3
165 67.5 -3
165 67.5 0
"></Coordinate>
      <Normal vector="
0 -1 0
0 -1 0
0 -1 0
0 -1 0
"></Normal>
     </IndexedTriangleSet>
    </Shape>
    <Shape DEF="face111">
     <Appearance><Material DEF="matface111" diffuseColor="1.000000 0.000000 0.000000" shininess="0.9" specularColor="0.2 0.2 0.2" transparency="0"></Material></Appearance>
     <IndexedTriangleSet DEF="setface111" index="
13 0 14 15 14 0 12 0 13 16 15 0 11 0 12 17 16 0 10 0 11 18 17 0 9 0 10 19 18 0 8 0 9 20 19 0 7 0 8 21 20 0 6 0 7 22 21 0 5 0 6 23 22 0 4 0 5 1 76 75 1 77 76 1 78 77 1 79 78 1 4 79 1 0 4 74 1 75 73 1 74 72 1 73 71 1 72 70 1 71 69 1 70 68 1 69 67 1 68 66 1 67 2 23 0 2 24 23 2 25 24 2 26 25 2 27 26 2 28 27 2 29 28 2 30 29 2 31 30 2 32 31 2 33 32 2 34 33 2 35 34 2 36 35 37 36 2 65 1 66 38 37 2 64 1 65 39 38 2 63 1 64 40 39 2 41 40 2 42 41 2 3 42 2 3 43 42 3 44 43 3 45 44 3 46 45 3 47 46 3 48 47 3 49 48 3 50 49 3 51 50 3 52 51 3 53 52 3 54 53 3 55 54 3 56 55 3 57 56 3 58 57 3 59 58 3 1 61 61 1 62 62 1 63 3 61 60 3 60 59 
">
      <Coordinate point="
165 82.5 0
165 67.5 0
145 82.5 0
145 67.5 0
160 75 0
159.982 75.4186 0
159.932 75.8224 0
159.846 76.2299 0
159.728 76.6277 0
159.577 77.0132 0
159.395 77.3841 0
159.184 77.7379 0
158.945 78.0723 0
158.68 78.3853 0
158.39 78.675 0
158.079 78.9396 0
157.748 79.1774 0
157.399 79.387 0
157.035 79.5673 0
156.658 79.7172 0
156.27 79.8359 0
155.876 79.9227 0
155.476 79.9773 0
155.073 79.9995 0
154.627 79.986 0
154.184 79.9329 0
153.748 79.8408 0
153.324 79.7106 0
152.913 79.5436 0
152.519 79.3413 0
152.146 79.1055 0
151.796 78.8384 0
151.471 78.5421 0
151.174 78.2191 0
150.907 77.8722 0
150.672 77.5042 0
150.471 77.118 0
150.304 76.7169 0
150.173 76.3039 0
150.078 75.8824 0
150.021 75.4556 0
150.005 75.2231 0
150 75 0
150.018 74.5814 0
150.068 74.1776 0
150.154 73.7701 0
150.272 73.3723 0
150.423 72.9868 0
150.605 72.6159 0
150.816 72.2621 0
151.055 71.9277 0
151.32 71.6147 0
151.61 71.325 0
151.921 71.0604 0
152.252 70.8226 0
152.601 70.613 0
152.965 70.4327 0
153.342 70.2828 0
153.73 70.1641 0
154.124 70.0773 0
154.524 70.0227 0
154.927 70.0005 0
155.373 70.014 0
155.816 70.0671 0
156.252 70.1592 0
156.676 70.2894 0
157.087 70.4564 0
157.481 70.6587 0
157.854 70.8945 0
158.204 71.1616 0
158.529 71.4579 0
158.826 71.7809 0
159.093 72.1278 0
159.328 72.4958 0
159.529 72.882 0
159.696 73.2831 0
159.827 73.6961 0
159.922 74.1176 0
159.979 74.5444 0
159.995 74.7769 0
"></Coordinate>
      <Normal vector="
0 0 1
0 0 1
0 0 1
0 0 1
0 0 1
0 0 1
0 0 1
0 0 1
0 0 1
0 0 1
0 0 1
0 0 1
0 0 1
0 0 1
0 0 1
0 0 1
0 0 1
0 0 1
0 0 1
0 0 1
0 0 1
0 0 1
0 0 1
0 0 1
0 0 1
0 0 1
0 0 1
0 0 1
0 0 1
0 0 1
0 0 1
0 0 1
0 0 1
0 0 1
0 0 1
0 0 1
0 0 1
0 0 1
0 0 1
0 0 1
0 0 1
0 0 1
0 0 1
0 0 1
0 0 1
0 0 1
0 0 1
0 0 1
0 0 1
0 0 1
0 0 1
0 0 1
0 0 1
0 0 1
0 0 1
0 0 1
0 0 1
0 0 1
0 0 1
0 0 1
0 0 1
0 0 1
0 0 1
0 0 1
0 0 1
0 0 1
0 0 1
0 0 1
0 0 1
0 0 1
0 0 1
0 0 1
0 0 1
0 0 1
0 0 1
0 0 1
0 0 1
0 0 1
0 0 1
0 0 1
"></Normal>
     </IndexedTriangleSet>
    </Shape>
    <Shape DEF="face112">
     <Appearance><Material DEF="matface112" diffuseColor="1.000000 0.000000 0.000000" shininess="0.9" specularColor="0.2 0.2 0.2" transparency="0"></Material></Appearance>
     <IndexedTriangleSet DEF="setface112" index="
1 2 3 1 3 0 
">
      <Coordinate point="
165 82.5 0
165 67.5 0
165 67.5 -3
165 82.5 -3
"></Coordinate>
      <Normal vector="
1 -0 -0
1 -0 -0
1 -0 -0
1 -0 -0
"></Normal>
     </IndexedTriangleSet>
    </Shape>
    <Shape DEF="face113">
     <Appearance><Material DEF="matface113" diffuseColor="1.000000 0.000000 0.000000" shininess="0.9" specularColor="0.2 0.2 0.2" transparency="0"></Material></Appearance>
     <IndexedTriangleSet DEF="setface113" index="
1 55 0 1 56 55 2 56 1 2 57 56 3 57 2 3 58 57 4 58 3 4 59 58 5 59 4 5 60 59 6 60 5 6 61 60 7 61 6 7 62 61 8 62 7 8 63 62 9 63 8 9 64 63 10 65 64 10 64 9 11 66 65 11 65 10 12 66 11 12 67 66 13 68 67 13 67 12 14 69 68 14 68 13 15 70 69 15 69 14 16 71 70 16 70 15 17 72 71 17 71 16 18 72 17 18 73 72 19 73 18 19 74 73 20 74 19 20 75 74 21 75 20 21 76 75 22 76 21 22 77 76 23 77 22 23 78 77 24 78 23 24 79 78 25 79 24 25 80 79 26 80 25 26 81 80 27 81 26 27 82 81 28 82 27 28 83 82 29 83 28 29 84 83 30 84 29 30 85 84 30 86 85 31 86 30 32 86 31 32 87 86 33 87 32 33 88 87 34 88 33 34 89 88 35 89 34 35 90 89 36 90 35 36 91 90 37 91 36 37 92 91 38 92 37 38 93 92 39 93 38 39 94 93 40 94 39 40 95 94 41 95 40 41 96 95 41 97 96 42 97 41 43 97 42 43 98 97 44 98 43 44 99 98 44 100 99 45 100 44 46 100 45 46 101 100 47 102 101 47 101 46 48 103 102 48 102 47 49 104 103 49 103 48 50 105 104 50 104 49 51 106 105 51 105 50 52 107 106 52 106 51 53 54 107 53 107 52 
">
      <Coordinate point="
150 75 -6.67466e-16
150.009 74.7073 -6.67466e-16
150.036 74.3986 -6.67466e-16
150.08 74.11 -6.67466e-16
150.14 73.8249 -6.67466e-16
150.217 73.5442 -6.67466e-16
150.309 73.2687 -6.67466e-16
150.418 72.9995 -6.67466e-16
150.541 72.7373 -6.67466e-16
150.68 72.483 -6.67466e-16
150.833 72.2374 -6.67466e-16
150.999 72.0013 -6.67466e-16
151.179 71.7755 -6.67466e-16
151.371 71.5606 -6.67466e-16
151.575 71.3573 -6.67466e-16
151.79 71.1663 -6.67466e-16
152.016 70.9882 -6.67466e-16
152.251 70.8235 -6.67466e-16
152.495 70.6727 -6.67466e-16
152.747 70.5362 -6.67466e-16
153.007 70.4146 -6.67466e-16
153.272 70.308 -6.67466e-16
153.543 70.2169 -6.67466e-16
153.819 70.1415 -6.67466e-16
154.098 70.082 -6.67466e-16
154.38 70.0386 -6.67466e-16
154.664 70.0113 -6.67466e-16
154.948 70.0003 -6.67466e-16
155.264 70.007 -6.67466e-16
155.579 70.0336 -6.67466e-16
155.891 70.08 -6.67466e-16
156.199 70.1459 -6.67466e-16
156.502 70.231 -6.67466e-16
156.799 70.3349 -6.67466e-16
157.089 70.4571 -6.67466e-16
157.37 70.5971 -6.67466e-16
157.641 70.7543 -6.67466e-16
157.902 70.928 -6.67466e-16
158.151 71.1175 -6.67466e-16
158.387 71.3219 -6.67466e-16
158.61 71.5405 -6.67466e-16
158.819 71.7723 -6.67466e-16
159.012 72.0163 -6.67466e-16
159.19 72.2717 -6.67466e-16
159.351 72.5372 -6.67466e-16
159.496 72.8119 -6.67466e-16
159.623 73.0947 -6.67466e-16
159.732 73.3844 -6.67466e-16
159.823 73.6798 -6.67466e-16
159.895 73.9799 -6.67466e-16
159.948 74.2833 -6.67466e-16
159.983 74.589 -6.67466e-16
159.996 74.7984 -6.67466e-16
160 75 0
160 75 -3
150 75 -3
150.009 74.7073 -3
150.036 74.3986 -3
150.08 74.11 -3
150.14 73.8249 -3
150.217 73.5442 -3
150.309 73.2687 -3
150.418 72.9995 -3
150.541 72.7373 -3
150.68 72.483 -3
150.833 72.2374 -3
150.999 72.0013 -3
151.179 71.7755 -3
151.371 71.5606 -3
151.575 71.3573 -3
151.79 71.1663 -3
152.016 70.9882 -3
152.251 70.8235 -3
152.495 70.6727 -3
152.747 70.5362 -3
153.007 70.4146 -3
153.272 70.308 -3
153.543 70.2169 -3
153.819 70.1415 -3
154.098 70.082 -3
154.38 70.0386 -3
154.664 70.0113 -3
154.948 70.0003 -3
155.264 70.007 -3
155.579 70.0336 -3
155.891 70.08 -3
156.199 70.1459 -3
156.502 70.231 -3
156.799 70.3349 -3
157.089 70.4571 -3
157.37 70.5971 -3
157.641 70.7543 -3
157.902 70.928 -3
158.151 71.1175 -3
158.387 71.3219 -3
158.61 71.5405 -3
158.819 71.7723 -3
159.012 72.0163 -3
159.19 72.2717 -3
159.351 72.5372 -3
159.496 72.8119 -3
159.623 73.0947 -3
159.732 73.3844 -3
159.823 73.6798 -3
159.895 73.9799 -3
159.948 74.2833 -3
159.983 74.589 -3
159.996 74.7984 -3
"></Coordinate>
      <Normal vector="
1 5.68434e-15 -0
0.998285 0.0585382 -0
0.992741 0.120275 -0
0.984032 0.177991 -0
0.971992 0.235016 -0
0.956673 0.291164 -0
0.938141 0.346253 -0
0.91647 0.400104 -0
0.891742 0.452544 -0
0.864052 0.503403 -0
0.8335 0.55252 -0
0.800197 0.599737 -0
0.764262 0.644905 -0
0.725822 0.687882 -0
0.685011 0.728533 -0
0.64197 0.76673 -0
0.596846 0.802356 -0
0.549794 0.8353 -0
0.500973 0.865463 -0
0.450548 0.892752 -0
0.398688 0.917087 -0
0.345565 0.938395 -0
0.291358 0.956614 -0
0.236243 0.971694 -0
0.180404 0.983593 -0
0.124024 0.992279 -0
0.067287 0.997734 -0
0.0103775 0.999946 -0
-0.0528326 0.998603 0
-0.115769 0.993276 0
-0.178181 0.983998 0
-0.239823 0.970817 0
-0.300451 0.953797 0
-0.359829 0.933018 0
-0.417724 0.908574 0
-0.473913 0.880572 0
-0.528179 0.849133 0
-0.580313 0.814394 0
-0.630118 0.7765 0
-0.677404 0.735611 0
-0.721996 0.691897 0
-0.763726 0.64554 0
-0.802442 0.59673 0
-0.838003 0.545666 0
-0.870281 0.492556 0
-0.899163 0.437614 0
-0.924549 0.381062 0
-0.946356 0.323125 0
-0.964513 0.264035 0
-0.978966 0.204025 0
-0.989675 0.143331 0
-0.996616 0.0821929 0
-0.999187 0.0403195 0
-1 -0 0
-1 -0 0
1 5.68434e-15 -0
0.998285 0.0585382 -0
0.992741 0.120275 -0
0.984032 0.177991 -0
0.971992 0.235016 -0
0.956673 0.291164 -0
0.938141 0.346253 -0
0.91647 0.400104 -0
0.891742 0.452544 -0
0.864052 0.503403 -0
0.8335 0.55252 -0
0.800197 0.599737 -0
0.764262 0.644905 -0
0.725822 0.687882 -0
0.685011 0.728533 -0
0.64197 0.76673 -0
0.596846 0.802356 -0
0.549794 0.8353 -0
0.500973 0.865463 -0
0.450548 0.892752 -0
0.398688 0.917087 -0
0.345565 0.938395 -0
0.291358 0.956614 -0
0.236243 0.971694 -0
0.180404 0.983593 -0
0.124024 0.992279 -0
0.067287 0.997734 -0
0.0103775 0.999946 -0
-0.0528326 0.998603 0
-0.115769 0.993276 0
-0.178181 0.983998 0
-0.239823 0.970817 0
-0.300451 0.953797 0
-0.359829 0.933018 0
-0.417724 0.908574 0
-0.473913 0.880572 0
-0.528179 0.849133 0
-0.580313 0.814394 0
-0.630118 0.7765 0
-0.677404 0.735611 0
-0.721996 0.691897 0
-0.763726 0.64554 0
-0.802442 0.59673 0
-0.838003 0.545666 0
-0.870281 0.492556 0
-0.899163 0.437614 0
-0.924549 0.381062 0
-0.946356 0.323125 0
-0.964513 0.264035 0
-0.978966 0.204025 0
-0.989675 0.143331 0
-0.996616 0.0821929 0
-0.999187 0.0403195 0
"></Normal>
     </IndexedTriangleSet>
    </Shape>
    <Shape DEF="face114">
     <Appearance><Material DEF="matface114" diffuseColor="1.000000 0.000000 0.000000" shininess="0.9" specularColor="0.2 0.2 0.2" transparency="0"></Material></Appearance>
     <IndexedTriangleSet DEF="setface114" index="
1 55 0 1 56 55 2 56 1 2 57 56 3 57 2 3 58 57 4 58 3 4 59 58 5 59 4 5 60 59 6 60 5 6 61 60 7 61 6 7 62 61 8 62 7 8 63 62 9 63 8 9 64 63 10 65 64 10 64 9 11 66 65 11 65 10 12 66 11 12 67 66 13 68 67 13 67 12 14 69 68 14 68 13 15 70 69 15 69 14 16 71 70 16 70 15 17 72 71 17 71 16 18 72 17 18 73 72 19 73 18 19 74 73 20 74 19 20 75 74 21 75 20 21 76 75 22 76 21 22 77 76 23 77 22 23 78 77 24 78 23 24 79 78 25 79 24 25 80 79 26 80 25 26 81 80 27 81 26 27 82 81 28 82 27 28 83 82 29 83 28 29 84 83 30 84 29 30 85 84 30 86 85 31 86 30 32 86 31 32 87 86 33 87 32 33 88 87 33 89 88 34 89 33 35 89 34 35 90 89 36 90 35 36 91 90 37 91 36 37 92 91 38 92 37 38 93 92 39 93 38 39 94 93 39 95 94 40 95 39 40 96 95 41 96 40 42 96 41 42 97 96 43 97 42 43 98 97 44 98 43 44 99 98 45 99 44 45 100 99 45 101 100 46 101 45 47 102 101 47 101 46 48 103 102 48 102 47 49 104 103 49 103 48 50 105 104 50 104 49 51 106 105 51 105 50 52 107 106 52 106 51 53 54 107 53 107 52 
">
      <Coordinate point="
160 75 -6.67466e-16
159.991 75.2927 -6.67466e-16
159.964 75.6014 -6.67466e-16
159.92 75.89 -6.67466e-16
159.86 76.1751 -6.67466e-16
159.783 76.4558 -6.67466e-16
159.691 76.7313 -6.67466e-16
159.582 77.0005 -6.67466e-16
159.459 77.2627 -6.67466e-16
159.32 77.517 -6.67466e-16
159.167 77.7626 -6.67466e-16
159.001 77.9987 -6.67466e-16
158.821 78.2245 -6.67466e-16
158.629 78.4394 -6.67466e-16
158.425 78.6427 -6.67466e-16
158.21 78.8337 -6.67466e-16
157.984 79.0118 -6.67466e-16
157.749 79.1765 -6.67466e-16
157.505 79.3273 -6.67466e-16
157.253 79.4638 -6.67466e-16
156.993 79.5854 -6.67466e-16
156.728 79.692 -6.67466e-16
156.457 79.7831 -6.67466e-16
156.181 79.8585 -6.67466e-16
155.902 79.918 -6.67466e-16
155.62 79.9614 -6.67466e-16
155.336 79.9887 -6.67466e-16
155.052 79.9997 -6.67466e-16
154.736 79.993 -6.67466e-16
154.421 79.9664 -6.67466e-16
154.109 79.92 -6.67466e-16
153.801 79.8541 -6.67466e-16
153.498 79.769 -6.67466e-16
153.201 79.6651 -6.67466e-16
152.911 79.5429 -6.67466e-16
152.63 79.4029 -6.67466e-16
152.359 79.2457 -6.67466e-16
152.098 79.072 -6.67466e-16
151.849 78.8825 -6.67466e-16
151.613 78.6781 -6.67466e-16
151.39 78.4595 -6.67466e-16
151.181 78.2277 -6.67466e-16
150.988 77.9837 -6.67466e-16
150.81 77.7283 -6.67466e-16
150.649 77.4628 -6.67466e-16
150.504 77.1881 -6.67466e-16
150.377 76.9053 -6.67466e-16
150.268 76.6156 -6.67466e-16
150.177 76.3202 -6.67466e-16
150.105 76.0201 -6.67466e-16
150.052 75.7167 -6.67466e-16
150.017 75.411 -6.67466e-16
150.004 75.2016 -6.67466e-16
150 75 0
150 75 -3
160 75 -3
159.991 75.2927 -3
159.964 75.6014 -3
159.92 75.89 -3
159.86 76.1751 -3
159.783 76.4558 -3
159.691 76.7313 -3
159.582 77.0005 -3
159.459 77.2627 -3
159.32 77.517 -3
159.167 77.7626 -3
159.001 77.9987 -3
158.821 78.2245 -3
158.629 78.4394 -3
158.425 78.6427 -3
158.21 78.8337 -3
157.984 79.0118 -3
157.749 79.1765 -3
157.505 79.3273 -3
157.253 79.4638 -3
156.993 79.5854 -3
156.728 79.692 -3
156.457 79.7831 -3
156.181 79.8585 -3
155.902 79.918 -3
155.62 79.9614 -3
155.336 79.9887 -3
155.052 79.9997 -3
154.736 79.993 -3
154.421 79.9664 -3
154.109 79.92 -3
153.801 79.8541 -3
153.498 79.769 -3
153.201 79.6651 -3
152.911 79.5429 -3
152.63 79.4029 -3
152.359 79.2457 -3
152.098 79.072 -3
151.849 78.8825 -3
151.613 78.6781 -3
151.39 78.4595 -3
151.181 78.2277 -3
150.988 77.9837 -3
150.81 77.7283 -3
150.649 77.4628 -3
150.504 77.1881 -3
150.377 76.9053 -3
150.268 76.6156 -3
150.177 76.3202 -3
150.105 76.0201 -3
150.052 75.7167 -3
150.017 75.411 -3
150.004 75.2016 -3
"></Coordinate>
      <Normal vector="
-1 0 0
-0.998285 -0.0585382 0
-0.992741 -0.120275 0
-0.984032 -0.177991 0
-0.971992 -0.235016 0
-0.956673 -0.291164 0
-0.938141 -0.346253 0
-0.91647 -0.400104 0
-0.891742 -0.452544 0
-0.864052 -0.503403 0
-0.8335 -0.55252 0
-0.800197 -0.599737 0
-0.764262 -0.644905 0
-0.725822 -0.687882 0
-0.685011 -0.728533 0
-0.64197 -0.76673 0
-0.596846 -0.802356 0
-0.549794 -0.8353 0
-0.500973 -0.865463 0
-0.450548 -0.892752 0
-0.398688 -0.917087 0
-0.345565 -0.938395 0
-0.291358 -0.956614 0
-0.236243 -0.971694 0
-0.180404 -0.983593 0
-0.124024 -0.992279 0
-0.067287 -0.997734 0
-0.0103775 -0.999946 0
0.0528326 -0.998603 0
0.115769 -0.993276 0
0.178181 -0.983998 0
0.239823 -0.970817 0
0.300451 -0.953797 0
0.359829 -0.933018 0
0.417724 -0.908574 0
0.473913 -0.880572 0
0.528179 -0.849133 0
0.580313 -0.814394 0
0.630118 -0.7765 0
0.677404 -0.735611 0
0.721996 -0.691897 0
0.763726 -0.64554 0
0.802442 -0.59673 0
0.838003 -0.545666 0
0.870281 -0.492556 0
0.899163 -0.437614 0
0.924549 -0.381062 0
0.946356 -0.323125 0
0.964513 -0.264035 0
0.978966 -0.204025 0
0.989675 -0.143331 0
0.996616 -0.0821929 0
0.999187 -0.0403195 0
1 -5.68434e-15 0
1 -5.68434e-15 0
-1 0 0
-0.998285 -0.0585382 0
-0.992741 -0.120275 0
-0.984032 -0.177991 0
-0.971992 -0.235016 0
-0.956673 -0.291164 0
-0.938141 -0.346253 0
-0.91647 -0.400104 0
-0.891742 -0.452544 0
-0.864052 -0.503403 0
-0.8335 -0.55252 0
-0.800197 -0.599737 0
-0.764262 -0.644905 0
-0.725822 -0.687882 0
-0.685011 -0.728533 0
-0.64197 -0.76673 0
-0.596846 -0.802356 0
-0.549794 -0.8353 0
-0.500973 -0.865463 0
-0.450548 -0.892752 0
-0.398688 -0.917087 0
-0.345565 -0.938395 0
-0.291358 -0.956614 0
-0.236243 -0.971694 0
-0.180404 -0.983593 0
-0.124024 -0.992279 0
-0.067287 -0.997734 0
-0.0103775 -0.999946 0
0.0528326 -0.998603 0
0.115769 -0.993276 0
0.178181 -0.983998 0
0.239823 -0.970817 0
0.300451 -0.953797 0
0.359829 -0.933018 0
0.417724 -0.908574 0
0.473913 -0.880572 0
0.528179 -0.849133 0
0.580313 -0.814394 0
0.630118 -0.7765 0
0.677404 -0.735611 0
0.721996 -0.691897 0
0.763726 -0.64554 0
0.802442 -0.59673 0
0.838003 -0.545666 0
0.870281 -0.492556 0
0.899163 -0.437614 0
0.924549 -0.381062 0
0.946356 -0.323125 0
0.964513 -0.264035 0
0.978966 -0.204025 0
0.989675 -0.143331 0
0.996616 -0.0821929 0
0.999187 -0.0403195 0
"></Normal>
     </IndexedTriangleSet>
    </Shape>
    <Shape DEF="face115">
     <Appearance><Material DEF="matface115" diffuseColor="0.000000 0.000000 1.000000" shininess="0.9" specularColor="0.2 0.2 0.2" transparency="0"></Material></Appearance>
     <IndexedTriangleSet DEF="setface115" index="
102 35 34 101 36 35 101 35 102 103 34 33 103 102 34 100 36 101 100 37 36 104 103 33 104 33 32 99 37 100 99 38 37 105 104 32 105 31 30 105 32 31 98 38 99 98 39 38 98 40 39 106 30 29 106 105 30 97 41 40 97 40 98 107 29 28 107 106 29 96 41 97 96 42 41 108 28 27 108 107 28 95 42 96 95 43 42 109 27 26 109 108 27 94 43 95 94 44 43 110 26 25 110 109 26 93 45 44 93 44 94 111 25 24 111 110 25 92 45 93 92 46 45 112 23 22 112 24 23 112 111 24 167 47 46 167 46 92 113 112 22 113 22 21 166 47 167 166 48 47 166 49 48 114 21 20 114 113 21 165 50 49 165 49 166 164 51 50 164 50 165 115 19 18 115 20 19 115 114 20 163 52 51 163 51 164 116 18 17 116 115 18 162 53 52 162 54 53 162 52 163 117 17 16 117 116 17 161 54 162 161 55 54 118 15 14 118 16 15 118 117 16 160 55 161 160 56 55 119 118 14 13 119 14 159 56 160 159 57 56 120 119 13 12 120 13 58 57 159 158 58 159 121 120 12 11 121 12 59 58 158 157 59 158 10 122 121 10 121 11 60 59 157 60 157 156 9 123 122 9 122 10 61 60 156 8 124 123 8 123 9 62 156 155 62 61 156 7 124 8 63 155 154 63 62 155 6 125 124 6 124 7 64 154 153 64 63 154 5 126 125 5 125 6 65 64 153 4 127 126 4 126 5 66 65 153 66 153 152 3 128 127 3 127 4 67 66 152 67 152 151 2 128 3 68 67 151 68 151 150 1 128 2 1 129 128 69 68 150 0 130 129 0 129 1 70 69 150 70 150 149 91 130 0 91 131 130 71 149 148 71 70 149 90 131 91 90 132 131 72 148 147 72 71 148 89 133 132 89 132 90 73 147 146 73 72 147 88 134 133 88 133 89 74 146 145 74 73 146 87 135 134 87 134 88 75 74 145 75 145 144 86 136 135 86 135 87 76 144 143 76 75 144 85 136 86 77 76 143 84 137 136 84 136 85 78 143 142 78 77 143 83 138 137 83 137 84 79 142 141 79 78 142 82 139 138 82 138 83 80 141 140 80 79 141 81 140 139 81 139 82 81 80 140 
">
      <Coordinate point="
132.5 95.4904 30
131.997 95.4735 30
131.464 95.4185 30
130.971 95.3328 30
130.485 95.2147 30
130.009 95.0648 30
129.546 94.8839 30
129.095 94.6731 30
128.661 94.4333 30
128.244 94.1656 30
127.846 93.8715 30
127.468 93.5521 30
127.113 93.2091 30
126.782 92.844 30
126.476 92.4584 30
126.196 92.054 30
125.944 91.6327 30
125.72 91.1963 30
125.525 90.7466 30
125.36 90.2857 30
125.225 89.8156 30
125.122 89.3382 30
125.05 88.8556 30
125.01 88.3699 30
125.001 87.8831 30
125.028 87.3434 30
125.094 86.8078 30
125.198 86.279 30
125.339 85.7597 30
125.518 85.2526 30
125.731 84.7601 30
125.979 84.2848 30
126.26 83.8291 30
126.573 83.3951 30
126.915 82.9851 30
127.284 82.601 30
127.68 82.2446 30
128.099 81.9176 30
128.539 81.6215 30
128.999 81.3578 30
129.475 81.1275 30
129.965 80.9316 30
130.468 80.771 30
130.979 80.6463 30
131.496 80.5578 30
132.013 80.5062 30
132.5 80.4904 30
133.003 80.5072 30
133.536 80.5623 30
134.029 80.648 30
134.515 80.7661 30
134.991 80.916 30
135.454 81.0968 30
135.905 81.3077 30
136.339 81.5475 30
136.756 81.8151 30
137.154 82.1093 30
137.532 82.4286 30
137.887 82.7716 30
138.218 83.1368 30
138.524 83.5224 30
138.804 83.9267 30
139.056 84.3481 30
139.28 84.7845 30
139.475 85.2341 30
139.64 85.695 30
139.775 86.1652 30
139.878 86.6426 30
139.95 87.1251 30
139.99 87.6109 30
139.999 88.0977 30
139.972 88.6373 30
139.906 89.1729 30
139.802 89.7018 30
139.661 90.221 30
139.482 90.7282 30
139.269 91.2206 30
139.021 91.6959 30
138.74 92.1517 30
138.427 92.5856 30
138.085 92.9957 30
137.716 93.3798 30
137.32 93.7362 30
136.901 94.0632 30
136.461 94.3592 30
136.001 94.623 30
135.525 94.8533 30
135.035 95.0491 30
134.532 95.2097 30
134.021 95.3345 30
133.504 95.4229 30
132.987 95.4745 30
132.5 82.9904 30
132.087 83.0075 30
131.689 83.0567 30
131.286 83.14 30
130.893 83.2556 30
130.512 83.4027 30
130.145 83.58 30
129.794 83.7861 30
129.462 84.0194 30
129.15 84.2784 30
128.861 84.5611 30
128.597 84.8657 30
128.358 85.19 30
128.146 85.5318 30
127.963 85.8888 30
127.809 86.2588 30
127.686 86.6393 30
127.594 87.0277 30
127.532 87.4216 30
127.503 87.8186 30
127.505 88.2159 30
127.544 88.6549 30
127.622 89.0879 30
127.737 89.5115 30
127.888 89.9227 30
128.075 90.3182 30
128.295 90.6952 30
128.546 91.0509 30
128.827 91.3827 30
129.135 91.6882 30
129.467 91.9654 30
129.821 92.2122 30
130.194 92.4271 30
130.584 92.6086 30
130.986 92.7558 30
131.399 92.8676 30
131.818 92.9437 30
132.169 92.9794 30
132.5 92.9904 30
132.913 92.9733 30
133.311 92.9241 30
133.714 92.8408 30
134.107 92.7251 30
134.488 92.578 30
134.855 92.4008 30
135.206 92.1947 30
135.538 91.9613 30
135.85 91.7024 30
136.139 91.4196 30
136.403 91.1151 30
136.642 90.7908 30
136.854 90.449 30
137.037 90.0919 30
137.191 89.7219 30
137.314 89.3415 30
137.406 88.9531 30
137.468 88.5591 30
137.497 88.1622 30
137.495 87.7648 30
137.456 87.3259 30
137.378 86.8929 30
137.263 86.4692 30
137.112 86.0581 30
136.925 85.6626 30
136.705 85.2856 30
136.454 84.9299 30
136.173 84.5981 30
135.865 84.2925 30
135.533 84.0154 30
135.179 83.7686 30
134.806 83.5537 30
134.416 83.3721 30
134.014 83.225 30
133.601 83.1131 30
133.182 83.0371 30
132.831 83.0013 30
"></Coordinate>
      <Normal vector="
0 -0 -1
0 -0 -1
0 -0 -1
0 -0 -1
0 -0 -1
0 -0 -1
0 -0 -1
0 -0 -1
0 -0 -1
0 -0 -1
0 -0 -1
0 -0 -1
0 -0 -1
0 -0 -1
0 -0 -1
0 -0 -1
0 -0 -1
0 -0 -1
0 -0 -1
0 -0 -1
0 -0 -1
0 -0 -1
0 -0 -1
0 -0 -1
0 -0 -1
0 -0 -1
0 -0 -1
0 -0 -1
0 -0 -1
0 -0 -1
0 -0 -1
0 -0 -1
0 -0 -1
0 -0 -1
0 -0 -1
0 -0 -1
0 -0 -1
0 -0 -1
0 -0 -1
0 -0 -1
0 -0 -1
0 -0 -1
0 -0 -1
0 -0 -1
0 -0 -1
0 -0 -1
0 -0 -1
0 -0 -1
0 -0 -1
0 -0 -1
0 -0 -1
0 -0 -1
0 -0 -1
0 -0 -1
0 -0 -1
0 -0 -1
0 -0 -1
0 -0 -1
0 -0 -1
0 -0 -1
0 -0 -1
0 -0 -1
0 -0 -1
0 -0 -1
0 -0 -1
0 -0 -1
0 -0 -1
0 -0 -1
0 -0 -1
0 -0 -1
0 -0 -1
0 -0 -1
0 -0 -1
0 -0 -1
0 -0 -1
0 -0 -1
0 -0 -1
0 -0 -1
0 -0 -1
0 -0 -1
0 -0 -1
0 -0 -1
0 -0 -1
0 -0 -1
0 -0 -1
0 -0 -1
0 -0 -1
0 -0 -1
0 -0 -1
0 -0 -1
0 -0 -1
0 -0 -1
0 -0 -1
0 -0 -1
0 -0 -1
0 -0 -1
0 -0 -1
0 -0 -1
0 -0 -1
0 -0 -1
0 -0 -1
0 -0 -1
0 -0 -1
0 -0 -1
0 -0 -1
0 -0 -1
0 -0 -1
0 -0 -1
0 -0 -1
0 -0 -1
0 -0 -1
0 -0 -1
0 -0 -1
0 -0 -1
0 -0 -1
0 -0 -1
0 -0 -1
0 -0 -1
0 -0 -1
0 -0 -1
0 -0 -1
0 -0 -1
0 -0 -1
0 -0 -1
0 -0 -1
0 -0 -1
0 -0 -1
0 -0 -1
0 -0 -1
0 -0 -1
0 -0 -1
0 -0 -1
0 -0 -1
0 -0 -1
0 -0 -1
0 -0 -1
0 -0 -1
0 -0 -1
0 -0 -1
0 -0 -1
0 -0 -1
0 -0 -1
0 -0 -1
0 -0 -1
0 -0 -1
0 -0 -1
0 -0 -1
0 -0 -1
0 -0 -1
0 -0 -1
0 -0 -1
0 -0 -1
0 -0 -1
0 -0 -1
0 -0 -1
0 -0 -1
0 -0 -1
0 -0 -1
0 -0 -1
0 -0 -1
0 -0 -1
0 -0 -1
0 -0 -1
0 -0 -1
0 -0 -1
0 -0 -1
0 -0 -1
0 -0 -1
"></Normal>
     </IndexedTriangleSet>
    </Shape>
    <Shape DEF="face116">
     <Appearance><Material DEF="matface116" diffuseColor="0.000000 0.000000 1.000000" shininess="0.9" specularColor="0.2 0.2 0.2" transparency="0"></Material></Appearance>
     <IndexedTriangleSet DEF="setface116" index="
41 40 39 47 45 44 47 46 45 49 47 44 49 48 47 50 44 43 50 49 44 51 50 43 51 42 41 51 43 42 52 41 39 52 51 41 53 52 39 54 39 38 54 53 39 55 38 37 55 54 38 56 37 36 56 55 37 57 36 35 57 56 36 58 57 35 59 58 35 59 34 33 59 35 34 60 59 33 61 33 32 61 60 33 62 61 32 62 31 30 62 32 31 63 62 30 64 63 30 64 30 29 65 64 29 65 29 28 66 65 28 66 28 27 67 66 27 2 4 3 68 67 27 68 26 25 68 27 26 69 68 25 0 2 1 0 4 2 70 24 23 70 25 24 70 69 25 91 5 4 91 4 0 71 70 23 71 23 22 72 22 21 72 71 22 89 5 91 89 91 90 73 72 21 88 5 89 74 21 20 74 73 21 75 19 18 75 20 19 75 74 20 86 6 5 86 5 88 86 88 87 76 75 18 76 18 17 85 7 6 85 6 86 77 17 16 77 76 17 84 8 7 84 9 8 84 7 85 78 16 15 78 77 16 83 10 9 83 9 84 79 14 13 79 15 14 79 78 15 82 10 83 80 13 12 80 79 13 81 11 10 81 12 11 81 10 82 81 80 12 
">
      <Coordinate point="
132.5 80.4904 33
131.997 80.5072 33
131.464 80.5623 33
130.971 80.648 33
130.485 80.7661 33
130.009 80.916 33
129.546 81.0968 33
129.095 81.3077 33
128.661 81.5475 33
128.244 81.8151 33
127.846 82.1093 33
127.468 82.4286 33
127.113 82.7716 33
126.782 83.1368 33
126.476 83.5224 33
126.196 83.9267 33
125.944 84.3481 33
125.72 84.7845 33
125.525 85.2341 33
125.36 85.695 33
125.225 86.1652 33
125.122 86.6426 33
125.05 87.1251 33
125.01 87.6109 33
125.001 88.0977 33
125.028 88.6373 33
125.094 89.1729 33
125.198 89.7018 33
125.339 90.221 33
125.518 90.7282 33
125.731 91.2206 33
125.979 91.6959 33
126.26 92.1517 33
126.573 92.5856 33
126.915 92.9957 33
127.284 93.3798 33
127.68 93.7362 33
128.099 94.0632 33
128.539 94.3592 33
128.999 94.623 33
129.475 94.8533 33
129.965 95.0491 33
130.468 95.2097 33
130.979 95.3345 33
131.496 95.4229 33
132.013 95.4745 33
132.5 95.4904 33
133.003 95.4735 33
133.536 95.4185 33
134.029 95.3328 33
134.515 95.2147 33
134.991 95.0648 33
135.454 94.8839 33
135.905 94.6731 33
136.339 94.4333 33
136.756 94.1656 33
137.154 93.8715 33
137.532 93.5521 33
137.887 93.2091 33
138.218 92.844 33
138.524 92.4584 33
138.804 92.054 33
139.056 91.6327 33
139.28 91.1963 33
139.475 90.7466 33
139.64 90.2857 33
139.775 89.8156 33
139.878 89.3382 33
139.95 88.8556 33
139.99 88.3699 33
139.999 87.8831 33
139.972 87.3434 33
139.906 86.8078 33
139.802 86.279 33
139.661 85.7597 33
139.482 85.2526 33
139.269 84.7601 33
139.021 84.2848 33
138.74 83.8291 33
138.427 83.3951 33
138.085 82.9851 33
137.716 82.601 33
137.32 82.2446 33
136.901 81.9176 33
136.461 81.6215 33
136.001 81.3578 33
135.525 81.1275 33
135.035 80.9316 33
134.532 80.771 33
134.021 80.6463 33
133.504 80.5578 33
132.987 80.5062 33
"></Coordinate>
      <Normal vector="
-0 -0 1
-0 -0 1
-0 -0 1
-0 -0 1
-0 -0 1
-0 -0 1
-0 -0 1
-0 -0 1
-0 -0 1
-0 -0 1
-0 -0 1
-0 -0 1
-0 -0 1
-0 -0 1
-0 -0 1
-0 -0 1
-0 -0 1
-0 -0 1
-0 -0 1
-0 -0 1
-0 -0 1
-0 -0 1
-0 -0 1
-0 -0 1
-0 -0 1
-0 -0 1
-0 -0 1
-0 -0 1
-0 -0 1
-0 -0 1
-0 -0 1
-0 -0 1
-0 -0 1
-0 -0 1
-0 -0 1
-0 -0 1
-0 -0 1
-0 -0 1
-0 -0 1
-0 -0 1
-0 -0 1
-0 -0 1
-0 -0 1
-0 -0 1
-0 -0 1
-0 -0 1
-0 -0 1
-0 -0 1
-0 -0 1
-0 -0 1
-0 -0 1
-0 -0 1
-0 -0 1
-0 -0 1
-0 -0 1
-0 -0 1
-0 -0 1
-0 -0 1
-0 -0 1
-0 -0 1
-0 -0 1
-0 -0 1
-0 -0 1
-0 -0 1
-0 -0 1
-0 -0 1
-0 -0 1
-0 -0 1
-0 -0 1
-0 -0 1
-0 -0 1
-0 -0 1
-0 -0 1
-0 -0 1
-0 -0 1
-0 -0 1
-0 -0 1
-0 -0 1
-0 -0 1
-0 -0 1
-0 -0 1
-0 -0 1
-0 -0 1
-0 -0 1
-0 -0 1
-0 -0 1
-0 -0 1
-0 -0 1
-0 -0 1
-0 -0 1
-0 -0 1
-0 -0 1
"></Normal>
     </IndexedTriangleSet>
    </Shape>
    <Shape DEF="face117">
     <Appearance><Material DEF="matface117" diffuseColor="0.000000 0.000000 1.000000" shininess="0.9" specularColor="0.2 0.2 0.2" transparency="0"></Material></Appearance>
     <IndexedTriangleSet DEF="setface117" index="
54 52 53 55 52 54 55 51 52 56 51 55 56 50 51 57 50 56 57 49 50 58 49 57 58 48 49 59 48 58 59 47 48 60 47 59 60 46 47 61 45 46 61 46 60 62 44 45 62 45 61 63 43 44 63 44 62 64 42 43 64 43 63 65 41 42 65 42 64 66 41 65 67 40 41 67 41 66 68 39 40 68 40 67 69 38 39 69 39 68 70 37 38 70 38 69 71 36 37 71 37 70 72 35 36 72 36 71 73 34 35 73 35 72 74 34 73 74 33 34 75 33 74 75 32 33 76 32 75 76 31 32 77 31 76 77 30 31 78 30 77 79 29 30 79 30 78 80 29 79 80 28 29 81 27 28 81 28 80 82 26 27 82 27 81 83 25 26 83 26 82 84 23 24 84 24 25 84 25 83 85 22 23 85 23 84 86 21 22 86 22 85 87 20 21 87 21 86 88 19 20 88 20 87 89 18 19 89 19 88 90 17 18 90 18 89 91 16 17 91 17 90 92 15 16 92 16 91 93 14 15 93 15 92 94 13 14 94 14 93 95 11 12 95 12 13 95 13 94 96 10 11 96 11 95 97 9 10 97 10 96 98 8 9 98 9 97 99 7 8 99 8 98 100 6 7 100 7 99 101 6 100 101 5 6 102 4 5 102 5 101 103 3 4 103 4 102 104 2 3 104 3 103 105 1 2 105 2 104 106 0 1 106 1 105 107 0 106 
">
      <Coordinate point="
132.5 80.4904 30
132.939 80.5032 30
133.402 80.5448 30
133.835 80.6101 30
134.263 80.7004 30
134.684 80.8153 30
135.097 80.9543 30
135.501 81.1169 30
135.894 81.3023 30
136.276 81.51 30
136.644 81.7391 30
136.998 81.9889 30
137.337 82.2584 30
137.659 82.5467 30
137.964 82.8528 30
138.25 83.1756 30
138.518 83.514 30
138.765 83.8669 30
138.991 84.2331 30
139.196 84.6113 30
139.378 85.0002 30
139.538 85.3986 30
139.675 85.8052 30
139.788 86.2186 30
139.877 86.6373 30
139.942 87.0602 30
139.983 87.4857 30
140 87.9126 30
139.99 88.3866 30
139.95 88.8586 30
139.88 89.3267 30
139.781 89.7891 30
139.653 90.2438 30
139.498 90.6891 30
139.314 91.1233 30
139.104 91.5447 30
138.869 91.9517 30
138.608 92.3427 30
138.324 92.7163 30
138.017 93.0709 30
137.689 93.4053 30
137.342 93.7183 30
136.975 94.0087 30
136.592 94.2754 30
136.194 94.5175 30
135.782 94.7341 30
135.358 94.9245 30
134.923 95.0881 30
134.48 95.2242 30
134.03 95.3326 30
133.575 95.4129 30
133.116 95.465 30
132.802 95.4843 30
132.5 95.4904 30
132.5 95.4904 33
132.939 95.4775 33
133.402 95.4359 33
133.835 95.3706 33
134.263 95.2803 33
134.684 95.1654 33
135.097 95.0264 33
135.501 94.8639 33
135.894 94.6784 33
136.276 94.4708 33
136.644 94.2416 33
136.998 93.9919 33
137.337 93.7223 33
137.659 93.434 33
137.964 93.128 33
138.25 92.8052 33
138.518 92.4667 33
138.765 92.1138 33
138.991 91.7477 33
139.196 91.3695 33
139.378 90.9805 33
139.538 90.5821 33
139.675 90.1756 33
139.788 89.7622 33
139.877 89.3434 33
139.942 88.9206 33
139.983 88.495 33
140 88.0682 33
139.99 87.5941 33
139.95 87.1221 33
139.88 86.654 33
139.781 86.1917 33
139.653 85.737 33
139.498 85.2917 33
139.314 84.8575 33
139.104 84.436 33
138.869 84.029 33
138.608 83.638 33
138.324 83.2645 33
138.017 82.9098 33
137.689 82.5754 33
137.342 82.2624 33
136.975 81.9721 33
136.592 81.7054 33
136.194 81.4633 33
135.782 81.2467 33
135.358 81.0563 33
134.923 80.8927 33
134.48 80.7565 33
134.03 80.6481 33
133.575 80.5678 33
133.116 80.5158 33
132.802 80.4965 33
132.5 80.4904 33
"></Coordinate>
      <Normal vector="
-0 -1 0
0.0585382 -0.998285 0
0.120275 -0.992741 0
0.177991 -0.984032 0
0.235016 -0.971992 0
0.291164 -0.956673 0
0.346253 -0.938141 0
0.400104 -0.91647 0
0.452544 -0.891742 0
0.503403 -0.864052 0
0.55252 -0.8335 0
0.599737 -0.800197 0
0.644905 -0.764262 0
0.687882 -0.725822 0
0.728533 -0.685011 0
0.76673 -0.64197 0
0.802356 -0.596846 0
0.8353 -0.549794 0
0.865463 -0.500973 0
0.892752 -0.450548 0
0.917087 -0.398688 0
0.938395 -0.345565 0
0.956614 -0.291358 0
0.971694 -0.236243 0
0.983593 -0.180405 0
0.992279 -0.124024 0
0.997734 -0.067287 0
0.999946 -0.0103775 0
0.998603 0.0528326 -0
0.993276 0.115769 -0
0.983998 0.178181 -0
0.970817 0.239823 -0
0.953797 0.300451 -0
0.933018 0.359829 -0
0.908574 0.417724 -0
0.880572 0.473913 -0
0.849133 0.528178 -0
0.814394 0.580313 -0
0.7765 0.630118 -0
0.735611 0.677404 -0
0.691897 0.721996 -0
0.64554 0.763726 -0
0.59673 0.802442 -0
0.545666 0.838003 -0
0.492556 0.870281 -0
0.437614 0.899163 -0
0.381062 0.924549 -0
0.323125 0.946356 -0
0.264035 0.964513 -0
0.204025 0.978966 -0
0.143331 0.989675 -0
0.0821929 0.996616 -0
0.0403195 0.999187 -0
0 1 0
0 1 0
0.0585382 0.998285 -0
0.120275 0.992741 -0
0.177991 0.984032 -0
0.235016 0.971992 -0
0.291164 0.956673 -0
0.346253 0.938141 -0
0.400104 0.91647 -0
0.452544 0.891742 -0
0.503403 0.864052 -0
0.55252 0.8335 -0
0.599737 0.800197 -0
0.644905 0.764262 -0
0.687882 0.725822 -0
0.728533 0.685011 -0
0.76673 0.64197 -0
0.802356 0.596846 -0
0.8353 0.549794 -0
0.865463 0.500973 -0
0.892752 0.450548 -0
0.917087 0.398688 -0
0.938395 0.345565 -0
0.956614 0.291358 -0
0.971694 0.236243 -0
0.983593 0.180405 -0
0.992279 0.124024 -0
0.997734 0.067287 -0
0.999946 0.0103775 -0
0.998603 -0.0528326 0
0.993276 -0.115769 0
0.983998 -0.178181 0
0.970817 -0.239823 0
0.953797 -0.300451 0
0.933018 -0.359829 0
0.908574 -0.417724 0
0.880572 -0.473913 0
0.849133 -0.528178 0
0.814394 -0.580313 0
0.7765 -0.630118 0
0.735611 -0.677404 0
0.691897 -0.721996 0
0.64554 -0.763726 0
0.59673 -0.802442 0
0.545666 -0.838003 0
0.492556 -0.870281 0
0.437614 -0.899163 0
0.381062 -0.924549 0
0.323125 -0.946356 0
0.264035 -0.964513 0
0.204025 -0.978966 0
0.143331 -0.989675 0
0.0821929 -0.996616 0
0.0403195 -0.999187 0
0 -1 0
"></Normal>
     </IndexedTriangleSet>
    </Shape>
    <Shape DEF="face118">
     <Appearance><Material DEF="matface118" diffuseColor="0.000000 0.000000 1.000000" shininess="0.9" specularColor="0.2 0.2 0.2" transparency="0"></Material></Appearance>
     <IndexedTriangleSet DEF="setface118" index="
46 44 43 46 45 44 48 47 46 49 48 46 50 46 43 50 43 42 50 49 46 51 42 41 51 50 42 52 40 39 52 41 40 52 51 41 53 52 39 54 39 38 54 53 39 55 54 38 55 38 37 56 37 36 56 55 37 57 36 35 57 56 36 58 57 35 59 58 35 59 34 33 59 35 34 60 59 33 61 32 31 61 33 32 61 60 33 62 61 31 62 31 30 63 62 30 63 30 29 64 63 29 65 29 28 65 64 29 66 65 28 66 28 27 67 66 27 68 26 25 68 27 26 68 67 27 1 3 2 1 4 3 1 5 4 69 68 25 69 25 24 0 5 1 70 24 23 70 69 24 71 70 23 71 23 22 72 71 22 89 5 0 89 91 90 89 0 91 73 21 20 73 22 21 73 72 22 88 6 5 88 5 89 74 20 19 74 73 20 75 74 19 86 6 88 86 88 87 76 17 16 76 18 17 76 19 18 76 75 19 85 7 6 85 8 7 85 6 86 77 16 15 77 76 16 84 9 8 84 8 85 78 77 15 83 9 84 79 78 15 82 10 9 82 11 10 82 9 83 80 13 12 80 14 13 80 15 14 80 79 15 81 12 11 81 11 82 81 80 12 
">
      <Coordinate point="
132.5 92.9904 -4
132.165 92.9791 -4
131.809 92.9424 -4
131.48 92.8853 -4
131.157 92.8066 -4
130.84 92.7067 -4
130.53 92.5861 -4
130.23 92.4455 -4
129.941 92.2856 -4
129.662 92.1072 -4
129.397 91.9111 -4
129.146 91.6982 -4
128.909 91.4695 -4
128.688 91.2261 -4
128.484 90.9691 -4
128.298 90.6995 -4
128.129 90.4186 -4
127.98 90.1276 -4
127.85 89.8279 -4
127.74 89.5206 -4
127.65 89.2072 -4
127.581 88.8889 -4
127.533 88.5672 -4
127.506 88.2434 -4
127.501 87.9188 -4
127.519 87.5591 -4
127.563 87.202 -4
127.632 86.8495 -4
127.726 86.5033 -4
127.845 86.1652 -4
127.988 85.8369 -4
128.153 85.52 -4
128.34 85.2162 -4
128.548 84.9269 -4
128.776 84.6535 -4
129.023 84.3974 -4
129.286 84.1598 -4
129.566 83.9418 -4
129.86 83.7445 -4
130.166 83.5686 -4
130.483 83.4151 -4
130.81 83.2845 -4
131.145 83.1775 -4
131.486 83.0943 -4
131.831 83.0354 -4
132.175 83.0009 -4
132.5 82.9904 -4
132.835 83.0016 -4
133.191 83.0383 -4
133.52 83.0954 -4
133.843 83.1742 -4
134.16 83.2741 -4
134.47 83.3947 -4
134.77 83.5352 -4
135.059 83.6951 -4
135.338 83.8736 -4
135.603 84.0697 -4
135.854 84.2825 -4
136.091 84.5112 -4
136.312 84.7546 -4
136.516 85.0117 -4
136.702 85.2813 -4
136.871 85.5622 -4
137.02 85.8531 -4
137.15 86.1529 -4
137.26 86.4602 -4
137.35 86.7736 -4
137.419 87.0918 -4
137.467 87.4136 -4
137.494 87.7374 -4
137.499 88.0619 -4
137.481 88.4217 -4
137.437 88.7788 -4
137.368 89.1313 -4
137.274 89.4775 -4
137.155 89.8156 -4
137.012 90.1439 -4
136.847 90.4607 -4
136.66 90.7646 -4
136.452 91.0539 -4
136.224 91.3272 -4
135.977 91.5833 -4
135.714 91.8209 -4
135.434 92.0389 -4
135.14 92.2363 -4
134.834 92.4121 -4
134.517 92.5657 -4
134.19 92.6962 -4
133.855 92.8033 -4
133.514 92.8864 -4
133.169 92.9454 -4
132.825 92.9798 -4
"></Coordinate>
      <Normal vector="
0 -0 -1
0 -0 -1
0 -0 -1
0 -0 -1
0 -0 -1
0 -0 -1
0 -0 -1
0 -0 -1
0 -0 -1
0 -0 -1
0 -0 -1
0 -0 -1
0 -0 -1
0 -0 -1
0 -0 -1
0 -0 -1
0 -0 -1
0 -0 -1
0 -0 -1
0 -0 -1
0 -0 -1
0 -0 -1
0 -0 -1
0 -0 -1
0 -0 -1
0 -0 -1
0 -0 -1
0 -0 -1
0 -0 -1
0 -0 -1
0 -0 -1
0 -0 -1
0 -0 -1
0 -0 -1
0 -0 -1
0 -0 -1
0 -0 -1
0 -0 -1
0 -0 -1
0 -0 -1
0 -0 -1
0 -0 -1
0 -0 -1
0 -0 -1
0 -0 -1
0 -0 -1
0 -0 -1
0 -0 -1
0 -0 -1
0 -0 -1
0 -0 -1
0 -0 -1
0 -0 -1
0 -0 -1
0 -0 -1
0 -0 -1
0 -0 -1
0 -0 -1
0 -0 -1
0 -0 -1
0 -0 -1
0 -0 -1
0 -0 -1
0 -0 -1
0 -0 -1
0 -0 -1
0 -0 -1
0 -0 -1
0 -0 -1
0 -0 -1
0 -0 -1
0 -0 -1
0 -0 -1
0 -0 -1
0 -0 -1
0 -0 -1
0 -0 -1
0 -0 -1
0 -0 -1
0 -0 -1
0 -0 -1
0 -0 -1
0 -0 -1
0 -0 -1
0 -0 -1
0 -0 -1
0 -0 -1
0 -0 -1
0 -0 -1
0 -0 -1
0 -0 -1
0 -0 -1
"></Normal>
     </IndexedTriangleSet>
    </Shape>
    <Shape DEF="face119">
     <Appearance><Material DEF="matface119" diffuseColor="0.000000 0.000000 1.000000" shininess="0.9" specularColor="0.2 0.2 0.2" transparency="0"></Material></Appearance>
     <IndexedTriangleSet DEF="setface119" index="
0 58 59 1 57 58 1 58 0 2 57 1 2 56 57 3 56 2 3 55 56 4 55 3 4 54 55 5 54 4 5 53 54 6 53 5 6 52 53 7 52 6 7 51 52 8 51 7 8 50 51 9 50 8 9 49 50 10 49 9 10 48 49 11 48 10 11 47 48 12 47 11 13 47 12 13 46 47 14 45 46 14 46 13 15 44 45 15 45 14 16 44 15 16 43 44 17 41 42 17 42 43 17 43 16 18 41 17 18 40 41 19 39 40 19 40 18 20 39 19 20 38 39 21 37 38 21 38 20 22 36 37 22 37 21 23 35 36 23 36 22 24 34 35 24 35 23 25 33 34 25 34 24 26 32 33 26 33 25 27 31 32 27 32 26 28 30 31 28 31 27 29 30 28 
">
      <Coordinate point="
132.5 92.9904 30
133.052 92.9598 30
133.594 92.8692 30
134.12 92.7205 30
134.625 92.5163 30
135.103 92.2596 30
135.548 91.9541 30
135.956 91.6037 30
136.323 91.213 30
136.645 90.7867 30
136.919 90.3299 30
137.142 89.8481 30
137.312 89.3469 30
137.429 88.832 30
137.49 88.3091 30
137.496 87.7842 30
137.438 87.2057 30
137.314 86.6396 30
137.126 86.0936 30
136.878 85.5745 30
136.572 85.0891 30
136.215 84.6434 30
135.81 84.2428 30
135.364 83.892 30
134.883 83.595 30
134.375 83.3551 30
133.844 83.1745 30
133.3 83.0548 30
132.886 83.0053 30
132.5 82.9904 30
132.5 82.9904 -4
133.052 83.021 -4
133.594 83.1116 -4
134.12 83.2603 -4
134.625 83.4645 -4
135.103 83.7211 -4
135.548 84.0267 -4
135.956 84.377 -4
136.323 84.7678 -4
136.645 85.1941 -4
136.919 85.6509 -4
137.142 86.1326 -4
137.312 86.6339 -4
137.429 87.1488 -4
137.49 87.6716 -4
137.496 88.1965 -4
137.438 88.7751 -4
137.314 89.3411 -4
137.126 89.8872 -4
136.878 90.4062 -4
136.572 90.8917 -4
136.215 91.3374 -4
135.81 91.738 -4
135.364 92.0888 -4
134.883 92.3857 -4
134.375 92.6257 -4
133.844 92.8063 -4
133.3 92.926 -4
132.886 92.9754 -4
132.5 92.9904 -4
"></Coordinate>
      <Normal vector="
-2.84217e-15 1 0
0.110431 0.993884 -0
0.218821 0.975765 -0
0.324096 0.946024 -0
0.425029 0.90518 -0
0.520524 0.853847 -0
0.609558 0.792741 -0
0.691195 0.722669 -0
0.764589 0.644519 -0
0.828995 0.559255 -0
0.883778 0.467906 -0
0.928414 0.371548 -0
0.962494 0.271303 -0
0.985733 0.168315 -0
0.997966 0.0637485 -0
0.99915 -0.041233 0
0.987608 -0.156941 0
0.962819 -0.270148 0
0.925248 -0.379364 0
0.875525 -0.483173 0
0.814434 -0.580256 0
0.742902 -0.669401 0
0.661977 -0.749524 0
0.572822 -0.81968 0
0.47669 -0.879072 0
0.374908 -0.927062 0
0.268858 -0.96318 0
0.159957 -0.987124 0
0.0772668 -0.99701 0
-0 -1 0
0 -1 0
0.110431 -0.993884 0
0.218821 -0.975765 0
0.324096 -0.946024 0
0.425029 -0.90518 0
0.520524 -0.853847 0
0.609558 -0.792741 0
0.691195 -0.722669 0
0.764589 -0.644519 0
0.828995 -0.559255 0
0.883778 -0.467906 0
0.928414 -0.371548 0
0.962494 -0.271303 0
0.985733 -0.168315 0
0.997966 -0.0637485 0
0.99915 0.041233 -0
0.987608 0.156941 -0
0.962819 0.270148 -0
0.925248 0.379364 -0
0.875525 0.483173 -0
0.814434 0.580256 -0
0.742902 0.669401 -0
0.661977 0.749524 -0
0.572822 0.81968 -0
0.47669 0.879072 -0
0.374908 0.927062 -0
0.268858 0.96318 -0
0.159957 0.987124 -0
0.0772668 0.99701 -0
-2.84217e-15 1 0
"></Normal>
     </IndexedTriangleSet>
    </Shape>
    <Shape DEF="face120">
     <Appearance><Material DEF="matface120" diffuseColor="0.000000 0.000000 1.000000" shininess="0.9" specularColor="0.2 0.2 0.2" transparency="0"></Material></Appearance>
     <IndexedTriangleSet DEF="setface120" index="
54 52 53 55 52 54 55 51 52 56 51 55 56 50 51 57 50 56 57 49 50 58 49 57 58 48 49 59 48 58 59 47 48 60 47 59 60 46 47 61 45 46 61 46 60 62 44 45 62 45 61 63 43 44 63 44 62 64 42 43 64 43 63 65 41 42 65 42 64 66 41 65 67 40 41 67 41 66 68 39 40 68 40 67 69 38 39 69 39 68 70 37 38 70 38 69 71 36 37 71 37 70 72 35 36 72 36 71 73 34 35 73 35 72 74 34 73 74 33 34 75 33 74 75 32 33 76 32 75 76 31 32 77 31 76 77 30 31 78 30 77 79 29 30 79 30 78 80 29 79 80 28 29 81 27 28 81 28 80 82 26 27 82 27 81 83 25 26 83 26 82 84 23 24 84 24 25 84 25 83 85 22 23 85 23 84 86 21 22 86 22 85 87 20 21 87 21 86 88 19 20 88 20 87 89 18 19 89 19 88 90 17 18 90 18 89 91 16 17 91 17 90 92 15 16 92 16 91 93 14 15 93 15 92 94 13 14 94 14 93 95 11 12 95 12 13 95 13 94 96 10 11 96 11 95 97 9 10 97 10 96 98 8 9 98 9 97 99 7 8 99 8 98 100 6 7 100 7 99 101 6 100 101 5 6 102 4 5 102 5 101 103 3 4 103 4 102 104 2 3 104 3 103 105 1 2 105 2 104 106 0 1 106 1 105 107 0 106 
">
      <Coordinate point="
132.5 95.4904 30
132.061 95.4775 30
131.598 95.4359 30
131.165 95.3706 30
130.737 95.2803 30
130.316 95.1654 30
129.903 95.0264 30
129.499 94.8639 30
129.106 94.6784 30
128.724 94.4708 30
128.356 94.2416 30
128.002 93.9919 30
127.663 93.7223 30
127.341 93.434 30
127.036 93.128 30
126.75 92.8052 30
126.482 92.4667 30
126.235 92.1138 30
126.009 91.7477 30
125.804 91.3695 30
125.622 90.9805 30
125.462 90.5821 30
125.325 90.1756 30
125.212 89.7622 30
125.123 89.3434 30
125.058 88.9206 30
125.017 88.495 30
125 88.0682 30
125.01 87.5941 30
125.05 87.1221 30
125.12 86.654 30
125.219 86.1917 30
125.347 85.737 30
125.502 85.2917 30
125.686 84.8575 30
125.896 84.436 30
126.131 84.029 30
126.392 83.638 30
126.676 83.2645 30
126.983 82.9098 30
127.311 82.5754 30
127.658 82.2624 30
128.025 81.9721 30
128.408 81.7054 30
128.806 81.4633 30
129.218 81.2467 30
129.642 81.0563 30
130.077 80.8927 30
130.52 80.7565 30
130.97 80.6481 30
131.425 80.5678 30
131.884 80.5158 30
132.198 80.4965 30
132.5 80.4904 30
132.5 80.4904 33
132.061 80.5032 33
131.598 80.5448 33
131.165 80.6101 33
130.737 80.7004 33
130.316 80.8153 33
129.903 80.9543 33
129.499 81.1169 33
129.106 81.3023 33
128.724 81.51 33
128.356 81.7391 33
128.002 81.9889 33
127.663 82.2584 33
127.341 82.5467 33
127.036 82.8528 33
126.75 83.1756 33
126.482 83.514 33
126.235 83.8669 33
126.009 84.2331 33
125.804 84.6113 33
125.622 85.0002 33
125.462 85.3986 33
125.325 85.8052 33
125.212 86.2186 33
125.123 86.6373 33
125.058 87.0602 33
125.017 87.4857 33
125 87.9126 33
125.01 88.3866 33
125.05 88.8586 33
125.12 89.3267 33
125.219 89.7891 33
125.347 90.2438 33
125.502 90.6891 33
125.686 91.1233 33
125.896 91.5447 33
126.131 91.9517 33
126.392 92.3427 33
126.676 92.7163 33
126.983 93.0709 33
127.311 93.4053 33
127.658 93.7183 33
128.025 94.0087 33
128.408 94.2754 33
128.806 94.5175 33
129.218 94.7341 33
129.642 94.9245 33
130.077 95.0881 33
130.52 95.2242 33
130.97 95.3326 33
131.425 95.4129 33
131.884 95.465 33
132.198 95.4843 33
132.5 95.4904 33
"></Coordinate>
      <Normal vector="
-0 1 0
-0.0585382 0.998285 0
-0.120275 0.992741 0
-0.177991 0.984032 0
-0.235016 0.971992 0
-0.291164 0.956673 0
-0.346253 0.938141 0
-0.400104 0.91647 0
-0.452544 0.891742 0
-0.503403 0.864052 0
-0.55252 0.8335 0
-0.599737 0.800197 0
-0.644905 0.764262 0
-0.687882 0.725822 0
-0.728533 0.685011 0
-0.76673 0.64197 0
-0.802356 0.596846 0
-0.8353 0.549794 0
-0.865463 0.500973 0
-0.892752 0.450548 0
-0.917087 0.398688 0
-0.938395 0.345565 0
-0.956614 0.291358 0
-0.971694 0.236243 0
-0.983593 0.180405 0
-0.992279 0.124024 0
-0.997734 0.067287 0
-0.999946 0.0103775 0
-0.998603 -0.0528326 0
-0.993276 -0.115769 0
-0.983998 -0.178181 0
-0.970817 -0.239823 0
-0.953797 -0.300451 0
-0.933018 -0.359829 0
-0.908574 -0.417724 0
-0.880572 -0.473913 0
-0.849133 -0.528178 0
-0.814394 -0.580313 0
-0.7765 -0.630118 0
-0.735611 -0.677404 0
-0.691897 -0.721996 0
-0.64554 -0.763726 0
-0.59673 -0.802442 0
-0.545666 -0.838003 0
-0.492556 -0.870281 0
-0.437614 -0.899163 0
-0.381062 -0.924549 0
-0.323125 -0.946356 0
-0.264035 -0.964513 0
-0.204025 -0.978966 0
-0.143331 -0.989675 0
-0.0821929 -0.996616 0
-0.0403195 -0.999187 0
0 -1 0
0 -1 0
-0.0585382 -0.998285 0
-0.120275 -0.992741 0
-0.177991 -0.984032 0
-0.235016 -0.971992 0
-0.291164 -0.956673 0
-0.346253 -0.938141 0
-0.400104 -0.91647 0
-0.452544 -0.891742 0
-0.503403 -0.864052 0
-0.55252 -0.8335 0
-0.599737 -0.800197 0
-0.644905 -0.764262 0
-0.687882 -0.725822 0
-0.728533 -0.685011 0
-0.76673 -0.64197 0
-0.802356 -0.596846 0
-0.8353 -0.549794 0
-0.865463 -0.500973 0
-0.892752 -0.450548 0
-0.917087 -0.398688 0
-0.938395 -0.345565 0
-0.956614 -0.291358 0
-0.971694 -0.236243 0
-0.983593 -0.180405 0
-0.992279 -0.124024 0
-0.997734 -0.067287 0
-0.999946 -0.0103775 0
-0.998603 0.0528326 0
-0.993276 0.115769 0
-0.983998 0.178181 0
-0.970817 0.239823 0
-0.953797 0.300451 0
-0.933018 0.359829 0
-0.908574 0.417724 0
-0.880572 0.473913 0
-0.849133 0.528178 0
-0.814394 0.580313 0
-0.7765 0.630118 0
-0.735611 0.677404 0
-0.691897 0.721996 0
-0.64554 0.763726 0
-0.59673 0.802442 0
-0.545666 0.838003 0
-0.492556 0.870281 0
-0.437614 0.899163 0
-0.381062 0.924549 0
-0.323125 0.946356 0
-0.264035 0.964513 0
-0.204025 0.978966 0
-0.143331 0.989675 0
-0.0821929 0.996616 0
-0.0403195 0.999187 0
0 1 0
"></Normal>
     </IndexedTriangleSet>
    </Shape>
    <Shape DEF="face121">
     <Appearance><Material DEF="matface121" diffuseColor="0.000000 0.000000 1.000000" shininess="0.9" specularColor="0.2 0.2 0.2" transparency="0"></Material></Appearance>
     <IndexedTriangleSet DEF="setface121" index="
0 58 59 1 57 58 1 58 0 2 57 1 2 56 57 3 56 2 3 55 56 4 55 3 4 54 55 5 54 4 5 53 54 6 53 5 6 52 53 7 52 6 7 51 52 8 51 7 8 50 51 9 50 8 9 49 50 10 49 9 10 48 49 11 48 10 11 47 48 12 47 11 13 47 12 13 46 47 14 45 46 14 46 13 15 44 45 15 45 14 16 44 15 16 43 44 17 41 42 17 42 43 17 43 16 18 41 17 18 40 41 19 39 40 19 40 18 20 39 19 20 38 39 21 37 38 21 38 20 22 36 37 22 37 21 23 35 36 23 36 22 24 34 35 24 35 23 25 33 34 25 34 24 26 32 33 26 33 25 27 31 32 27 32 26 28 30 31 28 31 27 29 30 28 
">
      <Coordinate point="
132.5 82.9904 30
131.948 83.021 30
131.406 83.1116 30
130.88 83.2603 30
130.375 83.4645 30
129.897 83.7211 30
129.452 84.0267 30
129.044 84.377 30
128.677 84.7678 30
128.355 85.1941 30
128.081 85.6509 30
127.858 86.1326 30
127.688 86.6339 30
127.571 87.1488 30
127.51 87.6716 30
127.504 88.1965 30
127.562 88.7751 30
127.686 89.3411 30
127.874 89.8872 30
128.122 90.4062 30
128.428 90.8917 30
128.785 91.3374 30
129.19 91.738 30
129.636 92.0888 30
130.117 92.3857 30
130.625 92.6257 30
131.156 92.8063 30
131.7 92.926 30
132.114 92.9754 30
132.5 92.9904 30
132.5 92.9904 -4
131.948 92.9598 -4
131.406 92.8692 -4
130.88 92.7205 -4
130.375 92.5163 -4
129.897 92.2596 -4
129.452 91.9541 -4
129.044 91.6037 -4
128.677 91.213 -4
128.355 90.7867 -4
128.081 90.3299 -4
127.858 89.8481 -4
127.688 89.3469 -4
127.571 88.832 -4
127.51 88.3091 -4
127.504 87.7842 -4
127.562 87.2057 -4
127.686 86.6396 -4
127.874 86.0936 -4
128.122 85.5745 -4
128.428 85.0891 -4
128.785 84.6434 -4
129.19 84.2428 -4
129.636 83.892 -4
130.117 83.595 -4
130.625 83.3551 -4
131.156 83.1745 -4
131.7 83.0548 -4
132.114 83.0053 -4
132.5 82.9904 -4
"></Coordinate>
      <Normal vector="
0 -1 0
-0.110431 -0.993884 0
-0.218821 -0.975765 0
-0.324096 -0.946024 0
-0.425029 -0.90518 0
-0.520524 -0.853847 0
-0.609558 -0.792741 0
-0.691195 -0.722669 0
-0.764589 -0.644519 0
-0.828995 -0.559255 0
-0.883778 -0.467906 0
-0.928414 -0.371548 0
-0.962494 -0.271303 0
-0.985733 -0.168315 0
-0.997966 -0.0637485 0
-0.99915 0.041233 0
-0.987608 0.156941 0
-0.962819 0.270148 0
-0.925248 0.379364 0
-0.875525 0.483173 0
-0.814434 0.580256 0
-0.742902 0.669401 0
-0.661977 0.749524 0
-0.572822 0.81968 0
-0.47669 0.879072 0
-0.374908 0.927062 0
-0.268858 0.96318 0
-0.159957 0.987124 0
-0.0772668 0.99701 0
2.84217e-15 1 -0
2.84217e-15 1 -0
-0.110431 0.993884 0
-0.218821 0.975765 0
-0.324096 0.946024 0
-0.425029 0.90518 0
-0.520524 0.853847 0
-0.609558 0.792741 0
-0.691195 0.722669 0
-0.764589 0.644519 0
-0.828995 0.559255 0
-0.883778 0.467906 0
-0.928414 0.371548 0
-0.962494 0.271303 0
-0.985733 0.168315 0
-0.997966 0.0637485 0
-0.99915 -0.041233 0
-0.987608 -0.156941 0
-0.962819 -0.270148 0
-0.925248 -0.379364 0
-0.875525 -0.483173 0
-0.814434 -0.580256 0
-0.742902 -0.669401 0
-0.661977 -0.749524 0
-0.572822 -0.81968 0
-0.47669 -0.879072 0
-0.374908 -0.927062 0
-0.268858 -0.96318 0
-0.159957 -0.987124 0
-0.0772668 -0.99701 0
0 -1 0
"></Normal>
     </IndexedTriangleSet>
    </Shape>
    <Shape DEF="face122">
     <Appearance><Material DEF="matface122" diffuseColor="1.000000 0.000000 0.000000" shininess="0.9" specularColor="0.2 0.2 0.2" transparency="0"></Material></Appearance>
     <IndexedTriangleSet DEF="setface122" index="
71 1 70 69 70 1 72 1 71 68 69 1 73 1 72 67 68 1 74 1 73 66 67 1 75 1 74 65 66 1 76 1 75 64 65 1 77 1 76 63 64 1 78 1 77 62 63 1 79 1 78 4 1 79 61 62 1 3 4 5 3 5 6 3 6 7 3 7 8 3 8 9 3 1 4 10 3 9 11 3 10 12 3 11 13 3 12 14 3 13 15 3 14 16 3 15 17 3 16 0 61 1 0 48 49 0 49 50 0 50 51 0 51 52 0 52 53 0 53 54 0 54 55 0 55 56 0 56 57 0 57 58 0 58 59 0 59 60 0 60 61 18 3 17 47 48 0 19 3 18 46 47 0 20 3 19 45 46 0 21 3 20 44 45 0 43 44 0 42 43 0 2 25 26 2 26 27 2 27 28 2 28 29 2 29 30 2 30 31 2 31 32 2 32 33 2 33 34 2 34 35 2 35 36 2 36 37 2 37 38 2 42 0 2 38 39 2 39 40 2 40 41 2 41 42 2 3 23 23 3 22 22 3 21 2 23 24 2 24 25 
">
      <Coordinate point="
142.5 95.4904 -3
122.5 95.4904 -3
142.5 80.4904 -3
122.5 80.4904 -3
127.5 87.9904 -3
127.518 87.5717 -3
127.568 87.168 -3
127.654 86.7605 -3
127.772 86.3627 -3
127.923 85.9771 -3
128.105 85.6063 -3
128.316 85.2525 -3
128.555 84.9181 -3
128.82 84.605 -3
129.11 84.3154 -3
129.421 84.0508 -3
129.752 83.813 -3
130.101 83.6033 -3
130.465 83.4231 -3
130.842 83.2732 -3
131.23 83.1545 -3
131.624 83.0677 -3
132.024 83.0131 -3
132.427 82.9909 -3
132.873 83.0043 -3
133.316 83.0574 -3
133.752 83.1496 -3
134.176 83.2798 -3
134.587 83.4468 -3
134.981 83.6491 -3
135.354 83.8848 -3
135.704 84.152 -3
136.029 84.4483 -3
136.326 84.7713 -3
136.593 85.1182 -3
136.828 85.4862 -3
137.029 85.8723 -3
137.196 86.2735 -3
137.327 86.6865 -3
137.422 87.108 -3
137.479 87.5348 -3
137.495 87.7673 -3
137.5 87.9904 -3
137.482 88.409 -3
137.432 88.8128 -3
137.346 89.2203 -3
137.228 89.6181 -3
137.077 90.0036 -3
136.895 90.3745 -3
136.684 90.7282 -3
136.445 91.0627 -3
136.18 91.3757 -3
135.89 91.6654 -3
135.579 91.9299 -3
135.248 92.1678 -3
134.899 92.3774 -3
134.535 92.5577 -3
134.158 92.7076 -3
133.77 92.8263 -3
133.376 92.9131 -3
132.976 92.9677 -3
132.573 92.9898 -3
132.127 92.9764 -3
131.684 92.9233 -3
131.248 92.8312 -3
130.824 92.701 -3
130.413 92.534 -3
130.019 92.3317 -3
129.646 92.0959 -3
129.296 91.8287 -3
128.971 91.5324 -3
128.674 91.2095 -3
128.407 90.8626 -3
128.172 90.4946 -3
127.971 90.1084 -3
127.804 89.7073 -3
127.673 89.2943 -3
127.578 88.8728 -3
127.521 88.446 -3
127.505 88.2134 -3
"></Coordinate>
      <Normal vector="
0 -0 -1
0 -0 -1
0 -0 -1
0 -0 -1
0 -0 -1
0 -0 -1
0 -0 -1
0 -0 -1
0 -0 -1
0 -0 -1
0 -0 -1
0 -0 -1
0 -0 -1
0 -0 -1
0 -0 -1
0 -0 -1
0 -0 -1
0 -0 -1
0 -0 -1
0 -0 -1
0 -0 -1
0 -0 -1
0 -0 -1
0 -0 -1
0 -0 -1
0 -0 -1
0 -0 -1
0 -0 -1
0 -0 -1
0 -0 -1
0 -0 -1
0 -0 -1
0 -0 -1
0 -0 -1
0 -0 -1
0 -0 -1
0 -0 -1
0 -0 -1
0 -0 -1
0 -0 -1
0 -0 -1
0 -0 -1
0 -0 -1
0 -0 -1
0 -0 -1
0 -0 -1
0 -0 -1
0 -0 -1
0 -0 -1
0 -0 -1
0 -0 -1
0 -0 -1
0 -0 -1
0 -0 -1
0 -0 -1
0 -0 -1
0 -0 -1
0 -0 -1
0 -0 -1
0 -0 -1
0 -0 -1
0 -0 -1
0 -0 -1
0 -0 -1
0 -0 -1
0 -0 -1
0 -0 -1
0 -0 -1
0 -0 -1
0 -0 -1
0 -0 -1
0 -0 -1
0 -0 -1
0 -0 -1
0 -0 -1
0 -0 -1
0 -0 -1
0 -0 -1
0 -0 -1
0 -0 -1
"></Normal>
     </IndexedTriangleSet>
    </Shape>
    <Shape DEF="face123">
     <Appearance><Material DEF="matface123" diffuseColor="1.000000 0.000000 0.000000" shininess="0.9" specularColor="0.2 0.2 0.2" transparency="0"></Material></Appearance>
     <IndexedTriangleSet DEF="setface123" index="
0 1 2 0 2 3 
">
      <Coordinate point="
142.5 95.4904 0
142.5 95.4904 -3
122.5 95.4904 -3
122.5 95.4904 0
"></Coordinate>
      <Normal vector="
0 1 0
0 1 0
0 1 0
0 1 0
"></Normal>
     </IndexedTriangleSet>
    </Shape>
    <Shape DEF="face124">
     <Appearance><Material DEF="matface124" diffuseColor="1.000000 0.000000 0.000000" shininess="0.9" specularColor="0.2 0.2 0.2" transparency="0"></Material></Appearance>
     <IndexedTriangleSet DEF="setface124" index="
2 0 1 2 3 0 
">
      <Coordinate point="
122.5 95.4904 0
122.5 95.4904 -3
122.5 80.4904 -3
122.5 80.4904 0
"></Coordinate>
      <Normal vector="
-1 -0 -0
-1 -0 -0
-1 -0 -0
-1 -0 -0
"></Normal>
     </IndexedTriangleSet>
    </Shape>
    <Shape DEF="face125">
     <Appearance><Material DEF="matface125" diffuseColor="1.000000 0.000000 0.000000" shininess="0.9" specularColor="0.2 0.2 0.2" transparency="0"></Material></Appearance>
     <IndexedTriangleSet DEF="setface125" index="
2 0 1 2 3 0 
">
      <Coordinate point="
122.5 80.4904 0
122.5 80.4904 -3
142.5 80.4904 -3
142.5 80.4904 0
"></Coordinate>
      <Normal vector="
0 -1 0
0 -1 0
0 -1 0
0 -1 0
"></Normal>
     </IndexedTriangleSet>
    </Shape>
    <Shape DEF="face126">
     <Appearance><Material DEF="matface126" diffuseColor="1.000000 0.000000 0.000000" shininess="0.9" specularColor="0.2 0.2 0.2" transparency="0"></Material></Appearance>
     <IndexedTriangleSet DEF="setface126" index="
13 0 14 15 14 0 12 0 13 16 15 0 11 0 12 17 16 0 10 0 11 18 17 0 9 0 10 19 18 0 8 0 9 20 19 0 7 0 8 21 20 0 6 0 7 22 21 0 5 0 6 23 22 0 4 0 5 1 76 75 1 77 76 1 78 77 1 79 78 1 4 79 1 0 4 74 1 75 73 1 74 72 1 73 71 1 72 70 1 71 69 1 70 68 1 69 67 1 68 66 1 67 2 23 0 2 24 23 2 25 24 2 26 25 2 27 26 2 28 27 2 29 28 2 30 29 2 31 30 2 32 31 2 33 32 2 34 33 2 35 34 2 36 35 37 36 2 65 1 66 38 37 2 64 1 65 39 38 2 63 1 64 40 39 2 41 40 2 42 41 2 3 42 2 3 43 42 3 44 43 3 45 44 3 46 45 3 47 46 3 48 47 3 49 48 3 50 49 3 51 50 3 52 51 3 53 52 3 54 53 3 55 54 3 56 55 3 57 56 3 58 57 3 59 58 3 1 61 61 1 62 62 1 63 3 61 60 3 60 59 
">
      <Coordinate point="
142.5 95.4904 0
142.5 80.4904 0
122.5 95.4904 0
122.5 80.4904 0
137.5 87.9904 0
137.482 88.409 0
137.432 88.8128 0
137.346 89.2203 0
137.228 89.6181 0
137.077 90.0036 0
136.895 90.3745 0
136.684 90.7282 0
136.445 91.0627 0
136.18 91.3757 0
135.89 91.6654 0
135.579 91.9299 0
135.248 92.1678 0
134.899 92.3774 0
134.535 92.5577 0
134.158 92.7076 0
133.77 92.8263 0
133.376 92.9131 0
132.976 92.9677 0
132.573 92.9898 0
132.127 92.9764 0
131.684 92.9233 0
131.248 92.8312 0
130.824 92.701 0
130.413 92.534 0
130.019 92.3317 0
129.646 92.0959 0
129.296 91.8287 0
128.971 91.5324 0
128.674 91.2095 0
128.407 90.8626 0
128.172 90.4946 0
127.971 90.1084 0
127.804 89.7073 0
127.673 89.2943 0
127.578 88.8728 0
127.521 88.446 0
127.505 88.2134 0
127.5 87.9904 0
127.518 87.5717 0
127.568 87.168 0
127.654 86.7605 0
127.772 86.3627 0
127.923 85.9771 0
128.105 85.6063 0
128.316 85.2525 0
128.555 84.9181 0
128.82 84.605 0
129.11 84.3154 0
129.421 84.0508 0
129.752 83.813 0
130.101 83.6033 0
130.465 83.4231 0
130.842 83.2732 0
131.23 83.1545 0
131.624 83.0677 0
132.024 83.0131 0
132.427 82.9909 0
132.873 83.0043 0
133.316 83.0574 0
133.752 83.1496 0
134.176 83.2798 0
134.587 83.4468 0
134.981 83.6491 0
135.354 83.8848 0
135.704 84.152 0
136.029 84.4483 0
136.326 84.7713 0
136.593 85.1182 0
136.828 85.4862 0
137.029 85.8723 0
137.196 86.2735 0
137.327 86.6865 0
137.422 87.108 0
137.479 87.5348 0
137.495 87.7673 0
"></Coordinate>
      <Normal vector="
0 0 1
0 0 1
0 0 1
0 0 1
0 0 1
0 0 1
0 0 1
0 0 1
0 0 1
0 0 1
0 0 1
0 0 1
0 0 1
0 0 1
0 0 1
0 0 1
0 0 1
0 0 1
0 0 1
0 0 1
0 0 1
0 0 1
0 0 1
0 0 1
0 0 1
0 0 1
0 0 1
0 0 1
0 0 1
0 0 1
0 0 1
0 0 1
0 0 1
0 0 1
0 0 1
0 0 1
0 0 1
0 0 1
0 0 1
0 0 1
0 0 1
0 0 1
0 0 1
0 0 1
0 0 1
0 0 1
0 0 1
0 0 1
0 0 1
0 0 1
0 0 1
0 0 1
0 0 1
0 0 1
0 0 1
0 0 1
0 0 1
0 0 1
0 0 1
0 0 1
0 0 1
0 0 1
0 0 1
0 0 1
0 0 1
0 0 1
0 0 1
0 0 1
0 0 1
0 0 1
0 0 1
0 0 1
0 0 1
0 0 1
0 0 1
0 0 1
0 0 1
0 0 1
0 0 1
0 0 1
"></Normal>
     </IndexedTriangleSet>
    </Shape>
    <Shape DEF="face127">
     <Appearance><Material DEF="matface127" diffuseColor="1.000000 0.000000 0.000000" shininess="0.9" specularColor="0.2 0.2 0.2" transparency="0"></Material></Appearance>
     <IndexedTriangleSet DEF="setface127" index="
1 2 3 1 3 0 
">
      <Coordinate point="
142.5 95.4904 0
142.5 80.4904 0
142.5 80.4904 -3
142.5 95.4904 -3
"></Coordinate>
      <Normal vector="
1 -0 -0
1 -0 -0
1 -0 -0
1 -0 -0
"></Normal>
     </IndexedTriangleSet>
    </Shape>
    <Shape DEF="face128">
     <Appearance><Material DEF="matface128" diffuseColor="1.000000 0.000000 0.000000" shininess="0.9" specularColor="0.2 0.2 0.2" transparency="0"></Material></Appearance>
     <IndexedTriangleSet DEF="setface128" index="
1 55 0 1 56 55 2 56 1 2 57 56 3 57 2 3 58 57 4 58 3 4 59 58 5 59 4 5 60 59 6 60 5 6 61 60 7 61 6 7 62 61 8 62 7 8 63 62 9 63 8 9 64 63 10 65 64 10 64 9 11 66 65 11 65 10 12 66 11 12 67 66 13 68 67 13 67 12 14 69 68 14 68 13 15 70 69 15 69 14 16 71 70 16 70 15 17 72 71 17 71 16 18 72 17 18 73 72 19 73 18 19 74 73 20 74 19 20 75 74 21 75 20 21 76 75 22 76 21 22 77 76 23 77 22 23 78 77 24 78 23 24 79 78 25 79 24 25 80 79 26 80 25 26 81 80 27 81 26 27 82 81 28 82 27 28 83 82 29 83 28 29 84 83 30 84 29 30 85 84 30 86 85 31 86 30 32 86 31 32 87 86 33 87 32 33 88 87 34 88 33 34 89 88 35 89 34 35 90 89 36 90 35 36 91 90 37 91 36 37 92 91 38 92 37 38 93 92 39 93 38 39 94 93 40 94 39 40 95 94 41 95 40 41 96 95 41 97 96 42 97 41 43 97 42 43 98 97 44 98 43 44 99 98 44 100 99 45 100 44 46 100 45 46 101 100 47 102 101 47 101 46 48 103 102 48 102 47 49 104 103 49 103 48 50 105 104 50 104 49 51 106 105 51 105 50 52 107 106 52 106 51 53 54 107 53 107 52 
">
      <Coordinate point="
127.5 87.9904 -6.67466e-16
127.509 87.6977 -6.67466e-16
127.536 87.389 -6.67466e-16
127.58 87.1004 -6.67466e-16
127.64 86.8153 -6.67466e-16
127.717 86.5346 -6.67466e-16
127.809 86.2591 -6.67466e-16
127.918 85.9899 -6.67466e-16
128.041 85.7277 -6.67466e-16
128.18 85.4734 -6.67466e-16
128.333 85.2278 -6.67466e-16
128.499 84.9917 -6.67466e-16
128.679 84.7659 -6.67466e-16
128.871 84.551 -6.67466e-16
129.075 84.3477 -6.67466e-16
129.29 84.1567 -6.67466e-16
129.516 83.9786 -6.67466e-16
129.751 83.8139 -6.67466e-16
129.995 83.6631 -6.67466e-16
130.247 83.5266 -6.67466e-16
130.507 83.4049 -6.67466e-16
130.772 83.2984 -6.67466e-16
131.043 83.2073 -6.67466e-16
131.319 83.1319 -6.67466e-16
131.598 83.0724 -6.67466e-16
131.88 83.029 -6.67466e-16
132.164 83.0017 -6.67466e-16
132.448 82.9907 -6.67466e-16
132.764 82.9974 -6.67466e-16
133.079 83.024 -6.67466e-16
133.391 83.0704 -6.67466e-16
133.699 83.1363 -6.67466e-16
134.002 83.2214 -6.67466e-16
134.299 83.3253 -6.67466e-16
134.589 83.4475 -6.67466e-16
134.87 83.5875 -6.67466e-16
135.141 83.7447 -6.67466e-16
135.402 83.9184 -6.67466e-16
135.651 84.1079 -6.67466e-16
135.887 84.3123 -6.67466e-16
136.11 84.5309 -6.67466e-16
136.319 84.7627 -6.67466e-16
136.512 85.0067 -6.67466e-16
136.69 85.262 -6.67466e-16
136.851 85.5276 -6.67466e-16
136.996 85.8023 -6.67466e-16
137.123 86.0851 -6.67466e-16
137.232 86.3748 -6.67466e-16
137.323 86.6702 -6.67466e-16
137.395 86.9703 -6.67466e-16
137.448 87.2737 -6.67466e-16
137.483 87.5794 -6.67466e-16
137.496 87.7888 -6.67466e-16
137.5 87.9904 0
137.5 87.9904 -3
127.5 87.9904 -3
127.509 87.6977 -3
127.536 87.389 -3
127.58 87.1004 -3
127.64 86.8153 -3
127.717 86.5346 -3
127.809 86.2591 -3
127.918 85.9899 -3
128.041 85.7277 -3
128.18 85.4734 -3
128.333 85.2278 -3
128.499 84.9917 -3
128.679 84.7659 -3
128.871 84.551 -3
129.075 84.3477 -3
129.29 84.1567 -3
129.516 83.9786 -3
129.751 83.8139 -3
129.995 83.6631 -3
130.247 83.5266 -3
130.507 83.4049 -3
130.772 83.2984 -3
131.043 83.2073 -3
131.319 83.1319 -3
131.598 83.0724 -3
131.88 83.029 -3
132.164 83.0017 -3
132.448 82.9907 -3
132.764 82.9974 -3
133.079 83.024 -3
133.391 83.0704 -3
133.699 83.1363 -3
134.002 83.2214 -3
134.299 83.3253 -3
134.589 83.4475 -3
134.87 83.5875 -3
135.141 83.7447 -3
135.402 83.9184 -3
135.651 84.1079 -3
135.887 84.3123 -3
136.11 84.5309 -3
136.319 84.7627 -3
136.512 85.0067 -3
136.69 85.262 -3
136.851 85.5276 -3
136.996 85.8023 -3
137.123 86.0851 -3
137.232 86.3748 -3
137.323 86.6702 -3
137.395 86.9703 -3
137.448 87.2737 -3
137.483 87.5794 -3
137.496 87.7888 -3
"></Coordinate>
      <Normal vector="
1 2.84217e-15 -0
0.998285 0.0585382 -0
0.992741 0.120275 -0
0.984032 0.177991 -0
0.971992 0.235016 -0
0.956673 0.291164 -0
0.938141 0.346253 -0
0.91647 0.400104 -0
0.891742 0.452544 -0
0.864052 0.503403 -0
0.8335 0.55252 -0
0.800197 0.599737 -0
0.764262 0.644905 -0
0.725822 0.687882 -0
0.685011 0.728533 -0
0.64197 0.76673 -0
0.596846 0.802356 -0
0.549794 0.8353 -0
0.500973 0.865463 -0
0.450548 0.892752 -0
0.398688 0.917087 -0
0.345565 0.938395 -0
0.291358 0.956614 -0
0.236243 0.971694 -0
0.180404 0.983593 -0
0.124024 0.992279 -0
0.067287 0.997734 -0
0.0103775 0.999946 -0
-0.0528326 0.998603 0
-0.115769 0.993276 0
-0.178181 0.983998 0
-0.239823 0.970817 0
-0.300451 0.953797 0
-0.359829 0.933018 0
-0.417724 0.908574 0
-0.473913 0.880572 0
-0.528179 0.849133 0
-0.580313 0.814394 0
-0.630118 0.7765 0
-0.677404 0.735611 0
-0.721996 0.691897 0
-0.763726 0.64554 0
-0.802442 0.59673 0
-0.838003 0.545666 0
-0.870281 0.492556 0
-0.899163 0.437614 0
-0.924549 0.381062 0
-0.946356 0.323125 0
-0.964513 0.264035 0
-0.978966 0.204025 0
-0.989675 0.143331 0
-0.996616 0.0821929 0
-0.999187 0.0403195 0
-1 -0 0
-1 -0 0
1 2.84217e-15 -0
0.998285 0.0585382 -0
0.992741 0.120275 -0
0.984032 0.177991 -0
0.971992 0.235016 -0
0.956673 0.291164 -0
0.938141 0.346253 -0
0.91647 0.400104 -0
0.891742 0.452544 -0
0.864052 0.503403 -0
0.8335 0.55252 -0
0.800197 0.599737 -0
0.764262 0.644905 -0
0.725822 0.687882 -0
0.685011 0.728533 -0
0.64197 0.76673 -0
0.596846 0.802356 -0
0.549794 0.8353 -0
0.500973 0.865463 -0
0.450548 0.892752 -0
0.398688 0.917087 -0
0.345565 0.938395 -0
0.291358 0.956614 -0
0.236243 0.971694 -0
0.180404 0.983593 -0
0.124024 0.992279 -0
0.067287 0.997734 -0
0.0103775 0.999946 -0
-0.0528326 0.998603 0
-0.115769 0.993276 0
-0.178181 0.983998 0
-0.239823 0.970817 0
-0.300451 0.953797 0
-0.359829 0.933018 0
-0.417724 0.908574 0
-0.473913 0.880572 0
-0.528179 0.849133 0
-0.580313 0.814394 0
-0.630118 0.7765 0
-0.677404 0.735611 0
-0.721996 0.691897 0
-0.763726 0.64554 0
-0.802442 0.59673 0
-0.838003 0.545666 0
-0.870281 0.492556 0
-0.899163 0.437614 0
-0.924549 0.381062 0
-0.946356 0.323125 0
-0.964513 0.264035 0
-0.978966 0.204025 0
-0.989675 0.143331 0
-0.996616 0.0821929 0
-0.999187 0.0403195 0
"></Normal>
     </IndexedTriangleSet>
    </Shape>
    <Shape DEF="face129">
     <Appearance><Material DEF="matface129" diffuseColor="1.000000 0.000000 0.000000" shininess="0.9" specularColor="0.2 0.2 0.2" transparency="0"></Material></Appearance>
     <IndexedTriangleSet DEF="setface129" index="
1 55 0 1 56 55 2 56 1 2 57 56 3 57 2 3 58 57 4 58 3 4 59 58 5 59 4 5 60 59 6 60 5 6 61 60 7 61 6 7 62 61 8 62 7 8 63 62 9 63 8 9 64 63 10 65 64 10 64 9 11 66 65 11 65 10 12 66 11 12 67 66 13 68 67 13 67 12 14 69 68 14 68 13 15 70 69 15 69 14 16 71 70 16 70 15 17 72 71 17 71 16 18 72 17 18 73 72 19 73 18 19 74 73 20 74 19 20 75 74 21 75 20 21 76 75 22 76 21 22 77 76 23 77 22 23 78 77 24 78 23 24 79 78 25 79 24 25 80 79 26 80 25 26 81 80 27 81 26 27 82 81 28 82 27 28 83 82 29 83 28 29 84 83 30 84 29 30 85 84 30 86 85 31 86 30 32 86 31 32 87 86 33 87 32 33 88 87 33 89 88 34 89 33 35 89 34 35 90 89 36 90 35 36 91 90 37 91 36 37 92 91 38 92 37 38 93 92 39 93 38 39 94 93 39 95 94 40 95 39 40 96 95 41 96 40 42 96 41 42 97 96 43 97 42 43 98 97 44 98 43 44 99 98 45 99 44 45 100 99 45 101 100 46 101 45 47 102 101 47 101 46 48 103 102 48 102 47 49 104 103 49 103 48 50 105 104 50 104 49 51 106 105 51 105 50 52 107 106 52 106 51 53 54 107 53 107 52 
">
      <Coordinate point="
137.5 87.9904 -6.67466e-16
137.491 88.2831 -6.67466e-16
137.464 88.5918 -6.67466e-16
137.42 88.8803 -6.67466e-16
137.36 89.1655 -6.67466e-16
137.283 89.4462 -6.67466e-16
137.191 89.7216 -6.67466e-16
137.082 89.9909 -6.67466e-16
136.959 90.2531 -6.67466e-16
136.82 90.5074 -6.67466e-16
136.667 90.753 -6.67466e-16
136.501 90.9891 -6.67466e-16
136.321 91.2149 -6.67466e-16
136.129 91.4298 -6.67466e-16
135.925 91.633 -6.67466e-16
135.71 91.824 -6.67466e-16
135.484 92.0022 -6.67466e-16
135.249 92.1669 -6.67466e-16
135.005 92.3177 -6.67466e-16
134.753 92.4541 -6.67466e-16
134.493 92.5758 -6.67466e-16
134.228 92.6824 -6.67466e-16
133.957 92.7735 -6.67466e-16
133.681 92.8489 -6.67466e-16
133.402 92.9083 -6.67466e-16
133.12 92.9518 -6.67466e-16
132.836 92.979 -6.67466e-16
132.552 92.9901 -6.67466e-16
132.236 92.9834 -6.67466e-16
131.921 92.9568 -6.67466e-16
131.609 92.9104 -6.67466e-16
131.301 92.8445 -6.67466e-16
130.998 92.7594 -6.67466e-16
130.701 92.6555 -6.67466e-16
130.411 92.5333 -6.67466e-16
130.13 92.3932 -6.67466e-16
129.859 92.236 -6.67466e-16
129.598 92.0623 -6.67466e-16
129.349 91.8729 -6.67466e-16
129.113 91.6684 -6.67466e-16
128.89 91.4499 -6.67466e-16
128.681 91.2181 -6.67466e-16
128.488 90.974 -6.67466e-16
128.31 90.7187 -6.67466e-16
128.149 90.4532 -6.67466e-16
128.004 90.1785 -6.67466e-16
127.877 89.8957 -6.67466e-16
127.768 89.606 -6.67466e-16
127.677 89.3106 -6.67466e-16
127.605 89.0105 -6.67466e-16
127.552 88.707 -6.67466e-16
127.517 88.4013 -6.67466e-16
127.504 88.192 -6.67466e-16
127.5 87.9904 0
127.5 87.9904 -3
137.5 87.9904 -3
137.491 88.2831 -3
137.464 88.5918 -3
137.42 88.8803 -3
137.36 89.1655 -3
137.283 89.4462 -3
137.191 89.7216 -3
137.082 89.9909 -3
136.959 90.2531 -3
136.82 90.5074 -3
136.667 90.753 -3
136.501 90.9891 -3
136.321 91.2149 -3
136.129 91.4298 -3
135.925 91.633 -3
135.71 91.824 -3
135.484 92.0022 -3
135.249 92.1669 -3
135.005 92.3177 -3
134.753 92.4541 -3
134.493 92.5758 -3
134.228 92.6824 -3
133.957 92.7735 -3
133.681 92.8489 -3
133.402 92.9083 -3
133.12 92.9518 -3
132.836 92.979 -3
132.552 92.9901 -3
132.236 92.9834 -3
131.921 92.9568 -3
131.609 92.9104 -3
131.301 92.8445 -3
130.998 92.7594 -3
130.701 92.6555 -3
130.411 92.5333 -3
130.13 92.3932 -3
129.859 92.236 -3
129.598 92.0623 -3
129.349 91.8729 -3
129.113 91.6684 -3
128.89 91.4499 -3
128.681 91.2181 -3
128.488 90.974 -3
128.31 90.7187 -3
128.149 90.4532 -3
128.004 90.1785 -3
127.877 89.8957 -3
127.768 89.606 -3
127.677 89.3106 -3
127.605 89.0105 -3
127.552 88.707 -3
127.517 88.4013 -3
127.504 88.192 -3
"></Coordinate>
      <Normal vector="
-1 0 0
-0.998285 -0.0585382 0
-0.992741 -0.120275 0
-0.984032 -0.177991 0
-0.971992 -0.235016 0
-0.956673 -0.291164 0
-0.938141 -0.346253 0
-0.91647 -0.400104 0
-0.891742 -0.452544 0
-0.864052 -0.503403 0
-0.8335 -0.55252 0
-0.800197 -0.599737 0
-0.764262 -0.644905 0
-0.725822 -0.687882 0
-0.685011 -0.728533 0
-0.64197 -0.76673 0
-0.596846 -0.802356 0
-0.549794 -0.8353 0
-0.500973 -0.865463 0
-0.450548 -0.892752 0
-0.398688 -0.917087 0
-0.345565 -0.938395 0
-0.291358 -0.956614 0
-0.236243 -0.971694 0
-0.180404 -0.983593 0
-0.124024 -0.992279 0
-0.067287 -0.997734 0
-0.0103775 -0.999946 0
0.0528326 -0.998603 0
0.115769 -0.993276 0
0.178181 -0.983998 0
0.239823 -0.970817 0
0.300451 -0.953797 0
0.359829 -0.933018 0
0.417724 -0.908574 0
0.473913 -0.880572 0
0.528179 -0.849133 0
0.580313 -0.814394 0
0.630118 -0.7765 0
0.677404 -0.735611 0
0.721996 -0.691897 0
0.763726 -0.64554 0
0.802442 -0.59673 0
0.838003 -0.545666 0
0.870281 -0.492556 0
0.899163 -0.437614 0
0.924549 -0.381062 0
0.946356 -0.323125 0
0.964513 -0.264035 0
0.978966 -0.204025 0
0.989675 -0.143331 0
0.996616 -0.0821929 0
0.999187 -0.0403195 0
1 -0 -0
1 -0 -0
-1 0 0
-0.998285 -0.0585382 0
-0.992741 -0.120275 0
-0.984032 -0.177991 0
-0.971992 -0.235016 0
-0.956673 -0.291164 0
-0.938141 -0.346253 0
-0.91647 -0.400104 0
-0.891742 -0.452544 0
-0.864052 -0.503403 0
-0.8335 -0.55252 0
-0.800197 -0.599737 0
-0.764262 -0.644905 0
-0.725822 -0.687882 0
-0.685011 -0.728533 0
-0.64197 -0.76673 0
-0.596846 -0.802356 0
-0.549794 -0.8353 0
-0.500973 -0.865463 0
-0.450548 -0.892752 0
-0.398688 -0.917087 0
-0.345565 -0.938395 0
-0.291358 -0.956614 0
-0.236243 -0.971694 0
-0.180404 -0.983593 0
-0.124024 -0.992279 0
-0.067287 -0.997734 0
-0.0103775 -0.999946 0
0.0528326 -0.998603 0
0.115769 -0.993276 0
0.178181 -0.983998 0
0.239823 -0.970817 0
0.300451 -0.953797 0
0.359829 -0.933018 0
0.417724 -0.908574 0
0.473913 -0.880572 0
0.528179 -0.849133 0
0.580313 -0.814394 0
0.630118 -0.7765 0
0.677404 -0.735611 0
0.721996 -0.691897 0
0.763726 -0.64554 0
0.802442 -0.59673 0
0.838003 -0.545666 0
0.870281 -0.492556 0
0.899163 -0.437614 0
0.924549 -0.381062 0
0.946356 -0.323125 0
0.964513 -0.264035 0
0.978966 -0.204025 0
0.989675 -0.143331 0
0.996616 -0.0821929 0
0.999187 -0.0403195 0
"></Normal>
     </IndexedTriangleSet>
    </Shape>
    <Shape DEF="face130">
     <Appearance><Material DEF="matface130" diffuseColor="0.000000 0.000000 1.000000" shininess="0.9" specularColor="0.2 0.2 0.2" transparency="0"></Material></Appearance>
     <IndexedTriangleSet DEF="setface130" index="
102 35 34 101 36 35 101 35 102 103 34 33 103 102 34 100 36 101 100 37 36 104 103 33 104 33 32 99 37 100 99 38 37 105 104 32 105 31 30 105 32 31 98 38 99 98 39 38 98 40 39 106 30 29 106 105 30 97 41 40 97 40 98 107 29 28 107 106 29 96 41 97 96 42 41 108 28 27 108 107 28 95 42 96 95 43 42 109 27 26 109 108 27 94 43 95 94 44 43 110 26 25 110 109 26 93 45 44 93 44 94 111 25 24 111 110 25 92 45 93 92 46 45 112 23 22 112 24 23 112 111 24 167 47 46 167 46 92 113 112 22 113 22 21 166 47 167 166 48 47 166 49 48 114 21 20 114 113 21 165 50 49 165 49 166 164 51 50 164 50 165 115 19 18 115 20 19 115 114 20 163 52 51 163 51 164 116 18 17 116 115 18 162 53 52 162 54 53 162 52 163 117 17 16 117 116 17 161 54 162 161 55 54 118 15 14 118 16 15 118 117 16 160 55 161 160 56 55 119 118 14 13 119 14 159 56 160 159 57 56 120 119 13 12 120 13 58 57 159 158 58 159 121 120 12 11 121 12 59 58 158 157 59 158 10 122 121 10 121 11 60 59 157 60 157 156 9 123 122 9 122 10 61 60 156 8 124 123 8 123 9 62 156 155 62 61 156 7 124 8 63 155 154 63 62 155 6 125 124 6 124 7 64 154 153 64 63 154 5 126 125 5 125 6 65 64 153 4 127 126 4 126 5 66 65 153 66 153 152 3 128 127 3 127 4 67 66 152 67 152 151 2 128 3 68 67 151 68 151 150 1 128 2 1 129 128 69 68 150 0 130 129 0 129 1 70 69 150 70 150 149 91 130 0 91 131 130 71 149 148 71 70 149 90 131 91 90 132 131 72 148 147 72 71 148 89 133 132 89 132 90 73 147 146 73 72 147 88 134 133 88 133 89 74 146 145 74 73 146 87 135 134 87 134 88 75 74 145 75 145 144 86 136 135 86 135 87 76 144 143 76 75 144 85 136 86 77 76 143 84 137 136 84 136 85 78 143 142 78 77 143 83 138 137 83 137 84 79 142 141 79 78 142 82 139 138 82 138 83 80 141 140 80 79 141 81 140 139 81 139 82 81 80 140 
">
      <Coordinate point="
132.5 69.5096 30
131.997 69.4928 30
131.464 69.4377 30
130.971 69.352 30
130.485 69.2339 30
130.009 69.084 30
129.546 68.9032 30
129.095 68.6923 30
128.661 68.4525 30
128.244 68.1849 30
127.846 67.8907 30
127.468 67.5714 30
127.113 67.2284 30
126.782 66.8632 30
126.476 66.4776 30
126.196 66.0733 30
125.944 65.6519 30
125.72 65.2155 30
125.525 64.7659 30
125.36 64.305 30
125.225 63.8348 30
125.122 63.3574 30
125.05 62.8749 30
125.01 62.3891 30
125.001 61.9023 30
125.028 61.3627 30
125.094 60.8271 30
125.198 60.2982 30
125.339 59.779 30
125.518 59.2718 30
125.731 58.7794 30
125.979 58.3041 30
126.26 57.8483 30
126.573 57.4144 30
126.915 57.0043 30
127.284 56.6202 30
127.68 56.2638 30
128.099 55.9368 30
128.539 55.6408 30
128.999 55.377 30
129.475 55.1467 30
129.965 54.9509 30
130.468 54.7903 30
130.979 54.6655 30
131.496 54.5771 30
132.013 54.5255 30
132.5 54.5096 30
133.003 54.5265 30
133.536 54.5815 30
134.029 54.6672 30
134.515 54.7853 30
134.991 54.9352 30
135.454 55.1161 30
135.905 55.3269 30
136.339 55.5667 30
136.756 55.8344 30
137.154 56.1285 30
137.532 56.4479 30
137.887 56.7909 30
138.218 57.156 30
138.524 57.5416 30
138.804 57.946 30
139.056 58.3673 30
139.28 58.8037 30
139.475 59.2534 30
139.64 59.7143 30
139.775 60.1844 30
139.878 60.6618 30
139.95 61.1444 30
139.99 61.6301 30
139.999 62.1169 30
139.972 62.6566 30
139.906 63.1922 30
139.802 63.721 30
139.661 64.2403 30
139.482 64.7474 30
139.269 65.2399 30
139.021 65.7152 30
138.74 66.1709 30
138.427 66.6049 30
138.085 67.0149 30
137.716 67.399 30
137.32 67.7554 30
136.901 68.0824 30
136.461 68.3785 30
136.001 68.6422 30
135.525 68.8725 30
135.035 69.0684 30
134.532 69.229 30
134.021 69.3537 30
133.504 69.4422 30
132.987 69.4938 30
132.5 57.0096 30
132.087 57.0267 30
131.689 57.0759 30
131.286 57.1592 30
130.893 57.2749 30
130.512 57.422 30
130.145 57.5992 30
129.794 57.8053 30
129.462 58.0387 30
129.15 58.2976 30
128.861 58.5804 30
128.597 58.8849 30
128.358 59.2092 30
128.146 59.551 30
127.963 59.9081 30
127.809 60.2781 30
127.686 60.6585 30
127.594 61.0469 30
127.532 61.4409 30
127.503 61.8378 30
127.505 62.2352 30
127.544 62.6741 30
127.622 63.1071 30
127.737 63.5308 30
127.888 63.9419 30
128.075 64.3374 30
128.295 64.7144 30
128.546 65.0701 30
128.827 65.4019 30
129.135 65.7075 30
129.467 65.9846 30
129.821 66.2314 30
130.194 66.4463 30
130.584 66.6279 30
130.986 66.775 30
131.399 66.8869 30
131.818 66.9629 30
132.169 66.9987 30
132.5 67.0096 30
132.913 66.9925 30
133.311 66.9433 30
133.714 66.86 30
134.107 66.7444 30
134.488 66.5973 30
134.855 66.42 30
135.206 66.2139 30
135.538 65.9806 30
135.85 65.7216 30
136.139 65.4389 30
136.403 65.1343 30
136.642 64.81 30
136.854 64.4682 30
137.037 64.1112 30
137.191 63.7412 30
137.314 63.3607 30
137.406 62.9723 30
137.468 62.5784 30
137.497 62.1814 30
137.495 61.7841 30
137.456 61.3451 30
137.378 60.9121 30
137.263 60.4885 30
137.112 60.0773 30
136.925 59.6818 30
136.705 59.3048 30
136.454 58.9491 30
136.173 58.6173 30
135.865 58.3118 30
135.533 58.0346 30
135.179 57.7878 30
134.806 57.5729 30
134.416 57.3914 30
134.014 57.2442 30
133.601 57.1324 30
133.182 57.0563 30
132.831 57.0206 30
"></Coordinate>
      <Normal vector="
0 -0 -1
0 -0 -1
0 -0 -1
0 -0 -1
0 -0 -1
0 -0 -1
0 -0 -1
0 -0 -1
0 -0 -1
0 -0 -1
0 -0 -1
0 -0 -1
0 -0 -1
0 -0 -1
0 -0 -1
0 -0 -1
0 -0 -1
0 -0 -1
0 -0 -1
0 -0 -1
0 -0 -1
0 -0 -1
0 -0 -1
0 -0 -1
0 -0 -1
0 -0 -1
0 -0 -1
0 -0 -1
0 -0 -1
0 -0 -1
0 -0 -1
0 -0 -1
0 -0 -1
0 -0 -1
0 -0 -1
0 -0 -1
0 -0 -1
0 -0 -1
0 -0 -1
0 -0 -1
0 -0 -1
0 -0 -1
0 -0 -1
0 -0 -1
0 -0 -1
0 -0 -1
0 -0 -1
0 -0 -1
0 -0 -1
0 -0 -1
0 -0 -1
0 -0 -1
0 -0 -1
0 -0 -1
0 -0 -1
0 -0 -1
0 -0 -1
0 -0 -1
0 -0 -1
0 -0 -1
0 -0 -1
0 -0 -1
0 -0 -1
0 -0 -1
0 -0 -1
0 -0 -1
0 -0 -1
0 -0 -1
0 -0 -1
0 -0 -1
0 -0 -1
0 -0 -1
0 -0 -1
0 -0 -1
0 -0 -1
0 -0 -1
0 -0 -1
0 -0 -1
0 -0 -1
0 -0 -1
0 -0 -1
0 -0 -1
0 -0 -1
0 -0 -1
0 -0 -1
0 -0 -1
0 -0 -1
0 -0 -1
0 -0 -1
0 -0 -1
0 -0 -1
0 -0 -1
0 -0 -1
0 -0 -1
0 -0 -1
0 -0 -1
0 -0 -1
0 -0 -1
0 -0 -1
0 -0 -1
0 -0 -1
0 -0 -1
0 -0 -1
0 -0 -1
0 -0 -1
0 -0 -1
0 -0 -1
0 -0 -1
0 -0 -1
0 -0 -1
0 -0 -1
0 -0 -1
0 -0 -1
0 -0 -1
0 -0 -1
0 -0 -1
0 -0 -1
0 -0 -1
0 -0 -1
0 -0 -1
0 -0 -1
0 -0 -1
0 -0 -1
0 -0 -1
0 -0 -1
0 -0 -1
0 -0 -1
0 -0 -1
0 -0 -1
0 -0 -1
0 -0 -1
0 -0 -1
0 -0 -1
0 -0 -1
0 -0 -1
0 -0 -1
0 -0 -1
0 -0 -1
0 -0 -1
0 -0 -1
0 -0 -1
0 -0 -1
0 -0 -1
0 -0 -1
0 -0 -1
0 -0 -1
0 -0 -1
0 -0 -1
0 -0 -1
0 -0 -1
0 -0 -1
0 -0 -1
0 -0 -1
0 -0 -1
0 -0 -1
0 -0 -1
0 -0 -1
0 -0 -1
0 -0 -1
0 -0 -1
0 -0 -1
0 -0 -1
0 -0 -1
0 -0 -1
0 -0 -1
0 -0 -1
0 -0 -1
0 -0 -1
"></Normal>
     </IndexedTriangleSet>
    </Shape>
    <Shape DEF="face131">
     <Appearance><Material DEF="matface131" diffuseColor="0.000000 0.000000 1.000000" shininess="0.9" specularColor="0.2 0.2 0.2" transparency="0"></Material></Appearance>
     <IndexedTriangleSet DEF="setface131" index="
41 40 39 47 45 44 47 46 45 49 47 44 49 48 47 50 44 43 50 49 44 51 50 43 51 42 41 51 43 42 52 41 39 52 51 41 53 52 39 54 39 38 54 53 39 55 38 37 55 54 38 56 37 36 56 55 37 57 36 35 57 56 36 58 57 35 59 58 35 59 34 33 59 35 34 60 59 33 61 33 32 61 60 33 62 61 32 62 31 30 62 32 31 63 62 30 64 63 30 64 30 29 65 64 29 65 29 28 66 65 28 66 28 27 67 66 27 2 4 3 68 67 27 68 26 25 68 27 26 69 68 25 0 2 1 0 4 2 70 24 23 70 25 24 70 69 25 91 5 4 91 4 0 71 70 23 71 23 22 72 22 21 72 71 22 89 5 91 89 91 90 73 72 21 88 5 89 74 21 20 74 73 21 75 19 18 75 20 19 75 74 20 86 6 5 86 5 88 86 88 87 76 75 18 76 18 17 85 7 6 85 6 86 77 17 16 77 76 17 84 8 7 84 9 8 84 7 85 78 16 15 78 77 16 83 10 9 83 9 84 79 14 13 79 15 14 79 78 15 82 10 83 80 13 12 80 79 13 81 11 10 81 12 11 81 10 82 81 80 12 
">
      <Coordinate point="
132.5 54.5096 33
131.997 54.5265 33
131.464 54.5815 33
130.971 54.6672 33
130.485 54.7853 33
130.009 54.9352 33
129.546 55.1161 33
129.095 55.3269 33
128.661 55.5667 33
128.244 55.8344 33
127.846 56.1285 33
127.468 56.4479 33
127.113 56.7909 33
126.782 57.156 33
126.476 57.5416 33
126.196 57.946 33
125.944 58.3673 33
125.72 58.8037 33
125.525 59.2534 33
125.36 59.7143 33
125.225 60.1844 33
125.122 60.6618 33
125.05 61.1444 33
125.01 61.6301 33
125.001 62.1169 33
125.028 62.6566 33
125.094 63.1922 33
125.198 63.721 33
125.339 64.2403 33
125.518 64.7474 33
125.731 65.2399 33
125.979 65.7152 33
126.26 66.1709 33
126.573 66.6049 33
126.915 67.0149 33
127.284 67.399 33
127.68 67.7554 33
128.099 68.0824 33
128.539 68.3785 33
128.999 68.6422 33
129.475 68.8725 33
129.965 69.0684 33
130.468 69.229 33
130.979 69.3537 33
131.496 69.4422 33
132.013 69.4938 33
132.5 69.5096 33
133.003 69.4928 33
133.536 69.4377 33
134.029 69.352 33
134.515 69.2339 33
134.991 69.084 33
135.454 68.9032 33
135.905 68.6923 33
136.339 68.4525 33
136.756 68.1849 33
137.154 67.8907 33
137.532 67.5714 33
137.887 67.2284 33
138.218 66.8632 33
138.524 66.4776 33
138.804 66.0733 33
139.056 65.6519 33
139.28 65.2155 33
139.475 64.7659 33
139.64 64.305 33
139.775 63.8348 33
139.878 63.3574 33
139.95 62.8749 33
139.99 62.3891 33
139.999 61.9023 33
139.972 61.3627 33
139.906 60.8271 33
139.802 60.2982 33
139.661 59.779 33
139.482 59.2718 33
139.269 58.7794 33
139.021 58.3041 33
138.74 57.8483 33
138.427 57.4144 33
138.085 57.0043 33
137.716 56.6202 33
137.32 56.2638 33
136.901 55.9368 33
136.461 55.6408 33
136.001 55.377 33
135.525 55.1467 33
135.035 54.9509 33
134.532 54.7903 33
134.021 54.6655 33
133.504 54.5771 33
132.987 54.5255 33
"></Coordinate>
      <Normal vector="
-0 -0 1
-0 -0 1
-0 -0 1
-0 -0 1
-0 -0 1
-0 -0 1
-0 -0 1
-0 -0 1
-0 -0 1
-0 -0 1
-0 -0 1
-0 -0 1
-0 -0 1
-0 -0 1
-0 -0 1
-0 -0 1
-0 -0 1
-0 -0 1
-0 -0 1
-0 -0 1
-0 -0 1
-0 -0 1
-0 -0 1
-0 -0 1
-0 -0 1
-0 -0 1
-0 -0 1
-0 -0 1
-0 -0 1
-0 -0 1
-0 -0 1
-0 -0 1
-0 -0 1
-0 -0 1
-0 -0 1
-0 -0 1
-0 -0 1
-0 -0 1
-0 -0 1
-0 -0 1
-0 -0 1
-0 -0 1
-0 -0 1
-0 -0 1
-0 -0 1
-0 -0 1
-0 -0 1
-0 -0 1
-0 -0 1
-0 -0 1
-0 -0 1
-0 -0 1
-0 -0 1
-0 -0 1
-0 -0 1
-0 -0 1
-0 -0 1
-0 -0 1
-0 -0 1
-0 -0 1
-0 -0 1
-0 -0 1
-0 -0 1
-0 -0 1
-0 -0 1
-0 -0 1
-0 -0 1
-0 -0 1
-0 -0 1
-0 -0 1
-0 -0 1
-0 -0 1
-0 -0 1
-0 -0 1
-0 -0 1
-0 -0 1
-0 -0 1
-0 -0 1
-0 -0 1
-0 -0 1
-0 -0 1
-0 -0 1
-0 -0 1
-0 -0 1
-0 -0 1
-0 -0 1
-0 -0 1
-0 -0 1
-0 -0 1
-0 -0 1
-0 -0 1
-0 -0 1
"></Normal>
     </IndexedTriangleSet>
    </Shape>
    <Shape DEF="face132">
     <Appearance><Material DEF="matface132" diffuseColor="0.000000 0.000000 1.000000" shininess="0.9" specularColor="0.2 0.2 0.2" transparency="0"></Material></Appearance>
     <IndexedTriangleSet DEF="setface132" index="
54 52 53 55 52 54 55 51 52 56 51 55 56 50 51 57 50 56 57 49 50 58 49 57 58 48 49 59 48 58 59 47 48 60 47 59 60 46 47 61 45 46 61 46 60 62 44 45 62 45 61 63 43 44 63 44 62 64 42 43 64 43 63 65 41 42 65 42 64 66 41 65 67 40 41 67 41 66 68 39 40 68 40 67 69 38 39 69 39 68 70 37 38 70 38 69 71 36 37 71 37 70 72 35 36 72 36 71 73 34 35 73 35 72 74 34 73 74 33 34 75 33 74 75 32 33 76 32 75 76 31 32 77 31 76 77 30 31 78 30 77 79 29 30 79 30 78 80 29 79 80 28 29 81 27 28 81 28 80 82 26 27 82 27 81 83 25 26 83 26 82 84 23 24 84 24 25 84 25 83 85 22 23 85 23 84 86 21 22 86 22 85 87 20 21 87 21 86 88 19 20 88 20 87 89 18 19 89 19 88 90 17 18 90 18 89 91 16 17 91 17 90 92 15 16 92 16 91 93 14 15 93 15 92 94 13 14 94 14 93 95 11 12 95 12 13 95 13 94 96 10 11 96 11 95 97 9 10 97 10 96 98 8 9 98 9 97 99 7 8 99 8 98 100 6 7 100 7 99 101 6 100 101 5 6 102 4 5 102 5 101 103 3 4 103 4 102 104 2 3 104 3 103 105 1 2 105 2 104 106 0 1 106 1 105 107 0 106 
">
      <Coordinate point="
132.5 54.5096 30
132.939 54.5225 30
133.402 54.5641 30
133.835 54.6294 30
134.263 54.7197 30
134.684 54.8346 30
135.097 54.9736 30
135.501 55.1361 30
135.894 55.3216 30
136.276 55.5292 30
136.644 55.7584 30
136.998 56.0081 30
137.337 56.2777 30
137.659 56.566 30
137.964 56.872 30
138.25 57.1948 30
138.518 57.5333 30
138.765 57.8862 30
138.991 58.2523 30
139.196 58.6305 30
139.378 59.0195 30
139.538 59.4179 30
139.675 59.8244 30
139.788 60.2378 30
139.877 60.6566 30
139.942 61.0794 30
139.983 61.505 30
140 61.9318 30
139.99 62.4059 30
139.95 62.8779 30
139.88 63.346 30
139.781 63.8083 30
139.653 64.263 30
139.498 64.7083 30
139.314 65.1425 30
139.104 65.564 30
138.869 65.971 30
138.608 66.362 30
138.324 66.7355 30
138.017 67.0902 30
137.689 67.4246 30
137.342 67.7376 30
136.975 68.0279 30
136.592 68.2946 30
136.194 68.5367 30
135.782 68.7533 30
135.358 68.9437 30
134.923 69.1073 30
134.48 69.2435 30
134.03 69.3519 30
133.575 69.4322 30
133.116 69.4842 30
132.802 69.5035 30
132.5 69.5096 30
132.5 69.5096 33
132.939 69.4968 33
133.402 69.4552 33
133.835 69.3899 33
134.263 69.2996 33
134.684 69.1847 33
135.097 69.0457 33
135.501 68.8831 33
135.894 68.6977 33
136.276 68.49 33
136.644 68.2609 33
136.998 68.0111 33
137.337 67.7416 33
137.659 67.4533 33
137.964 67.1472 33
138.25 66.8244 33
138.518 66.486 33
138.765 66.1331 33
138.991 65.7669 33
139.196 65.3887 33
139.378 64.9998 33
139.538 64.6014 33
139.675 64.1948 33
139.788 63.7814 33
139.877 63.3627 33
139.942 62.9398 33
139.983 62.5143 33
140 62.0874 33
139.99 61.6134 33
139.95 61.1414 33
139.88 60.6733 33
139.781 60.2109 33
139.653 59.7562 33
139.498 59.3109 33
139.314 58.8767 33
139.104 58.4553 33
138.869 58.0483 33
138.608 57.6573 33
138.324 57.2837 33
138.017 56.9291 33
137.689 56.5947 33
137.342 56.2817 33
136.975 55.9913 33
136.592 55.7246 33
136.194 55.4825 33
135.782 55.2659 33
135.358 55.0755 33
134.923 54.9119 33
134.48 54.7758 33
134.03 54.6674 33
133.575 54.5871 33
133.116 54.535 33
132.802 54.5157 33
132.5 54.5096 33
"></Coordinate>
      <Normal vector="
9.4739e-16 -1 0
0.0585382 -0.998285 0
0.120275 -0.992741 0
0.177991 -0.984032 0
0.235016 -0.971992 0
0.291164 -0.956673 0
0.346253 -0.938141 0
0.400104 -0.91647 0
0.452544 -0.891742 0
0.503403 -0.864052 0
0.55252 -0.8335 0
0.599737 -0.800197 0
0.644905 -0.764262 0
0.687882 -0.725822 0
0.728533 -0.685011 0
0.76673 -0.64197 0
0.802356 -0.596846 0
0.8353 -0.549794 0
0.865463 -0.500973 0
0.892752 -0.450548 0
0.917087 -0.398688 0
0.938395 -0.345565 0
0.956614 -0.291358 0
0.971694 -0.236243 0
0.983593 -0.180405 0
0.992279 -0.124024 0
0.997734 -0.067287 0
0.999946 -0.0103775 0
0.998603 0.0528326 -0
0.993276 0.115769 -0
0.983998 0.178181 -0
0.970817 0.239823 -0
0.953797 0.300451 -0
0.933018 0.359829 -0
0.908574 0.417724 -0
0.880572 0.473913 -0
0.849133 0.528178 -0
0.814394 0.580313 -0
0.7765 0.630118 -0
0.735611 0.677404 -0
0.691897 0.721996 -0
0.64554 0.763726 -0
0.59673 0.802442 -0
0.545666 0.838003 -0
0.492556 0.870281 -0
0.437614 0.899163 -0
0.381062 0.924549 -0
0.323125 0.946356 -0
0.264035 0.964513 -0
0.204025 0.978966 -0
0.143331 0.989675 -0
0.0821929 0.996616 -0
0.0403195 0.999187 -0
-1.89478e-15 1 0
-1.89478e-15 1 0
0.0585382 0.998285 -0
0.120275 0.992741 -0
0.177991 0.984032 -0
0.235016 0.971992 -0
0.291164 0.956673 -0
0.346253 0.938141 -0
0.400104 0.91647 -0
0.452544 0.891742 -0
0.503403 0.864052 -0
0.55252 0.8335 -0
0.599737 0.800197 -0
0.644905 0.764262 -0
0.687882 0.725822 -0
0.728533 0.685011 -0
0.76673 0.64197 -0
0.802356 0.596846 -0
0.8353 0.549794 -0
0.865463 0.500973 -0
0.892752 0.450548 -0
0.917087 0.398688 -0
0.938395 0.345565 -0
0.956614 0.291358 -0
0.971694 0.236243 -0
0.983593 0.180405 -0
0.992279 0.124024 -0
0.997734 0.067287 -0
0.999946 0.0103775 -0
0.998603 -0.0528326 0
0.993276 -0.115769 0
0.983998 -0.178181 0
0.970817 -0.239823 0
0.953797 -0.300451 0
0.933018 -0.359829 0
0.908574 -0.417724 0
0.880572 -0.473913 0
0.849133 -0.528178 0
0.814394 -0.580313 0
0.7765 -0.630118 0
0.735611 -0.677404 0
0.691897 -0.721996 0
0.64554 -0.763726 0
0.59673 -0.802442 0
0.545666 -0.838003 0
0.492556 -0.870281 0
0.437614 -0.899163 0
0.381062 -0.924549 0
0.323125 -0.946356 0
0.264035 -0.964513 0
0.204025 -0.978966 0
0.143331 -0.989675 0
0.0821929 -0.996616 0
0.0403195 -0.999187 0
9.4739e-16 -1 0
"></Normal>
     </IndexedTriangleSet>
    </Shape>
    <Shape DEF="face133">
     <Appearance><Material DEF="matface133" diffuseColor="0.000000 0.000000 1.000000" shininess="0.9" specularColor="0.2 0.2 0.2" transparency="0"></Material></Appearance>
     <IndexedTriangleSet DEF="setface133" index="
46 44 43 46 45 44 48 47 46 49 48 46 50 46 43 50 43 42 50 49 46 51 42 41 51 50 42 52 40 39 52 41 40 52 51 41 53 52 39 54 39 38 54 53 39 55 54 38 55 38 37 56 37 36 56 55 37 57 36 35 57 56 36 58 57 35 59 58 35 59 34 33 59 35 34 60 59 33 61 32 31 61 33 32 61 60 33 62 61 31 62 31 30 63 62 30 63 30 29 64 63 29 65 29 28 65 64 29 66 65 28 66 28 27 67 66 27 68 26 25 68 27 26 68 67 27 1 3 2 1 4 3 1 5 4 69 68 25 69 25 24 0 5 1 70 24 23 70 69 24 71 70 23 71 23 22 72 71 22 89 5 0 89 91 90 89 0 91 73 21 20 73 22 21 73 72 22 88 6 5 88 5 89 74 20 19 74 73 20 75 74 19 86 6 88 86 88 87 76 17 16 76 18 17 76 19 18 76 75 19 85 7 6 85 8 7 85 6 86 77 16 15 77 76 16 84 9 8 84 8 85 78 77 15 83 9 84 79 78 15 82 10 9 82 11 10 82 9 83 80 13 12 80 14 13 80 15 14 80 79 15 81 12 11 81 11 82 81 80 12 
">
      <Coordinate point="
132.5 67.0096 -4
132.165 66.9984 -4
131.809 66.9617 -4
131.48 66.9046 -4
131.157 66.8258 -4
130.84 66.7259 -4
130.53 66.6053 -4
130.23 66.4648 -4
129.941 66.3049 -4
129.662 66.1264 -4
129.397 65.9303 -4
129.146 65.7175 -4
128.909 65.4888 -4
128.688 65.2454 -4
128.484 64.9883 -4
128.298 64.7187 -4
128.129 64.4378 -4
127.98 64.1469 -4
127.85 63.8471 -4
127.74 63.5398 -4
127.65 63.2264 -4
127.581 62.9082 -4
127.533 62.5864 -4
127.506 62.2626 -4
127.501 61.9381 -4
127.519 61.5783 -4
127.563 61.2212 -4
127.632 60.8687 -4
127.726 60.5225 -4
127.845 60.1844 -4
127.988 59.8561 -4
128.153 59.5393 -4
128.34 59.2354 -4
128.548 58.9461 -4
128.776 58.6728 -4
129.023 58.4167 -4
129.286 58.1791 -4
129.566 57.9611 -4
129.86 57.7637 -4
130.166 57.5879 -4
130.483 57.4343 -4
130.81 57.3038 -4
131.145 57.1967 -4
131.486 57.1136 -4
131.831 57.0546 -4
132.175 57.0202 -4
132.5 57.0096 -4
132.835 57.0209 -4
133.191 57.0576 -4
133.52 57.1147 -4
133.843 57.1934 -4
134.16 57.2933 -4
134.47 57.4139 -4
134.77 57.5545 -4
135.059 57.7144 -4
135.338 57.8928 -4
135.603 58.0889 -4
135.854 58.3018 -4
136.091 58.5305 -4
136.312 58.7739 -4
136.516 59.0309 -4
136.702 59.3005 -4
136.871 59.5814 -4
137.02 59.8724 -4
137.15 60.1721 -4
137.26 60.4794 -4
137.35 60.7928 -4
137.419 61.1111 -4
137.467 61.4328 -4
137.494 61.7566 -4
137.499 62.0812 -4
137.481 62.4409 -4
137.437 62.798 -4
137.368 63.1505 -4
137.274 63.4967 -4
137.155 63.8348 -4
137.012 64.1631 -4
136.847 64.48 -4
136.66 64.7838 -4
136.452 65.0731 -4
136.224 65.3465 -4
135.977 65.6026 -4
135.714 65.8402 -4
135.434 66.0582 -4
135.14 66.2555 -4
134.834 66.4314 -4
134.517 66.5849 -4
134.19 66.7155 -4
133.855 66.8225 -4
133.514 66.9057 -4
133.169 66.9646 -4
132.825 66.9991 -4
"></Coordinate>
      <Normal vector="
0 -0 -1
0 -0 -1
0 -0 -1
0 -0 -1
0 -0 -1
0 -0 -1
0 -0 -1
0 -0 -1
0 -0 -1
0 -0 -1
0 -0 -1
0 -0 -1
0 -0 -1
0 -0 -1
0 -0 -1
0 -0 -1
0 -0 -1
0 -0 -1
0 -0 -1
0 -0 -1
0 -0 -1
0 -0 -1
0 -0 -1
0 -0 -1
0 -0 -1
0 -0 -1
0 -0 -1
0 -0 -1
0 -0 -1
0 -0 -1
0 -0 -1
0 -0 -1
0 -0 -1
0 -0 -1
0 -0 -1
0 -0 -1
0 -0 -1
0 -0 -1
0 -0 -1
0 -0 -1
0 -0 -1
0 -0 -1
0 -0 -1
0 -0 -1
0 -0 -1
0 -0 -1
0 -0 -1
0 -0 -1
0 -0 -1
0 -0 -1
0 -0 -1
0 -0 -1
0 -0 -1
0 -0 -1
0 -0 -1
0 -0 -1
0 -0 -1
0 -0 -1
0 -0 -1
0 -0 -1
0 -0 -1
0 -0 -1
0 -0 -1
0 -0 -1
0 -0 -1
0 -0 -1
0 -0 -1
0 -0 -1
0 -0 -1
0 -0 -1
0 -0 -1
0 -0 -1
0 -0 -1
0 -0 -1
0 -0 -1
0 -0 -1
0 -0 -1
0 -0 -1
0 -0 -1
0 -0 -1
0 -0 -1
0 -0 -1
0 -0 -1
0 -0 -1
0 -0 -1
0 -0 -1
0 -0 -1
0 -0 -1
0 -0 -1
0 -0 -1
0 -0 -1
0 -0 -1
"></Normal>
     </IndexedTriangleSet>
    </Shape>
    <Shape DEF="face134">
     <Appearance><Material DEF="matface134" diffuseColor="0.000000 0.000000 1.000000" shininess="0.9" specularColor="0.2 0.2 0.2" transparency="0"></Material></Appearance>
     <IndexedTriangleSet DEF="setface134" index="
0 58 59 1 57 58 1 58 0 2 57 1 2 56 57 3 56 2 3 55 56 4 55 3 4 54 55 5 54 4 5 53 54 6 53 5 6 52 53 7 52 6 7 51 52 8 51 7 8 50 51 9 50 8 9 49 50 10 49 9 10 48 49 11 48 10 11 47 48 12 47 11 13 47 12 13 46 47 14 45 46 14 46 13 15 44 45 15 45 14 16 44 15 16 43 44 17 41 42 17 42 43 17 43 16 18 41 17 18 40 41 19 39 40 19 40 18 20 39 19 20 38 39 21 37 38 21 38 20 22 36 37 22 37 21 23 35 36 23 36 22 24 34 35 24 35 23 25 33 34 25 34 24 26 32 33 26 33 25 27 31 32 27 32 26 28 30 31 28 31 27 29 30 28 
">
      <Coordinate point="
132.5 67.0096 30
133.052 66.979 30
133.594 66.8884 30
134.12 66.7397 30
134.625 66.5355 30
135.103 66.2789 30
135.548 65.9733 30
135.956 65.623 30
136.323 65.2322 30
136.645 64.8059 30
136.919 64.3491 30
137.142 63.8674 30
137.312 63.3661 30
137.429 62.8512 30
137.49 62.3284 30
137.496 61.8035 30
137.438 61.2249 30
137.314 60.6589 30
137.126 60.1128 30
136.878 59.5938 30
136.572 59.1083 30
136.215 58.6626 30
135.81 58.262 30
135.364 57.9112 30
134.883 57.6143 30
134.375 57.3743 30
133.844 57.1937 30
133.3 57.074 30
132.886 57.0246 30
132.5 57.0096 30
132.5 57.0096 -4
133.052 57.0402 -4
133.594 57.1308 -4
134.12 57.2795 -4
134.625 57.4837 -4
135.103 57.7404 -4
135.548 58.0459 -4
135.956 58.3963 -4
136.323 58.787 -4
136.645 59.2133 -4
136.919 59.6701 -4
137.142 60.1519 -4
137.312 60.6531 -4
137.429 61.168 -4
137.49 61.6909 -4
137.496 62.2158 -4
137.438 62.7943 -4
137.314 63.3604 -4
137.126 63.9064 -4
136.878 64.4255 -4
136.572 64.9109 -4
136.215 65.3566 -4
135.81 65.7572 -4
135.364 66.108 -4
134.883 66.405 -4
134.375 66.6449 -4
133.844 66.8255 -4
133.3 66.9452 -4
132.886 66.9947 -4
132.5 67.0096 -4
"></Coordinate>
      <Normal vector="
0 1 0
0.110431 0.993884 -0
0.218821 0.975765 -0
0.324096 0.946024 -0
0.425029 0.90518 -0
0.520524 0.853847 -0
0.609558 0.792741 -0
0.691195 0.722669 -0
0.764589 0.644519 -0
0.828995 0.559255 -0
0.883778 0.467906 -0
0.928414 0.371548 -0
0.962494 0.271303 -0
0.985733 0.168315 -0
0.997966 0.0637485 -0
0.99915 -0.041233 0
0.987608 -0.156941 0
0.962819 -0.270148 0
0.925248 -0.379364 0
0.875525 -0.483173 0
0.814434 -0.580256 0
0.742902 -0.669401 0
0.661977 -0.749524 0
0.572822 -0.81968 0
0.47669 -0.879072 0
0.374908 -0.927062 0
0.268858 -0.96318 0
0.159957 -0.987124 0
0.0772668 -0.99701 0
-0 -1 0
0 -1 0
0.110431 -0.993884 0
0.218821 -0.975765 0
0.324096 -0.946024 0
0.425029 -0.90518 0
0.520524 -0.853847 0
0.609558 -0.792741 0
0.691195 -0.722669 0
0.764589 -0.644519 0
0.828995 -0.559255 0
0.883778 -0.467906 0
0.928414 -0.371548 0
0.962494 -0.271303 0
0.985733 -0.168315 0
0.997966 -0.0637485 0
0.99915 0.041233 -0
0.987608 0.156941 -0
0.962819 0.270148 -0
0.925248 0.379364 -0
0.875525 0.483173 -0
0.814434 0.580256 -0
0.742902 0.669401 -0
0.661977 0.749524 -0
0.572822 0.81968 -0
0.47669 0.879072 -0
0.374908 0.927062 -0
0.268858 0.96318 -0
0.159957 0.987124 -0
0.0772668 0.99701 -0
0 1 0
"></Normal>
     </IndexedTriangleSet>
    </Shape>
    <Shape DEF="face135">
     <Appearance><Material DEF="matface135" diffuseColor="0.000000 0.000000 1.000000" shininess="0.9" specularColor="0.2 0.2 0.2" transparency="0"></Material></Appearance>
     <IndexedTriangleSet DEF="setface135" index="
54 52 53 55 52 54 55 51 52 56 51 55 56 50 51 57 50 56 57 49 50 58 49 57 58 48 49 59 48 58 59 47 48 60 47 59 60 46 47 61 45 46 61 46 60 62 44 45 62 45 61 63 43 44 63 44 62 64 42 43 64 43 63 65 41 42 65 42 64 66 41 65 67 40 41 67 41 66 68 39 40 68 40 67 69 38 39 69 39 68 70 37 38 70 38 69 71 36 37 71 37 70 72 35 36 72 36 71 73 34 35 73 35 72 74 34 73 74 33 34 75 33 74 75 32 33 76 32 75 76 31 32 77 31 76 77 30 31 78 30 77 79 29 30 79 30 78 80 29 79 80 28 29 81 27 28 81 28 80 82 26 27 82 27 81 83 25 26 83 26 82 84 23 24 84 24 25 84 25 83 85 22 23 85 23 84 86 21 22 86 22 85 87 20 21 87 21 86 88 19 20 88 20 87 89 18 19 89 19 88 90 17 18 90 18 89 91 16 17 91 17 90 92 15 16 92 16 91 93 14 15 93 15 92 94 13 14 94 14 93 95 11 12 95 12 13 95 13 94 96 10 11 96 11 95 97 9 10 97 10 96 98 8 9 98 9 97 99 7 8 99 8 98 100 6 7 100 7 99 101 6 100 101 5 6 102 4 5 102 5 101 103 3 4 103 4 102 104 2 3 104 3 103 105 1 2 105 2 104 106 0 1 106 1 105 107 0 106 
">
      <Coordinate point="
132.5 69.5096 30
132.061 69.4968 30
131.598 69.4552 30
131.165 69.3899 30
130.737 69.2996 30
130.316 69.1847 30
129.903 69.0457 30
129.499 68.8831 30
129.106 68.6977 30
128.724 68.49 30
128.356 68.2609 30
128.002 68.0111 30
127.663 67.7416 30
127.341 67.4533 30
127.036 67.1472 30
126.75 66.8244 30
126.482 66.486 30
126.235 66.1331 30
126.009 65.7669 30
125.804 65.3887 30
125.622 64.9998 30
125.462 64.6014 30
125.325 64.1948 30
125.212 63.7814 30
125.123 63.3627 30
125.058 62.9398 30
125.017 62.5143 30
125 62.0874 30
125.01 61.6134 30
125.05 61.1414 30
125.12 60.6733 30
125.219 60.2109 30
125.347 59.7562 30
125.502 59.3109 30
125.686 58.8767 30
125.896 58.4553 30
126.131 58.0483 30
126.392 57.6573 30
126.676 57.2837 30
126.983 56.9291 30
127.311 56.5947 30
127.658 56.2817 30
128.025 55.9913 30
128.408 55.7246 30
128.806 55.4825 30
129.218 55.2659 30
129.642 55.0755 30
130.077 54.9119 30
130.52 54.7758 30
130.97 54.6674 30
131.425 54.5871 30
131.884 54.535 30
132.198 54.5157 30
132.5 54.5096 30
132.5 54.5096 33
132.061 54.5225 33
131.598 54.5641 33
131.165 54.6294 33
130.737 54.7197 33
130.316 54.8346 33
129.903 54.9736 33
129.499 55.1361 33
129.106 55.3216 33
128.724 55.5292 33
128.356 55.7584 33
128.002 56.0081 33
127.663 56.2777 33
127.341 56.566 33
127.036 56.872 33
126.75 57.1948 33
126.482 57.5333 33
126.235 57.8862 33
126.009 58.2523 33
125.804 58.6305 33
125.622 59.0195 33
125.462 59.4179 33
125.325 59.8244 33
125.212 60.2378 33
125.123 60.6566 33
125.058 61.0794 33
125.017 61.505 33
125 61.9318 33
125.01 62.4059 33
125.05 62.8779 33
125.12 63.346 33
125.219 63.8083 33
125.347 64.263 33
125.502 64.7083 33
125.686 65.1425 33
125.896 65.564 33
126.131 65.971 33
126.392 66.362 33
126.676 66.7355 33
126.983 67.0902 33
127.311 67.4246 33
127.658 67.7376 33
128.025 68.0279 33
128.408 68.2946 33
128.806 68.5367 33
129.218 68.7533 33
129.642 68.9437 33
130.077 69.1073 33
130.52 69.2435 33
130.97 69.3519 33
131.425 69.4322 33
131.884 69.4842 33
132.198 69.5035 33
132.5 69.5096 33
"></Coordinate>
      <Normal vector="
1.89478e-15 1 -0
-0.0585382 0.998285 0
-0.120275 0.992741 0
-0.177991 0.984032 0
-0.235016 0.971992 0
-0.291164 0.956673 0
-0.346253 0.938141 0
-0.400104 0.91647 0
-0.452544 0.891742 0
-0.503403 0.864052 0
-0.55252 0.8335 0
-0.599737 0.800197 0
-0.644905 0.764262 0
-0.687882 0.725822 0
-0.728533 0.685011 0
-0.76673 0.64197 0
-0.802356 0.596846 0
-0.8353 0.549794 0
-0.865463 0.500973 0
-0.892752 0.450548 0
-0.917087 0.398688 0
-0.938395 0.345565 0
-0.956614 0.291358 0
-0.971694 0.236243 0
-0.983593 0.180405 0
-0.992279 0.124024 0
-0.997734 0.067287 0
-0.999946 0.0103775 0
-0.998603 -0.0528326 0
-0.993276 -0.115769 0
-0.983998 -0.178181 0
-0.970817 -0.239823 0
-0.953797 -0.300451 0
-0.933018 -0.359829 0
-0.908574 -0.417724 0
-0.880572 -0.473913 0
-0.849133 -0.528178 0
-0.814394 -0.580313 0
-0.7765 -0.630118 0
-0.735611 -0.677404 0
-0.691897 -0.721996 0
-0.64554 -0.763726 0
-0.59673 -0.802442 0
-0.545666 -0.838003 0
-0.492556 -0.870281 0
-0.437614 -0.899163 0
-0.381062 -0.924549 0
-0.323125 -0.946356 0
-0.264035 -0.964513 0
-0.204025 -0.978966 0
-0.143331 -0.989675 0
-0.0821929 -0.996616 0
-0.0403195 -0.999187 0
0 -1 0
0 -1 0
-0.0585382 -0.998285 0
-0.120275 -0.992741 0
-0.177991 -0.984032 0
-0.235016 -0.971992 0
-0.291164 -0.956673 0
-0.346253 -0.938141 0
-0.400104 -0.91647 0
-0.452544 -0.891742 0
-0.503403 -0.864052 0
-0.55252 -0.8335 0
-0.599737 -0.800197 0
-0.644905 -0.764262 0
-0.687882 -0.725822 0
-0.728533 -0.685011 0
-0.76673 -0.64197 0
-0.802356 -0.596846 0
-0.8353 -0.549794 0
-0.865463 -0.500973 0
-0.892752 -0.450548 0
-0.917087 -0.398688 0
-0.938395 -0.345565 0
-0.956614 -0.291358 0
-0.971694 -0.236243 0
-0.983593 -0.180405 0
-0.992279 -0.124024 0
-0.997734 -0.067287 0
-0.999946 -0.0103775 0
-0.998603 0.0528326 0
-0.993276 0.115769 0
-0.983998 0.178181 0
-0.970817 0.239823 0
-0.953797 0.300451 0
-0.933018 0.359829 0
-0.908574 0.417724 0
-0.880572 0.473913 0
-0.849133 0.528178 0
-0.814394 0.580313 0
-0.7765 0.630118 0
-0.735611 0.677404 0
-0.691897 0.721996 0
-0.64554 0.763726 0
-0.59673 0.802442 0
-0.545666 0.838003 0
-0.492556 0.870281 0
-0.437614 0.899163 0
-0.381062 0.924549 0
-0.323125 0.946356 0
-0.264035 0.964513 0
-0.204025 0.978966 0
-0.143331 0.989675 0
-0.0821929 0.996616 0
-0.0403195 0.999187 0
1.89478e-15 1 -0
"></Normal>
     </IndexedTriangleSet>
    </Shape>
    <Shape DEF="face136">
     <Appearance><Material DEF="matface136" diffuseColor="0.000000 0.000000 1.000000" shininess="0.9" specularColor="0.2 0.2 0.2" transparency="0"></Material></Appearance>
     <IndexedTriangleSet DEF="setface136" index="
0 58 59 1 57 58 1 58 0 2 57 1 2 56 57 3 56 2 3 55 56 4 55 3 4 54 55 5 54 4 5 53 54 6 53 5 6 52 53 7 52 6 7 51 52 8 51 7 8 50 51 9 50 8 9 49 50 10 49 9 10 48 49 11 48 10 11 47 48 12 47 11 13 47 12 13 46 47 14 45 46 14 46 13 15 44 45 15 45 14 16 44 15 16 43 44 17 41 42 17 42 43 17 43 16 18 41 17 18 40 41 19 39 40 19 40 18 20 39 19 20 38 39 21 37 38 21 38 20 22 36 37 22 37 21 23 35 36 23 36 22 24 34 35 24 35 23 25 33 34 25 34 24 26 32 33 26 33 25 27 31 32 27 32 26 28 30 31 28 31 27 29 30 28 
">
      <Coordinate point="
132.5 57.0096 30
131.948 57.0402 30
131.406 57.1308 30
130.88 57.2795 30
130.375 57.4837 30
129.897 57.7404 30
129.452 58.0459 30
129.044 58.3963 30
128.677 58.787 30
128.355 59.2133 30
128.081 59.6701 30
127.858 60.1519 30
127.688 60.6531 30
127.571 61.168 30
127.51 61.6909 30
127.504 62.2158 30
127.562 62.7943 30
127.686 63.3604 30
127.874 63.9064 30
128.122 64.4255 30
128.428 64.9109 30
128.785 65.3566 30
129.19 65.7572 30
129.636 66.108 30
130.117 66.405 30
130.625 66.6449 30
131.156 66.8255 30
131.7 66.9452 30
132.114 66.9947 30
132.5 67.0096 30
132.5 67.0096 -4
131.948 66.979 -4
131.406 66.8884 -4
130.88 66.7397 -4
130.375 66.5355 -4
129.897 66.2789 -4
129.452 65.9733 -4
129.044 65.623 -4
128.677 65.2322 -4
128.355 64.8059 -4
128.081 64.3491 -4
127.858 63.8674 -4
127.688 63.3661 -4
127.571 62.8512 -4
127.51 62.3284 -4
127.504 61.8035 -4
127.562 61.2249 -4
127.686 60.6589 -4
127.874 60.1128 -4
128.122 59.5938 -4
128.428 59.1083 -4
128.785 58.6626 -4
129.19 58.262 -4
129.636 57.9112 -4
130.117 57.6143 -4
130.625 57.3743 -4
131.156 57.1937 -4
131.7 57.074 -4
132.114 57.0246 -4
132.5 57.0096 -4
"></Coordinate>
      <Normal vector="
-1.42109e-15 -1 0
-0.110431 -0.993884 0
-0.218821 -0.975765 0
-0.324096 -0.946024 0
-0.425029 -0.90518 0
-0.520524 -0.853847 0
-0.609558 -0.792741 0
-0.691195 -0.722669 0
-0.764589 -0.644519 0
-0.828995 -0.559255 0
-0.883778 -0.467906 0
-0.928414 -0.371548 0
-0.962494 -0.271303 0
-0.985733 -0.168315 0
-0.997966 -0.0637485 0
-0.99915 0.041233 0
-0.987608 0.156941 0
-0.962819 0.270148 0
-0.925248 0.379364 0
-0.875525 0.483173 0
-0.814434 0.580256 0
-0.742902 0.669401 0
-0.661977 0.749524 0
-0.572822 0.81968 0
-0.47669 0.879072 0
-0.374908 0.927062 0
-0.268858 0.96318 0
-0.159957 0.987124 0
-0.0772668 0.99701 0
-0 1 0
0 1 0
-0.110431 0.993884 0
-0.218821 0.975765 0
-0.324096 0.946024 0
-0.425029 0.90518 0
-0.520524 0.853847 0
-0.609558 0.792741 0
-0.691195 0.722669 0
-0.764589 0.644519 0
-0.828995 0.559255 0
-0.883778 0.467906 0
-0.928414 0.371548 0
-0.962494 0.271303 0
-0.985733 0.168315 0
-0.997966 0.0637485 0
-0.99915 -0.041233 0
-0.987608 -0.156941 0
-0.962819 -0.270148 0
-0.925248 -0.379364 0
-0.875525 -0.483173 0
-0.814434 -0.580256 0
-0.742902 -0.669401 0
-0.661977 -0.749524 0
-0.572822 -0.81968 0
-0.47669 -0.879072 0
-0.374908 -0.927062 0
-0.268858 -0.96318 0
-0.159957 -0.987124 0
-0.0772668 -0.99701 0
-1.42109e-15 -1 0
"></Normal>
     </IndexedTriangleSet>
    </Shape>
    <Shape DEF="face137">
     <Appearance><Material DEF="matface137" diffuseColor="1.000000 0.000000 0.000000" shininess="0.9" specularColor="0.2 0.2 0.2" transparency="0"></Material></Appearance>
     <IndexedTriangleSet DEF="setface137" index="
71 1 70 69 70 1 72 1 71 68 69 1 73 1 72 67 68 1 74 1 73 66 67 1 75 1 74 65 66 1 76 1 75 64 65 1 77 1 76 63 64 1 78 1 77 62 63 1 79 1 78 4 1 79 61 62 1 3 4 5 3 5 6 3 6 7 3 7 8 3 8 9 3 1 4 10 3 9 11 3 10 12 3 11 13 3 12 14 3 13 15 3 14 16 3 15 17 3 16 0 61 1 0 48 49 0 49 50 0 50 51 0 51 52 0 52 53 0 53 54 0 54 55 0 55 56 0 56 57 0 57 58 0 58 59 0 59 60 0 60 61 18 3 17 47 48 0 19 3 18 46 47 0 20 3 19 45 46 0 21 3 20 44 45 0 43 44 0 42 43 0 2 25 26 2 26 27 2 27 28 2 28 29 2 29 30 2 30 31 2 31 32 2 32 33 2 33 34 2 34 35 2 35 36 2 36 37 2 37 38 2 42 0 2 38 39 2 39 40 2 40 41 2 41 42 2 3 23 23 3 22 22 3 21 2 23 24 2 24 25 
">
      <Coordinate point="
142.5 69.5096 -3
122.5 69.5096 -3
142.5 54.5096 -3
122.5 54.5096 -3
127.5 62.0096 -3
127.518 61.591 -3
127.568 61.1872 -3
127.654 60.7797 -3
127.772 60.3819 -3
127.923 59.9964 -3
128.105 59.6255 -3
128.316 59.2718 -3
128.555 58.9373 -3
128.82 58.6243 -3
129.11 58.3346 -3
129.421 58.0701 -3
129.752 57.8322 -3
130.101 57.6226 -3
130.465 57.4423 -3
130.842 57.2924 -3
131.23 57.1737 -3
131.624 57.0869 -3
132.024 57.0323 -3
132.427 57.0102 -3
132.873 57.0236 -3
133.316 57.0767 -3
133.752 57.1688 -3
134.176 57.299 -3
134.587 57.466 -3
134.981 57.6683 -3
135.354 57.9041 -3
135.704 58.1713 -3
136.029 58.4676 -3
136.326 58.7905 -3
136.593 59.1374 -3
136.828 59.5054 -3
137.029 59.8916 -3
137.196 60.2927 -3
137.327 60.7057 -3
137.422 61.1272 -3
137.479 61.554 -3
137.495 61.7866 -3
137.5 62.0096 -3
137.482 62.4283 -3
137.432 62.832 -3
137.346 63.2395 -3
137.228 63.6373 -3
137.077 64.0229 -3
136.895 64.3937 -3
136.684 64.7475 -3
136.445 65.0819 -3
136.18 65.395 -3
135.89 65.6846 -3
135.579 65.9492 -3
135.248 66.187 -3
134.899 66.3967 -3
134.535 66.5769 -3
134.158 66.7268 -3
133.77 66.8455 -3
133.376 66.9323 -3
132.976 66.9869 -3
132.573 67.0091 -3
132.127 66.9957 -3
131.684 66.9426 -3
131.248 66.8504 -3
130.824 66.7202 -3
130.413 66.5532 -3
130.019 66.3509 -3
129.646 66.1152 -3
129.296 65.848 -3
128.971 65.5517 -3
128.674 65.2287 -3
128.407 64.8818 -3
128.172 64.5138 -3
127.971 64.1277 -3
127.804 63.7265 -3
127.673 63.3135 -3
127.578 62.892 -3
127.521 62.4652 -3
127.505 62.2327 -3
"></Coordinate>
      <Normal vector="
0 -0 -1
0 -0 -1
0 -0 -1
0 -0 -1
0 -0 -1
0 -0 -1
0 -0 -1
0 -0 -1
0 -0 -1
0 -0 -1
0 -0 -1
0 -0 -1
0 -0 -1
0 -0 -1
0 -0 -1
0 -0 -1
0 -0 -1
0 -0 -1
0 -0 -1
0 -0 -1
0 -0 -1
0 -0 -1
0 -0 -1
0 -0 -1
0 -0 -1
0 -0 -1
0 -0 -1
0 -0 -1
0 -0 -1
0 -0 -1
0 -0 -1
0 -0 -1
0 -0 -1
0 -0 -1
0 -0 -1
0 -0 -1
0 -0 -1
0 -0 -1
0 -0 -1
0 -0 -1
0 -0 -1
0 -0 -1
0 -0 -1
0 -0 -1
0 -0 -1
0 -0 -1
0 -0 -1
0 -0 -1
0 -0 -1
0 -0 -1
0 -0 -1
0 -0 -1
0 -0 -1
0 -0 -1
0 -0 -1
0 -0 -1
0 -0 -1
0 -0 -1
0 -0 -1
0 -0 -1
0 -0 -1
0 -0 -1
0 -0 -1
0 -0 -1
0 -0 -1
0 -0 -1
0 -0 -1
0 -0 -1
0 -0 -1
0 -0 -1
0 -0 -1
0 -0 -1
0 -0 -1
0 -0 -1
0 -0 -1
0 -0 -1
0 -0 -1
0 -0 -1
0 -0 -1
0 -0 -1
"></Normal>
     </IndexedTriangleSet>
    </Shape>
    <Shape DEF="face138">
     <Appearance><Material DEF="matface138" diffuseColor="1.000000 0.000000 0.000000" shininess="0.9" specularColor="0.2 0.2 0.2" transparency="0"></Material></Appearance>
     <IndexedTriangleSet DEF="setface138" index="
0 1 2 0 2 3 
">
      <Coordinate point="
142.5 69.5096 0
142.5 69.5096 -3
122.5 69.5096 -3
122.5 69.5096 0
"></Coordinate>
      <Normal vector="
0 1 0
0 1 0
0 1 0
0 1 0
"></Normal>
     </IndexedTriangleSet>
    </Shape>
    <Shape DEF="face139">
     <Appearance><Material DEF="matface139" diffuseColor="1.000000 0.000000 0.000000" shininess="0.9" specularColor="0.2 0.2 0.2" transparency="0"></Material></Appearance>
     <IndexedTriangleSet DEF="setface139" index="
2 0 1 2 3 0 
">
      <Coordinate point="
122.5 69.5096 0
122.5 69.5096 -3
122.5 54.5096 -3
122.5 54.5096 0
"></Coordinate>
      <Normal vector="
-1 -0 -0
-1 -0 -0
-1 -0 -0
-1 -0 -0
"></Normal>
     </IndexedTriangleSet>
    </Shape>
    <Shape DEF="face140">
     <Appearance><Material DEF="matface140" diffuseColor="1.000000 0.000000 0.000000" shininess="0.9" specularColor="0.2 0.2 0.2" transparency="0"></Material></Appearance>
     <IndexedTriangleSet DEF="setface140" index="
2 0 1 2 3 0 
">
      <Coordinate point="
122.5 54.5096 0
122.5 54.5096 -3
142.5 54.5096 -3
142.5 54.5096 0
"></Coordinate>
      <Normal vector="
0 -1 0
0 -1 0
0 -1 0
0 -1 0
"></Normal>
     </IndexedTriangleSet>
    </Shape>
    <Shape DEF="face141">
     <Appearance><Material DEF="matface141" diffuseColor="1.000000 0.000000 0.000000" shininess="0.9" specularColor="0.2 0.2 0.2" transparency="0"></Material></Appearance>
     <IndexedTriangleSet DEF="setface141" index="
13 0 14 15 14 0 12 0 13 16 15 0 11 0 12 17 16 0 10 0 11 18 17 0 9 0 10 19 18 0 8 0 9 20 19 0 7 0 8 21 20 0 6 0 7 22 21 0 5 0 6 23 22 0 4 0 5 1 76 75 1 77 76 1 78 77 1 79 78 1 4 79 1 0 4 74 1 75 73 1 74 72 1 73 71 1 72 70 1 71 69 1 70 68 1 69 67 1 68 66 1 67 2 23 0 2 24 23 2 25 24 2 26 25 2 27 26 2 28 27 2 29 28 2 30 29 2 31 30 2 32 31 2 33 32 2 34 33 2 35 34 2 36 35 37 36 2 65 1 66 38 37 2 64 1 65 39 38 2 63 1 64 40 39 2 41 40 2 42 41 2 3 42 2 3 43 42 3 44 43 3 45 44 3 46 45 3 47 46 3 48 47 3 49 48 3 50 49 3 51 50 3 52 51 3 53 52 3 54 53 3 55 54 3 56 55 3 57 56 3 58 57 3 59 58 3 1 61 61 1 62 62 1 63 3 61 60 3 60 59 
">
      <Coordinate point="
142.5 69.5096 0
142.5 54.5096 0
122.5 69.5096 0
122.5 54.5096 0
137.5 62.0096 0
137.482 62.4283 0
137.432 62.832 0
137.346 63.2395 0
137.228 63.6373 0
137.077 64.0229 0
136.895 64.3937 0
136.684 64.7475 0
136.445 65.0819 0
136.18 65.395 0
135.89 65.6846 0
135.579 65.9492 0
135.248 66.187 0
134.899 66.3967 0
134.535 66.5769 0
134.158 66.7268 0
133.77 66.8455 0
133.376 66.9323 0
132.976 66.9869 0
132.573 67.0091 0
132.127 66.9957 0
131.684 66.9426 0
131.248 66.8504 0
130.824 66.7202 0
130.413 66.5532 0
130.019 66.3509 0
129.646 66.1152 0
129.296 65.848 0
128.971 65.5517 0
128.674 65.2287 0
128.407 64.8818 0
128.172 64.5138 0
127.971 64.1277 0
127.804 63.7265 0
127.673 63.3135 0
127.578 62.892 0
127.521 62.4652 0
127.505 62.2327 0
127.5 62.0096 0
127.518 61.591 0
127.568 61.1872 0
127.654 60.7797 0
127.772 60.3819 0
127.923 59.9964 0
128.105 59.6255 0
128.316 59.2718 0
128.555 58.9373 0
128.82 58.6243 0
129.11 58.3346 0
129.421 58.0701 0
129.752 57.8322 0
130.101 57.6226 0
130.465 57.4423 0
130.842 57.2924 0
131.23 57.1737 0
131.624 57.0869 0
132.024 57.0323 0
132.427 57.0102 0
132.873 57.0236 0
133.316 57.0767 0
133.752 57.1688 0
134.176 57.299 0
134.587 57.466 0
134.981 57.6683 0
135.354 57.9041 0
135.704 58.1713 0
136.029 58.4676 0
136.326 58.7905 0
136.593 59.1374 0
136.828 59.5054 0
137.029 59.8916 0
137.196 60.2927 0
137.327 60.7057 0
137.422 61.1272 0
137.479 61.554 0
137.495 61.7866 0
"></Coordinate>
      <Normal vector="
0 0 1
0 0 1
0 0 1
0 0 1
0 0 1
0 0 1
0 0 1
0 0 1
0 0 1
0 0 1
0 0 1
0 0 1
0 0 1
0 0 1
0 0 1
0 0 1
0 0 1
0 0 1
0 0 1
0 0 1
0 0 1
0 0 1
0 0 1
0 0 1
0 0 1
0 0 1
0 0 1
0 0 1
0 0 1
0 0 1
0 0 1
0 0 1
0 0 1
0 0 1
0 0 1
0 0 1
0 0 1
0 0 1
0 0 1
0 0 1
0 0 1
0 0 1
0 0 1
0 0 1
0 0 1
0 0 1
0 0 1
0 0 1
0 0 1
0 0 1
0 0 1
0 0 1
0 0 1
0 0 1
0 0 1
0 0 1
0 0 1
0 0 1
0 0 1
0 0 1
0 0 1
0 0 1
0 0 1
0 0 1
0 0 1
0 0 1
0 0 1
0 0 1
0 0 1
0 0 1
0 0 1
0 0 1
0 0 1
0 0 1
0 0 1
0 0 1
0 0 1
0 0 1
0 0 1
0 0 1
"></Normal>
     </IndexedTriangleSet>
    </Shape>
    <Shape DEF="face142">
     <Appearance><Material DEF="matface142" diffuseColor="1.000000 0.000000 0.000000" shininess="0.9" specularColor="0.2 0.2 0.2" transparency="0"></Material></Appearance>
     <IndexedTriangleSet DEF="setface142" index="
1 2 3 1 3 0 
">
      <Coordinate point="
142.5 69.5096 0
142.5 54.5096 0
142.5 54.5096 -3
142.5 69.5096 -3
"></Coordinate>
      <Normal vector="
1 -0 -0
1 -0 -0
1 -0 -0
1 -0 -0
"></Normal>
     </IndexedTriangleSet>
    </Shape>
    <Shape DEF="face143">
     <Appearance><Material DEF="matface143" diffuseColor="1.000000 0.000000 0.000000" shininess="0.9" specularColor="0.2 0.2 0.2" transparency="0"></Material></Appearance>
     <IndexedTriangleSet DEF="setface143" index="
1 55 0 1 56 55 2 56 1 2 57 56 3 57 2 3 58 57 4 58 3 4 59 58 5 59 4 5 60 59 6 60 5 6 61 60 7 61 6 7 62 61 8 62 7 8 63 62 9 63 8 9 64 63 10 65 64 10 64 9 11 66 65 11 65 10 12 66 11 12 67 66 13 68 67 13 67 12 14 69 68 14 68 13 15 70 69 15 69 14 16 71 70 16 70 15 17 72 71 17 71 16 18 72 17 18 73 72 19 73 18 19 74 73 20 74 19 20 75 74 21 75 20 21 76 75 22 76 21 22 77 76 23 77 22 23 78 77 24 78 23 24 79 78 25 79 24 25 80 79 26 80 25 26 81 80 27 81 26 27 82 81 28 82 27 28 83 82 29 83 28 29 84 83 30 84 29 30 85 84 30 86 85 31 86 30 32 86 31 32 87 86 33 87 32 33 88 87 34 88 33 34 89 88 35 89 34 35 90 89 36 90 35 36 91 90 37 91 36 37 92 91 38 92 37 38 93 92 39 93 38 39 94 93 40 94 39 40 95 94 41 95 40 41 96 95 41 97 96 42 97 41 43 97 42 43 98 97 44 98 43 44 99 98 44 100 99 45 100 44 46 100 45 46 101 100 47 102 101 47 101 46 48 103 102 48 102 47 49 104 103 49 103 48 50 105 104 50 104 49 51 106 105 51 105 50 52 107 106 52 106 51 53 54 107 53 107 52 
">
      <Coordinate point="
127.5 62.0096 -6.67466e-16
127.509 61.7169 -6.67466e-16
127.536 61.4082 -6.67466e-16
127.58 61.1197 -6.67466e-16
127.64 60.8345 -6.67466e-16
127.717 60.5538 -6.67466e-16
127.809 60.2784 -6.67466e-16
127.918 60.0091 -6.67466e-16
128.041 59.7469 -6.67466e-16
128.18 59.4926 -6.67466e-16
128.333 59.247 -6.67466e-16
128.499 59.0109 -6.67466e-16
128.679 58.7851 -6.67466e-16
128.871 58.5702 -6.67466e-16
129.075 58.367 -6.67466e-16
129.29 58.176 -6.67466e-16
129.516 57.9978 -6.67466e-16
129.751 57.8331 -6.67466e-16
129.995 57.6823 -6.67466e-16
130.247 57.5459 -6.67466e-16
130.507 57.4242 -6.67466e-16
130.772 57.3176 -6.67466e-16
131.043 57.2265 -6.67466e-16
131.319 57.1511 -6.67466e-16
131.598 57.0917 -6.67466e-16
131.88 57.0482 -6.67466e-16
132.164 57.021 -6.67466e-16
132.448 57.0099 -6.67466e-16
132.764 57.0166 -6.67466e-16
133.079 57.0432 -6.67466e-16
133.391 57.0896 -6.67466e-16
133.699 57.1555 -6.67466e-16
134.002 57.2406 -6.67466e-16
134.299 57.3445 -6.67466e-16
134.589 57.4667 -6.67466e-16
134.87 57.6068 -6.67466e-16
135.141 57.764 -6.67466e-16
135.402 57.9377 -6.67466e-16
135.651 58.1271 -6.67466e-16
135.887 58.3316 -6.67466e-16
136.11 58.5501 -6.67466e-16
136.319 58.7819 -6.67466e-16
136.512 59.026 -6.67466e-16
136.69 59.2813 -6.67466e-16
136.851 59.5468 -6.67466e-16
136.996 59.8215 -6.67466e-16
137.123 60.1043 -6.67466e-16
137.232 60.394 -6.67466e-16
137.323 60.6894 -6.67466e-16
137.395 60.9895 -6.67466e-16
137.448 61.293 -6.67466e-16
137.483 61.5987 -6.67466e-16
137.496 61.808 -6.67466e-16
137.5 62.0096 0
137.5 62.0096 -3
127.5 62.0096 -3
127.509 61.7169 -3
127.536 61.4082 -3
127.58 61.1197 -3
127.64 60.8345 -3
127.717 60.5538 -3
127.809 60.2784 -3
127.918 60.0091 -3
128.041 59.7469 -3
128.18 59.4926 -3
128.333 59.247 -3
128.499 59.0109 -3
128.679 58.7851 -3
128.871 58.5702 -3
129.075 58.367 -3
129.29 58.176 -3
129.516 57.9978 -3
129.751 57.8331 -3
129.995 57.6823 -3
130.247 57.5459 -3
130.507 57.4242 -3
130.772 57.3176 -3
131.043 57.2265 -3
131.319 57.1511 -3
131.598 57.0917 -3
131.88 57.0482 -3
132.164 57.021 -3
132.448 57.0099 -3
132.764 57.0166 -3
133.079 57.0432 -3
133.391 57.0896 -3
133.699 57.1555 -3
134.002 57.2406 -3
134.299 57.3445 -3
134.589 57.4667 -3
134.87 57.6068 -3
135.141 57.764 -3
135.402 57.9377 -3
135.651 58.1271 -3
135.887 58.3316 -3
136.11 58.5501 -3
136.319 58.7819 -3
136.512 59.026 -3
136.69 59.2813 -3
136.851 59.5468 -3
136.996 59.8215 -3
137.123 60.1043 -3
137.232 60.394 -3
137.323 60.6894 -3
137.395 60.9895 -3
137.448 61.293 -3
137.483 61.5987 -3
137.496 61.808 -3
"></Coordinate>
      <Normal vector="
1 2.84217e-15 -0
0.998285 0.0585382 -0
0.992741 0.120275 -0
0.984032 0.177991 -0
0.971992 0.235016 -0
0.956673 0.291164 -0
0.938141 0.346253 -0
0.91647 0.400104 -0
0.891742 0.452544 -0
0.864052 0.503403 -0
0.8335 0.55252 -0
0.800197 0.599737 -0
0.764262 0.644905 -0
0.725822 0.687882 -0
0.685011 0.728533 -0
0.64197 0.76673 -0
0.596846 0.802356 -0
0.549794 0.8353 -0
0.500973 0.865463 -0
0.450548 0.892752 -0
0.398688 0.917087 -0
0.345565 0.938395 -0
0.291358 0.956614 -0
0.236243 0.971694 -0
0.180404 0.983593 -0
0.124024 0.992279 -0
0.067287 0.997734 -0
0.0103775 0.999946 -0
-0.0528326 0.998603 0
-0.115769 0.993276 0
-0.178181 0.983998 0
-0.239823 0.970817 0
-0.300451 0.953797 0
-0.359829 0.933018 0
-0.417724 0.908574 0
-0.473913 0.880572 0
-0.528179 0.849133 0
-0.580313 0.814394 0
-0.630118 0.7765 0
-0.677404 0.735611 0
-0.721996 0.691897 0
-0.763726 0.64554 0
-0.802442 0.59673 0
-0.838003 0.545666 0
-0.870281 0.492556 0
-0.899163 0.437614 0
-0.924549 0.381062 0
-0.946356 0.323125 0
-0.964513 0.264035 0
-0.978966 0.204025 0
-0.989675 0.143331 0
-0.996616 0.0821929 0
-0.999187 0.0403195 0
-1 -0 0
-1 -0 0
1 2.84217e-15 -0
0.998285 0.0585382 -0
0.992741 0.120275 -0
0.984032 0.177991 -0
0.971992 0.235016 -0
0.956673 0.291164 -0
0.938141 0.346253 -0
0.91647 0.400104 -0
0.891742 0.452544 -0
0.864052 0.503403 -0
0.8335 0.55252 -0
0.800197 0.599737 -0
0.764262 0.644905 -0
0.725822 0.687882 -0
0.685011 0.728533 -0
0.64197 0.76673 -0
0.596846 0.802356 -0
0.549794 0.8353 -0
0.500973 0.865463 -0
0.450548 0.892752 -0
0.398688 0.917087 -0
0.345565 0.938395 -0
0.291358 0.956614 -0
0.236243 0.971694 -0
0.180404 0.983593 -0
0.124024 0.992279 -0
0.067287 0.997734 -0
0.0103775 0.999946 -0
-0.0528326 0.998603 0
-0.115769 0.993276 0
-0.178181 0.983998 0
-0.239823 0.970817 0
-0.300451 0.953797 0
-0.359829 0.933018 0
-0.417724 0.908574 0
-0.473913 0.880572 0
-0.528179 0.849133 0
-0.580313 0.814394 0
-0.630118 0.7765 0
-0.677404 0.735611 0
-0.721996 0.691897 0
-0.763726 0.64554 0
-0.802442 0.59673 0
-0.838003 0.545666 0
-0.870281 0.492556 0
-0.899163 0.437614 0
-0.924549 0.381062 0
-0.946356 0.323125 0
-0.964513 0.264035 0
-0.978966 0.204025 0
-0.989675 0.143331 0
-0.996616 0.0821929 0
-0.999187 0.0403195 0
"></Normal>
     </IndexedTriangleSet>
    </Shape>
    <Shape DEF="face144">
     <Appearance><Material DEF="matface144" diffuseColor="1.000000 0.000000 0.000000" shininess="0.9" specularColor="0.2 0.2 0.2" transparency="0"></Material></Appearance>
     <IndexedTriangleSet DEF="setface144" index="
1 55 0 1 56 55 2 56 1 2 57 56 3 57 2 3 58 57 4 58 3 4 59 58 5 59 4 5 60 59 6 60 5 6 61 60 7 61 6 7 62 61 8 62 7 8 63 62 9 63 8 9 64 63 10 65 64 10 64 9 11 66 65 11 65 10 12 66 11 12 67 66 13 68 67 13 67 12 14 69 68 14 68 13 15 70 69 15 69 14 16 71 70 16 70 15 17 72 71 17 71 16 18 72 17 18 73 72 19 73 18 19 74 73 20 74 19 20 75 74 21 75 20 21 76 75 22 76 21 22 77 76 23 77 22 23 78 77 24 78 23 24 79 78 25 79 24 25 80 79 26 80 25 26 81 80 27 81 26 27 82 81 28 82 27 28 83 82 29 83 28 29 84 83 30 84 29 30 85 84 30 86 85 31 86 30 32 86 31 32 87 86 33 87 32 33 88 87 33 89 88 34 89 33 35 89 34 35 90 89 36 90 35 36 91 90 37 91 36 37 92 91 38 92 37 38 93 92 39 93 38 39 94 93 39 95 94 40 95 39 40 96 95 41 96 40 42 96 41 42 97 96 43 97 42 43 98 97 44 98 43 44 99 98 45 99 44 45 100 99 45 101 100 46 101 45 47 102 101 47 101 46 48 103 102 48 102 47 49 104 103 49 103 48 50 105 104 50 104 49 51 106 105 51 105 50 52 107 106 52 106 51 53 54 107 53 107 52 
">
      <Coordinate point="
137.5 62.0096 -6.67466e-16
137.491 62.3023 -6.67466e-16
137.464 62.611 -6.67466e-16
137.42 62.8996 -6.67466e-16
137.36 63.1847 -6.67466e-16
137.283 63.4654 -6.67466e-16
137.191 63.7409 -6.67466e-16
137.082 64.0101 -6.67466e-16
136.959 64.2723 -6.67466e-16
136.82 64.5266 -6.67466e-16
136.667 64.7722 -6.67466e-16
136.501 65.0083 -6.67466e-16
136.321 65.2341 -6.67466e-16
136.129 65.449 -6.67466e-16
135.925 65.6523 -6.67466e-16
135.71 65.8433 -6.67466e-16
135.484 66.0214 -6.67466e-16
135.249 66.1861 -6.67466e-16
135.005 66.3369 -6.67466e-16
134.753 66.4734 -6.67466e-16
134.493 66.5951 -6.67466e-16
134.228 66.7016 -6.67466e-16
133.957 66.7927 -6.67466e-16
133.681 66.8681 -6.67466e-16
133.402 66.9276 -6.67466e-16
133.12 66.971 -6.67466e-16
132.836 66.9983 -6.67466e-16
132.552 67.0093 -6.67466e-16
132.236 67.0026 -6.67466e-16
131.921 66.976 -6.67466e-16
131.609 66.9296 -6.67466e-16
131.301 66.8637 -6.67466e-16
130.998 66.7786 -6.67466e-16
130.701 66.6747 -6.67466e-16
130.411 66.5525 -6.67466e-16
130.13 66.4125 -6.67466e-16
129.859 66.2553 -6.67466e-16
129.598 66.0816 -6.67466e-16
129.349 65.8921 -6.67466e-16
129.113 65.6877 -6.67466e-16
128.89 65.4691 -6.67466e-16
128.681 65.2373 -6.67466e-16
128.488 64.9933 -6.67466e-16
128.31 64.738 -6.67466e-16
128.149 64.4724 -6.67466e-16
128.004 64.1977 -6.67466e-16
127.877 63.9149 -6.67466e-16
127.768 63.6252 -6.67466e-16
127.677 63.3298 -6.67466e-16
127.605 63.0297 -6.67466e-16
127.552 62.7263 -6.67466e-16
127.517 62.4206 -6.67466e-16
127.504 62.2112 -6.67466e-16
127.5 62.0096 0
127.5 62.0096 -3
137.5 62.0096 -3
137.491 62.3023 -3
137.464 62.611 -3
137.42 62.8996 -3
137.36 63.1847 -3
137.283 63.4654 -3
137.191 63.7409 -3
137.082 64.0101 -3
136.959 64.2723 -3
136.82 64.5266 -3
136.667 64.7722 -3
136.501 65.0083 -3
136.321 65.2341 -3
136.129 65.449 -3
135.925 65.6523 -3
135.71 65.8433 -3
135.484 66.0214 -3
135.249 66.1861 -3
135.005 66.3369 -3
134.753 66.4734 -3
134.493 66.5951 -3
134.228 66.7016 -3
133.957 66.7927 -3
133.681 66.8681 -3
133.402 66.9276 -3
133.12 66.971 -3
132.836 66.9983 -3
132.552 67.0093 -3
132.236 67.0026 -3
131.921 66.976 -3
131.609 66.9296 -3
131.301 66.8637 -3
130.998 66.7786 -3
130.701 66.6747 -3
130.411 66.5525 -3
130.13 66.4125 -3
129.859 66.2553 -3
129.598 66.0816 -3
129.349 65.8921 -3
129.113 65.6877 -3
128.89 65.4691 -3
128.681 65.2373 -3
128.488 64.9933 -3
128.31 64.738 -3
128.149 64.4724 -3
128.004 64.1977 -3
127.877 63.9149 -3
127.768 63.6252 -3
127.677 63.3298 -3
127.605 63.0297 -3
127.552 62.7263 -3
127.517 62.4206 -3
127.504 62.2112 -3
"></Coordinate>
      <Normal vector="
-1 0 0
-0.998285 -0.0585382 0
-0.992741 -0.120275 0
-0.984032 -0.177991 0
-0.971992 -0.235016 0
-0.956673 -0.291164 0
-0.938141 -0.346253 0
-0.91647 -0.400104 0
-0.891742 -0.452544 0
-0.864052 -0.503403 0
-0.8335 -0.55252 0
-0.800197 -0.599737 0
-0.764262 -0.644905 0
-0.725822 -0.687882 0
-0.685011 -0.728533 0
-0.64197 -0.76673 0
-0.596846 -0.802356 0
-0.549794 -0.8353 0
-0.500973 -0.865463 0
-0.450548 -0.892752 0
-0.398688 -0.917087 0
-0.345565 -0.938395 0
-0.291358 -0.956614 0
-0.236243 -0.971694 0
-0.180404 -0.983593 0
-0.124024 -0.992279 0
-0.067287 -0.997734 0
-0.0103775 -0.999946 0
0.0528326 -0.998603 0
0.115769 -0.993276 0
0.178181 -0.983998 0
0.239823 -0.970817 0
0.300451 -0.953797 0
0.359829 -0.933018 0
0.417724 -0.908574 0
0.473913 -0.880572 0
0.528179 -0.849133 0
0.580313 -0.814394 0
0.630118 -0.7765 0
0.677404 -0.735611 0
0.721996 -0.691897 0
0.763726 -0.64554 0
0.802442 -0.59673 0
0.838003 -0.545666 0
0.870281 -0.492556 0
0.899163 -0.437614 0
0.924549 -0.381062 0
0.946356 -0.323125 0
0.964513 -0.264035 0
0.978966 -0.204025 0
0.989675 -0.143331 0
0.996616 -0.0821929 0
0.999187 -0.0403195 0
1 -0 -0
1 -0 -0
-1 0 0
-0.998285 -0.0585382 0
-0.992741 -0.120275 0
-0.984032 -0.177991 0
-0.971992 -0.235016 0
-0.956673 -0.291164 0
-0.938141 -0.346253 0
-0.91647 -0.400104 0
-0.891742 -0.452544 0
-0.864052 -0.503403 0
-0.8335 -0.55252 0
-0.800197 -0.599737 0
-0.764262 -0.644905 0
-0.725822 -0.687882 0
-0.685011 -0.728533 0
-0.64197 -0.76673 0
-0.596846 -0.802356 0
-0.549794 -0.8353 0
-0.500973 -0.865463 0
-0.450548 -0.892752 0
-0.398688 -0.917087 0
-0.345565 -0.938395 0
-0.291358 -0.956614 0
-0.236243 -0.971694 0
-0.180404 -0.983593 0
-0.124024 -0.992279 0
-0.067287 -0.997734 0
-0.0103775 -0.999946 0
0.0528326 -0.998603 0
0.115769 -0.993276 0
0.178181 -0.983998 0
0.239823 -0.970817 0
0.300451 -0.953797 0
0.359829 -0.933018 0
0.417724 -0.908574 0
0.473913 -0.880572 0
0.528179 -0.849133 0
0.580313 -0.814394 0
0.630118 -0.7765 0
0.677404 -0.735611 0
0.721996 -0.691897 0
0.763726 -0.64554 0
0.802442 -0.59673 0
0.838003 -0.545666 0
0.870281 -0.492556 0
0.899163 -0.437614 0
0.924549 -0.381062 0
0.946356 -0.323125 0
0.964513 -0.264035 0
0.978966 -0.204025 0
0.989675 -0.143331 0
0.996616 -0.0821929 0
0.999187 -0.0403195 0
"></Normal>
     </IndexedTriangleSet>
    </Shape>
    <Shape DEF="face145">
     <Appearance><Material DEF="matface145" diffuseColor="0.000000 1.000000 0.000000" shininess="0.9" specularColor="0.2 0.2 0.2" transparency="0"></Material></Appearance>
     <IndexedTriangleSet DEF="setface145" index="
50 51 1 52 1 51 49 50 1 53 1 52 48 49 1 54 1 53 47 48 1 55 3 1 55 1 54 46 47 1 56 3 55 57 3 56 45 46 1 4 3 57 44 45 1 5 3 4 6 3 5 7 3 6 8 3 7 9 3 8 10 3 9 11 3 10 12 3 11 13 3 12 14 3 13 15 3 14 16 3 15 0 33 34 0 34 35 0 35 36 0 36 37 0 37 38 0 38 39 0 39 40 0 40 41 0 41 42 0 42 43 0 43 44 0 44 1 2 19 20 2 20 21 2 21 22 2 22 23 2 23 24 2 24 25 2 25 26 2 26 27 2 27 28 2 28 29 2 29 30 2 30 31 2 31 32 2 32 33 2 33 0 2 3 17 17 3 16 2 17 18 2 18 19 
">
      <Coordinate point="
175 125 20
175 25 20
175 125 80
175 25 80
175 70 60
175 70.0363 60.6014
175 70.1449 61.1951
175 70.3212 61.7631
175 70.5621 62.3033
175 70.8635 62.8088
175 71.2205 63.2734
175 71.6275 63.6914
175 72.0786 64.0577
175 72.5672 64.3682
175 73.0864 64.6193
175 73.6292 64.8084
175 74.1882 64.9337
175 74.7559 64.994
175 75.325 64.9894
175 75.9497 64.909
175 76.557 64.7514
175 77.1375 64.5201
175 77.6825 64.2195
175 78.184 63.8552
175 78.6347 63.4335
175 79.0284 62.9617
175 79.36 62.4476
175 79.6251 61.8996
175 79.8208 61.3265
175 79.9453 60.7373
175 79.9872 60.357
175 80 60
175 79.9637 59.3986
175 79.8551 58.8049
175 79.6788 58.2369
175 79.4379 57.6967
175 79.1365 57.1912
175 78.7795 56.7266
175 78.3725 56.3086
175 77.9214 55.9423
175 77.4328 55.6318
175 76.9136 55.3807
175 76.3708 55.1916
175 75.8118 55.0663
175 75.2441 55.006
175 74.675 55.0106
175 74.0503 55.091
175 73.443 55.2486
175 72.8625 55.4799
175 72.3175 55.7805
175 71.816 56.1448
175 71.3653 56.5665
175 70.9716 57.0383
175 70.64 57.5524
175 70.3749 58.1004
175 70.1792 58.6735
175 70.0547 59.2627
175 70.0128 59.643
"></Coordinate>
      <Normal vector="
1 -0 0
1 -0 0
1 -0 0
1 -0 0
1 -0 0
1 -0 0
1 -0 0
1 -0 0
1 -0 0
1 -0 0
1 -0 0
1 -0 0
1 -0 0
1 -0 0
1 -0 0
1 -0 0
1 -0 0
1 -0 0
1 -0 0
1 -0 0
1 -0 0
1 -0 0
1 -0 0
1 -0 0
1 -0 0
1 -0 0
1 -0 0
1 -0 0
1 -0 0
1 -0 0
1 -0 0
1 -0 0
1 -0 0
1 -0 0
1 -0 0
1 -0 0
1 -0 0
1 -0 0
1 -0 0
1 -0 0
1 -0 0
1 -0 0
1 -0 0
1 -0 0
1 -0 0
1 -0 0
1 -0 0
1 -0 0
1 -0 0
1 -0 0
1 -0 0
1 -0 0
1 -0 0
1 -0 0
1 -0 0
1 -0 0
1 -0 0
1 -0 0
"></Normal>
     </IndexedTriangleSet>
    </Shape>
    <Shape DEF="face146">
     <Appearance><Material DEF="matface146" diffuseColor="0.000000 1.000000 0.000000" shininess="0.9" specularColor="0.2 0.2 0.2" transparency="0"></Material></Appearance>
     <IndexedTriangleSet DEF="setface146" index="
158 159 2 160 2 159 157 158 2 161 2 160 156 157 2 162 2 161 155 156 2 163 2 162 154 155 2 164 2 163 165 2 164 153 154 2 152 153 2 104 105 2 106 2 105 106 0 2 103 165 112 103 104 2 103 2 165 107 0 106 102 103 112 102 112 113 108 0 107 101 113 114 101 102 113 109 0 108 100 114 115 100 101 114 110 0 109 111 0 110 99 115 116 99 100 115 58 0 111 98 116 117 98 99 116 59 0 58 97 117 118 97 98 117 60 0 59 96 118 119 96 97 118 61 0 60 95 96 119 95 119 120 62 0 61 94 95 120 94 120 121 63 0 62 93 121 122 93 94 121 64 0 63 92 122 123 92 93 122 65 0 64 91 123 124 91 92 123 66 0 65 90 124 125 90 91 124 67 0 66 89 90 125 68 0 67 69 0 68 51 127 128 50 128 129 50 51 128 52 126 127 52 127 51 49 129 130 49 50 129 53 125 126 53 89 125 53 126 52 48 130 131 48 49 130 54 89 53 54 88 89 47 131 132 47 48 131 55 88 54 55 87 88 46 132 133 46 47 132 56 87 55 56 86 87 3 152 2 3 140 141 3 141 142 3 142 143 3 143 144 3 144 145 3 145 146 3 146 147 3 147 148 3 148 149 3 149 150 3 150 151 3 151 152 57 86 56 57 85 86 45 46 133 45 133 134 4 85 57 4 84 85 44 45 134 44 134 135 5 84 4 5 83 84 43 135 136 43 44 135 6 83 5 6 82 83 42 136 137 42 43 136 7 82 6 7 81 82 41 42 137 41 137 138 8 81 7 8 80 81 40 41 138 40 138 139 9 80 8 9 79 80 39 40 139 39 140 3 39 139 140 10 79 9 10 78 79 38 39 3 11 78 10 11 77 78 37 38 3 12 77 11 12 76 77 36 37 3 13 76 12 13 75 76 14 75 13 14 74 75 15 74 14 15 73 74 1 19 20 1 20 21 1 21 22 1 22 23 1 23 24 1 24 25 1 25 26 1 26 27 1 27 28 1 28 29 1 29 30 1 30 31 1 31 32 1 32 33 1 33 34 1 34 35 1 35 36 1 36 3 1 0 71 71 0 70 70 0 69 1 71 72 1 72 73 1 73 17 17 73 16 16 73 15 1 17 18 1 18 19 
">
      <Coordinate point="
125 125 20
125 25 20
175 125 20
175 25 20
132.5 67.0096 20
131.899 66.9733 20
131.305 66.8647 20
130.737 66.6885 20
130.197 66.4475 20
129.691 66.1461 20
129.227 65.7891 20
128.809 65.3821 20
128.442 64.931 20
128.132 64.4425 20
127.881 63.9232 20
127.692 63.3804 20
127.566 62.8214 20
127.506 62.2537 20
127.511 61.6846 20
127.591 61.0599 20
127.749 60.4526 20
127.98 59.8721 20
128.281 59.3271 20
128.645 58.8256 20
129.067 58.3749 20
129.538 57.9812 20
130.052 57.6497 20
130.6 57.3845 20
131.173 57.1888 20
131.763 57.0643 20
132.143 57.0224 20
132.5 57.0096 20
133.101 57.0459 20
133.695 57.1545 20
134.263 57.3308 20
134.803 57.5717 20
135.309 57.8731 20
135.773 58.2301 20
136.191 58.6372 20
136.558 59.0882 20
136.868 59.5768 20
137.119 60.096 20
137.308 60.6388 20
137.434 61.1978 20
137.494 61.7655 20
137.489 62.3346 20
137.409 62.9593 20
137.251 63.5666 20
137.02 64.1472 20
136.719 64.6921 20
136.355 65.1936 20
135.933 65.6443 20
135.462 66.0381 20
134.948 66.3696 20
134.4 66.6347 20
133.827 66.8304 20
133.237 66.955 20
132.857 66.9969 20
132.5 92.9904 20
131.899 92.9541 20
131.305 92.8455 20
130.737 92.6692 20
130.197 92.4283 20
129.691 92.1269 20
129.227 91.7699 20
128.809 91.3628 20
128.442 90.9118 20
128.132 90.4232 20
127.881 89.904 20
127.692 89.3612 20
127.566 88.8022 20
127.506 88.2345 20
127.511 87.6654 20
127.591 87.0407 20
127.749 86.4334 20
127.98 85.8528 20
128.281 85.3079 20
128.645 84.8064 20
129.067 84.3557 20
129.538 83.9619 20
130.052 83.6304 20
130.6 83.3653 20
131.173 83.1696 20
131.763 83.045 20
132.143 83.0031 20
132.5 82.9904 20
133.101 83.0267 20
133.695 83.1353 20
134.263 83.3115 20
134.803 83.5525 20
135.309 83.8539 20
135.773 84.2109 20
136.191 84.6179 20
136.558 85.069 20
136.868 85.5575 20
137.119 86.0768 20
137.308 86.6196 20
137.434 87.1786 20
137.494 87.7463 20
137.489 88.3154 20
137.409 88.9401 20
137.251 89.5474 20
137.02 90.1279 20
136.719 90.6729 20
136.355 91.1744 20
135.933 91.6251 20
135.462 92.0188 20
134.948 92.3503 20
134.4 92.6155 20
133.827 92.8112 20
133.237 92.9357 20
132.857 92.9776 20
155 80 20
154.399 79.9637 20
153.805 79.8551 20
153.237 79.6788 20
152.697 79.4379 20
152.191 79.1365 20
151.727 78.7795 20
151.309 78.3725 20
150.942 77.9214 20
150.632 77.4328 20
150.381 76.9136 20
150.192 76.3708 20
150.066 75.8118 20
150.006 75.2441 20
150.011 74.675 20
150.091 74.0503 20
150.249 73.443 20
150.48 72.8625 20
150.781 72.3175 20
151.145 71.816 20
151.567 71.3653 20
152.038 70.9716 20
152.552 70.64 20
153.1 70.3749 20
153.673 70.1792 20
154.263 70.0547 20
154.643 70.0128 20
155 70 20
155.601 70.0363 20
156.195 70.1449 20
156.763 70.3212 20
157.303 70.5621 20
157.809 70.8635 20
158.273 71.2205 20
158.691 71.6275 20
159.058 72.0786 20
159.368 72.5672 20
159.619 73.0864 20
159.808 73.6292 20
159.934 74.1882 20
159.994 74.7559 20
159.989 75.325 20
159.909 75.9497 20
159.751 76.557 20
159.52 77.1375 20
159.219 77.6825 20
158.855 78.184 20
158.433 78.6347 20
157.962 79.0284 20
157.448 79.36 20
156.9 79.6251 20
156.327 79.8208 20
155.737 79.9453 20
155.357 79.9872 20
"></Coordinate>
      <Normal vector="
-0 -0 -1
-0 -0 -1
-0 -0 -1
-0 -0 -1
-0 -0 -1
-0 -0 -1
-0 -0 -1
-0 -0 -1
-0 -0 -1
-0 -0 -1
-0 -0 -1
-0 -0 -1
-0 -0 -1
-0 -0 -1
-0 -0 -1
-0 -0 -1
-0 -0 -1
-0 -0 -1
-0 -0 -1
-0 -0 -1
-0 -0 -1
-0 -0 -1
-0 -0 -1
-0 -0 -1
-0 -0 -1
-0 -0 -1
-0 -0 -1
-0 -0 -1
-0 -0 -1
-0 -0 -1
-0 -0 -1
-0 -0 -1
-0 -0 -1
-0 -0 -1
-0 -0 -1
-0 -0 -1
-0 -0 -1
-0 -0 -1
-0 -0 -1
-0 -0 -1
-0 -0 -1
-0 -0 -1
-0 -0 -1
-0 -0 -1
-0 -0 -1
-0 -0 -1
-0 -0 -1
-0 -0 -1
-0 -0 -1
-0 -0 -1
-0 -0 -1
-0 -0 -1
-0 -0 -1
-0 -0 -1
-0 -0 -1
-0 -0 -1
-0 -0 -1
-0 -0 -1
-0 -0 -1
-0 -0 -1
-0 -0 -1
-0 -0 -1
-0 -0 -1
-0 -0 -1
-0 -0 -1
-0 -0 -1
-0 -0 -1
-0 -0 -1
-0 -0 -1
-0 -0 -1
-0 -0 -1
-0 -0 -1
-0 -0 -1
-0 -0 -1
-0 -0 -1
-0 -0 -1
-0 -0 -1
-0 -0 -1
-0 -0 -1
-0 -0 -1
-0 -0 -1
-0 -0 -1
-0 -0 -1
-0 -0 -1
-0 -0 -1
-0 -0 -1
-0 -0 -1
-0 -0 -1
-0 -0 -1
-0 -0 -1
-0 -0 -1
-0 -0 -1
-0 -0 -1
-0 -0 -1
-0 -0 -1
-0 -0 -1
-0 -0 -1
-0 -0 -1
-0 -0 -1
-0 -0 -1
-0 -0 -1
-0 -0 -1
-0 -0 -1
-0 -0 -1
-0 -0 -1
-0 -0 -1
-0 -0 -1
-0 -0 -1
-0 -0 -1
-0 -0 -1
-0 -0 -1
-0 -0 -1
-0 -0 -1
-0 -0 -1
-0 -0 -1
-0 -0 -1
-0 -0 -1
-0 -0 -1
-0 -0 -1
-0 -0 -1
-0 -0 -1
-0 -0 -1
-0 -0 -1
-0 -0 -1
-0 -0 -1
-0 -0 -1
-0 -0 -1
-0 -0 -1
-0 -0 -1
-0 -0 -1
-0 -0 -1
-0 -0 -1
-0 -0 -1
-0 -0 -1
-0 -0 -1
-0 -0 -1
-0 -0 -1
-0 -0 -1
-0 -0 -1
-0 -0 -1
-0 -0 -1
-0 -0 -1
-0 -0 -1
-0 -0 -1
-0 -0 -1
-0 -0 -1
-0 -0 -1
-0 -0 -1
-0 -0 -1
-0 -0 -1
-0 -0 -1
-0 -0 -1
-0 -0 -1
-0 -0 -1
-0 -0 -1
-0 -0 -1
-0 -0 -1
-0 -0 -1
-0 -0 -1
-0 -0 -1
-0 -0 -1
-0 -0 -1
-0 -0 -1
-0 -0 -1
-0 -0 -1
-0 -0 -1
"></Normal>
     </IndexedTriangleSet>
    </Shape>
    <Shape DEF="face147">
     <Appearance><Material DEF="matface147" diffuseColor="0.000000 1.000000 0.000000" shininess="0.9" specularColor="0.2 0.2 0.2" transparency="0"></Material></Appearance>
     <IndexedTriangleSet DEF="setface147" index="
1 0 2 1 2 3 
">
      <Coordinate point="
125 125 30
125 25 30
125 125 20
125 25 20
"></Coordinate>
      <Normal vector="
-1 -0 0
-1 -0 0
-1 -0 0
-1 -0 0
"></Normal>
     </IndexedTriangleSet>
    </Shape>
    <Shape DEF="face148">
     <Appearance><Material DEF="matface148" diffuseColor="0.000000 1.000000 0.000000" shininess="0.9" specularColor="0.2 0.2 0.2" transparency="0"></Material></Appearance>
     <IndexedTriangleSet DEF="setface148" index="
158 159 1 160 1 159 157 158 1 161 1 160 156 157 1 162 1 161 155 156 1 163 1 162 154 155 1 164 1 163 165 1 164 153 154 1 152 153 1 50 51 1 52 1 51 49 50 1 49 165 112 49 1 165 53 3 1 53 1 52 48 112 113 48 49 112 54 3 53 47 113 114 47 48 113 55 3 54 46 114 115 46 47 114 56 3 55 57 3 56 45 115 116 45 46 115 4 3 57 44 116 117 44 45 116 5 3 4 43 117 118 43 44 117 6 3 5 42 118 119 42 43 118 7 3 6 41 119 120 41 42 119 8 3 7 40 120 121 40 41 120 9 3 8 39 40 121 39 121 122 10 3 9 38 39 122 38 122 123 11 3 10 37 38 123 37 123 124 12 3 11 36 124 125 36 37 124 13 3 12 35 36 125 14 3 13 15 3 14 105 127 128 104 128 129 104 105 128 106 126 127 106 127 105 103 129 130 103 104 129 107 35 125 107 125 126 107 126 106 102 130 131 102 103 130 108 34 35 108 35 107 101 131 132 101 102 131 109 33 34 109 34 108 100 132 133 100 101 132 110 32 33 110 33 109 111 31 32 111 32 110 99 133 134 99 100 133 58 31 111 58 30 31 98 134 135 98 99 134 59 30 58 59 29 30 97 135 136 97 98 135 60 29 59 60 28 29 96 136 137 96 97 136 61 27 28 61 28 60 95 96 137 95 137 138 62 27 61 62 26 27 94 95 138 94 138 139 63 25 26 63 26 62 93 94 139 64 25 63 64 24 25 65 24 64 65 23 24 66 22 23 66 23 65 67 21 22 67 22 66 68 21 67 68 20 21 69 19 20 69 20 68 0 152 1 0 93 139 0 139 140 0 140 141 0 141 142 0 142 143 0 143 144 0 144 145 0 145 146 0 146 147 0 147 148 0 148 149 0 149 150 0 150 151 0 151 152 0 89 90 0 90 91 0 91 92 0 92 93 2 89 0 2 73 74 2 74 75 2 75 76 2 76 77 2 77 78 2 78 79 2 79 80 2 80 81 2 81 82 2 82 83 2 83 84 2 84 85 2 85 86 2 86 87 2 87 88 2 88 89 2 3 17 17 3 16 16 3 15 2 17 18 2 18 19 2 19 71 71 19 70 70 19 69 2 71 72 2 72 73 
">
      <Coordinate point="
165 125 30
165 25 30
125 125 30
125 25 30
132.5 57.0096 30
131.899 57.0459 30
131.305 57.1545 30
130.737 57.3308 30
130.197 57.5717 30
129.691 57.8731 30
129.227 58.2301 30
128.809 58.6372 30
128.442 59.0882 30
128.132 59.5768 30
127.881 60.096 30
127.692 60.6388 30
127.566 61.1978 30
127.506 61.7655 30
127.511 62.3346 30
127.591 62.9593 30
127.749 63.5666 30
127.98 64.1472 30
128.281 64.6921 30
128.645 65.1936 30
129.067 65.6443 30
129.538 66.0381 30
130.052 66.3696 30
130.6 66.6347 30
131.173 66.8304 30
131.763 66.955 30
132.143 66.9969 30
132.5 67.0096 30
133.101 66.9733 30
133.695 66.8647 30
134.263 66.6885 30
134.803 66.4475 30
135.309 66.1461 30
135.773 65.7891 30
136.191 65.3821 30
136.558 64.931 30
136.868 64.4425 30
137.119 63.9232 30
137.308 63.3804 30
137.434 62.8214 30
137.494 62.2537 30
137.489 61.6846 30
137.409 61.0599 30
137.251 60.4526 30
137.02 59.8721 30
136.719 59.3271 30
136.355 58.8256 30
135.933 58.3749 30
135.462 57.9812 30
134.948 57.6497 30
134.4 57.3845 30
133.827 57.1888 30
133.237 57.0643 30
132.857 57.0224 30
132.5 82.9904 30
131.899 83.0267 30
131.305 83.1353 30
130.737 83.3115 30
130.197 83.5525 30
129.691 83.8539 30
129.227 84.2109 30
128.809 84.6179 30
128.442 85.069 30
128.132 85.5575 30
127.881 86.0768 30
127.692 86.6196 30
127.566 87.1786 30
127.506 87.7463 30
127.511 88.3154 30
127.591 88.9401 30
127.749 89.5474 30
127.98 90.1279 30
128.281 90.6729 30
128.645 91.1744 30
129.067 91.6251 30
129.538 92.0188 30
130.052 92.3503 30
130.6 92.6155 30
131.173 92.8112 30
131.763 92.9357 30
132.143 92.9776 30
132.5 92.9904 30
133.101 92.9541 30
133.695 92.8455 30
134.263 92.6692 30
134.803 92.4283 30
135.309 92.1269 30
135.773 91.7699 30
136.191 91.3628 30
136.558 90.9118 30
136.868 90.4232 30
137.119 89.904 30
137.308 89.3612 30
137.434 88.8022 30
137.494 88.2345 30
137.489 87.6654 30
137.409 87.0407 30
137.251 86.4334 30
137.02 85.8528 30
136.719 85.3079 30
136.355 84.8064 30
135.933 84.3557 30
135.462 83.9619 30
134.948 83.6304 30
134.4 83.3653 30
133.827 83.1696 30
133.237 83.045 30
132.857 83.0031 30
155 70 30
154.399 70.0363 30
153.805 70.1449 30
153.237 70.3212 30
152.697 70.5621 30
152.191 70.8635 30
151.727 71.2205 30
151.309 71.6275 30
150.942 72.0786 30
150.632 72.5672 30
150.381 73.0864 30
150.192 73.6292 30
150.066 74.1882 30
150.006 74.7559 30
150.011 75.325 30
150.091 75.9497 30
150.249 76.557 30
150.48 77.1375 30
150.781 77.6825 30
151.145 78.184 30
151.567 78.6347 30
152.038 79.0284 30
152.552 79.36 30
153.1 79.6251 30
153.673 79.8208 30
154.263 79.9453 30
154.643 79.9872 30
155 80 30
155.601 79.9637 30
156.195 79.8551 30
156.763 79.6788 30
157.303 79.4379 30
157.809 79.1365 30
158.273 78.7795 30
158.691 78.3725 30
159.058 77.9214 30
159.368 77.4328 30
159.619 76.9136 30
159.808 76.3708 30
159.934 75.8118 30
159.994 75.2441 30
159.989 74.675 30
159.909 74.0503 30
159.751 73.443 30
159.52 72.8625 30
159.219 72.3175 30
158.855 71.816 30
158.433 71.3653 30
157.962 70.9716 30
157.448 70.64 30
156.9 70.3749 30
156.327 70.1792 30
155.737 70.0547 30
155.357 70.0128 30
"></Coordinate>
      <Normal vector="
0 -0 1
0 -0 1
0 -0 1
0 -0 1
0 -0 1
0 -0 1
0 -0 1
0 -0 1
0 -0 1
0 -0 1
0 -0 1
0 -0 1
0 -0 1
0 -0 1
0 -0 1
0 -0 1
0 -0 1
0 -0 1
0 -0 1
0 -0 1
0 -0 1
0 -0 1
0 -0 1
0 -0 1
0 -0 1
0 -0 1
0 -0 1
0 -0 1
0 -0 1
0 -0 1
0 -0 1
0 -0 1
0 -0 1
0 -0 1
0 -0 1
0 -0 1
0 -0 1
0 -0 1
0 -0 1
0 -0 1
0 -0 1
0 -0 1
0 -0 1
0 -0 1
0 -0 1
0 -0 1
0 -0 1
0 -0 1
0 -0 1
0 -0 1
0 -0 1
0 -0 1
0 -0 1
0 -0 1
0 -0 1
0 -0 1
0 -0 1
0 -0 1
0 -0 1
0 -0 1
0 -0 1
0 -0 1
0 -0 1
0 -0 1
0 -0 1
0 -0 1
0 -0 1
0 -0 1
0 -0 1
0 -0 1
0 -0 1
0 -0 1
0 -0 1
0 -0 1
0 -0 1
0 -0 1
0 -0 1
0 -0 1
0 -0 1
0 -0 1
0 -0 1
0 -0 1
0 -0 1
0 -0 1
0 -0 1
0 -0 1
0 -0 1
0 -0 1
0 -0 1
0 -0 1
0 -0 1
0 -0 1
0 -0 1
0 -0 1
0 -0 1
0 -0 1
0 -0 1
0 -0 1
0 -0 1
0 -0 1
0 -0 1
0 -0 1
0 -0 1
0 -0 1
0 -0 1
0 -0 1
0 -0 1
0 -0 1
0 -0 1
0 -0 1
0 -0 1
0 -0 1
0 -0 1
0 -0 1
0 -0 1
0 -0 1
0 -0 1
0 -0 1
0 -0 1
0 -0 1
0 -0 1
0 -0 1
0 -0 1
0 -0 1
0 -0 1
0 -0 1
0 -0 1
0 -0 1
0 -0 1
0 -0 1
0 -0 1
0 -0 1
0 -0 1
0 -0 1
0 -0 1
0 -0 1
0 -0 1
0 -0 1
0 -0 1
0 -0 1
0 -0 1
0 -0 1
0 -0 1
0 -0 1
0 -0 1
0 -0 1
0 -0 1
0 -0 1
0 -0 1
0 -0 1
0 -0 1
0 -0 1
0 -0 1
0 -0 1
0 -0 1
0 -0 1
0 -0 1
0 -0 1
0 -0 1
0 -0 1
0 -0 1
0 -0 1
0 -0 1
0 -0 1
0 -0 1
0 -0 1
"></Normal>
     </IndexedTriangleSet>
    </Shape>
    <Shape DEF="face149">
     <Appearance><Material DEF="matface149" diffuseColor="0.000000 1.000000 0.000000" shininess="0.9" specularColor="0.2 0.2 0.2" transparency="0"></Material></Appearance>
     <IndexedTriangleSet DEF="setface149" index="
50 51 2 52 2 51 49 50 2 53 2 52 48 49 2 54 2 53 47 48 2 55 2 54 46 47 2 56 0 2 56 2 55 57 0 56 45 46 2 4 0 57 44 45 2 5 0 4 6 0 5 7 0 6 8 0 7 9 0 8 10 0 9 11 0 10 12 0 11 13 0 12 14 0 13 15 0 14 16 0 15 3 32 33 3 33 34 3 34 35 3 35 36 3 36 37 3 37 38 3 38 39 3 39 40 3 40 41 3 41 42 3 42 43 3 43 44 3 44 2 1 19 20 1 20 21 1 21 22 1 22 23 1 23 24 1 24 25 1 25 26 1 32 3 1 26 27 1 27 28 1 28 29 1 29 30 1 30 31 1 31 32 1 0 17 17 0 16 1 17 18 1 18 19 
">
      <Coordinate point="
165 125 80
165 25 80
165 125 30
165 25 30
165 80 60
165 79.9637 60.6014
165 79.8551 61.1951
165 79.6788 61.7631
165 79.4379 62.3033
165 79.1365 62.8088
165 78.7795 63.2734
165 78.3725 63.6914
165 77.9214 64.0577
165 77.4328 64.3682
165 76.9136 64.6193
165 76.3708 64.8084
165 75.8118 64.9337
165 75.2441 64.994
165 74.675 64.9894
165 74.0503 64.909
165 73.443 64.7514
165 72.8625 64.5201
165 72.3175 64.2195
165 71.816 63.8552
165 71.3653 63.4335
165 70.9716 62.9617
165 70.64 62.4476
165 70.3749 61.8996
165 70.1792 61.3265
165 70.0547 60.7373
165 70.0128 60.357
165 70 60
165 70.0363 59.3986
165 70.1449 58.8049
165 70.3212 58.2369
165 70.5621 57.6967
165 70.8635 57.1912
165 71.2205 56.7266
165 71.6275 56.3086
165 72.0786 55.9423
165 72.5672 55.6318
165 73.0864 55.3807
165 73.6292 55.1916
165 74.1882 55.0663
165 74.7559 55.006
165 75.325 55.0106
165 75.9497 55.091
165 76.557 55.2486
165 77.1375 55.4799
165 77.6825 55.7805
165 78.184 56.1448
165 78.6347 56.5665
165 79.0284 57.0383
165 79.36 57.5524
165 79.6251 58.1004
165 79.8208 58.6735
165 79.9453 59.2627
165 79.9872 59.643
"></Coordinate>
      <Normal vector="
-1 -0 0
-1 -0 0
-1 -0 0
-1 -0 0
-1 -0 0
-1 -0 0
-1 -0 0
-1 -0 0
-1 -0 0
-1 -0 0
-1 -0 0
-1 -0 0
-1 -0 0
-1 -0 0
-1 -0 0
-1 -0 0
-1 -0 0
-1 -0 0
-1 -0 0
-1 -0 0
-1 -0 0
-1 -0 0
-1 -0 0
-1 -0 0
-1 -0 0
-1 -0 0
-1 -0 0
-1 -0 0
-1 -0 0
-1 -0 0
-1 -0 0
-1 -0 0
-1 -0 0
-1 -0 0
-1 -0 0
-1 -0 0
-1 -0 0
-1 -0 0
-1 -0 0
-1 -0 0
-1 -0 0
-1 -0 0
-1 -0 0
-1 -0 0
-1 -0 0
-1 -0 0
-1 -0 0
-1 -0 0
-1 -0 0
-1 -0 0
-1 -0 0
-1 -0 0
-1 -0 0
-1 -0 0
-1 -0 0
-1 -0 0
-1 -0 0
-1 -0 0
"></Normal>
     </IndexedTriangleSet>
    </Shape>
    <Shape DEF="face150">
     <Appearance><Material DEF="matface150" diffuseColor="0.000000 1.000000 0.000000" shininess="0.9" specularColor="0.2 0.2 0.2" transparency="0"></Material></Appearance>
     <IndexedTriangleSet DEF="setface150" index="
0 2 3 0 3 1 
">
      <Coordinate point="
165 125 80
175 125 80
165 25 80
175 25 80
"></Coordinate>
      <Normal vector="
0 -0 1
0 -0 1
0 -0 1
0 -0 1
"></Normal>
     </IndexedTriangleSet>
    </Shape>
    <Shape DEF="face151">
     <Appearance><Material DEF="matface151" diffuseColor="0.000000 1.000000 0.000000" shininess="0.9" specularColor="0.2 0.2 0.2" transparency="0"></Material></Appearance>
     <IndexedTriangleSet DEF="setface151" index="
2 4 1 0 1 4 3 4 2 5 0 4 
">
      <Coordinate point="
175 125 80
175 125 20
125 125 20
125 125 30
165 125 30
165 125 80
"></Coordinate>
      <Normal vector="
0 1 -0
0 1 -0
0 1 -0
0 1 -0
0 1 -0
0 1 -0
"></Normal>
     </IndexedTriangleSet>
    </Shape>
    <Shape DEF="face152">
     <Appearance><Material DEF="matface152" diffuseColor="0.000000 1.000000 0.000000" shininess="0.9" specularColor="0.2 0.2 0.2" transparency="0"></Material></Appearance>
     <IndexedTriangleSet DEF="setface152" index="
3 4 5 3 5 1 0 2 3 0 3 1 
">
      <Coordinate point="
175 25 80
175 25 20
165 25 80
165 25 30
125 25 30
125 25 20
"></Coordinate>
      <Normal vector="
0 -1 0
0 -1 0
0 -1 0
0 -1 0
0 -1 0
0 -1 0
"></Normal>
     </IndexedTriangleSet>
    </Shape>
    <Shape DEF="face153">
     <Appearance><Material DEF="matface153" diffuseColor="0.000000 1.000000 0.000000" shininess="0.9" specularColor="0.2 0.2 0.2" transparency="0"></Material></Appearance>
     <IndexedTriangleSet DEF="setface153" index="
107 1 0 107 0 54 106 2 1 106 1 107 105 3 2 105 2 106 104 4 3 104 3 105 103 5 4 103 4 104 102 6 5 102 5 103 101 7 6 101 6 102 100 8 7 100 7 101 99 9 8 99 8 100 98 9 99 98 10 9 97 11 10 97 10 98 96 12 11 96 13 12 96 11 97 95 14 13 95 13 96 94 15 14 94 14 95 93 16 15 93 15 94 92 17 16 92 16 93 91 17 92 91 18 17 90 19 18 90 18 91 89 19 90 89 20 19 88 21 20 88 20 89 87 22 21 87 21 88 86 23 22 86 22 87 85 24 23 85 25 24 85 23 86 84 26 25 84 25 85 83 27 26 83 26 84 82 28 27 82 27 83 81 29 28 81 28 82 80 30 29 80 29 81 79 30 80 78 31 30 78 30 79 77 32 31 77 31 78 76 33 32 76 32 77 75 34 33 75 33 76 74 35 34 74 34 75 73 36 35 73 35 74 72 37 36 72 36 73 71 38 37 71 37 72 70 39 38 70 38 71 69 40 39 69 39 70 68 41 40 68 40 69 67 41 68 66 42 41 66 41 67 65 42 66 65 43 42 64 44 43 64 43 65 63 44 64 63 45 44 62 46 45 62 45 63 61 46 62 61 47 46 60 48 47 60 47 61 59 48 60 59 49 48 58 50 49 58 49 59 57 50 58 57 51 50 56 52 51 56 51 57 55 52 56 55 53 52 
">
      <Coordinate point="
165 70 60
165 70.0086 59.7073
165 70.0363 59.3986
165 70.0798 59.11
165 70.14 58.8249
165 70.2166 58.5442
165 70.3093 58.2687
165 70.4177 57.9995
165 70.5413 57.7373
165 70.6797 57.483
165 70.8325 57.2374
165 70.999 57.0013
165 71.1787 56.7755
165 71.3709 56.5606
165 71.5749 56.3573
165 71.7902 56.1663
165 72.0158 55.9882
165 72.251 55.8235
165 72.4951 55.6727
165 72.7473 55.5362
165 73.0066 55.4146
165 73.2722 55.308
165 73.5432 55.2169
165 73.8188 55.1415
165 74.098 55.082
165 74.3799 55.0386
165 74.6636 55.0113
165 74.9481 55.0003
165 75.2642 55.007
165 75.5788 55.0336
165 75.8909 55.08
165 76.1991 55.1459
165 76.5023 55.231
165 76.7991 55.3349
165 77.0886 55.4571
165 77.3696 55.5971
165 77.6409 55.7543
165 77.9016 55.928
165 78.1506 56.1175
165 78.387 56.3219
165 78.61 56.5405
165 78.8186 56.7723
165 79.0122 57.0163
165 79.19 57.2717
165 79.3514 57.5372
165 79.4958 57.8119
165 79.6227 58.0947
165 79.7318 58.3844
165 79.8226 58.6798
165 79.8948 58.9799
165 79.9484 59.2833
165 79.9831 59.589
165 79.9959 59.7984
165 80 60
175 70 60
175 80 60
175 79.9914 59.7073
175 79.9637 59.3986
175 79.9202 59.11
175 79.86 58.8249
175 79.7834 58.5442
175 79.6907 58.2687
175 79.5823 57.9995
175 79.4587 57.7373
175 79.3203 57.483
175 79.1675 57.2374
175 79.001 57.0013
175 78.8213 56.7755
175 78.6291 56.5606
175 78.4251 56.3573
175 78.2098 56.1663
175 77.9842 55.9882
175 77.749 55.8235
175 77.5049 55.6727
175 77.2527 55.5362
175 76.9934 55.4146
175 76.7278 55.308
175 76.4568 55.2169
175 76.1812 55.1415
175 75.902 55.082
175 75.6201 55.0386
175 75.3364 55.0113
175 75.0519 55.0003
175 74.7358 55.007
175 74.4212 55.0336
175 74.1091 55.08
175 73.8009 55.1459
175 73.4977 55.231
175 73.2009 55.3349
175 72.9114 55.4571
175 72.6304 55.5971
175 72.3591 55.7543
175 72.0984 55.928
175 71.8494 56.1175
175 71.613 56.3219
175 71.39 56.5405
175 71.1814 56.7723
175 70.9878 57.0163
175 70.81 57.2717
175 70.6486 57.5372
175 70.5042 57.8119
175 70.3773 58.0947
175 70.2682 58.3844
175 70.1774 58.6798
175 70.1052 58.9799
175 70.0516 59.2833
175 70.0169 59.589
175 70.0041 59.7984
"></Coordinate>
      <Normal vector="
-0 1 1.13687e-14
-0 0.998285 0.0585382
-0 0.992741 0.120275
-0 0.984032 0.177991
-0 0.971992 0.235016
-0 0.956673 0.291164
-0 0.938141 0.346253
-0 0.91647 0.400104
-0 0.891742 0.452544
-0 0.864052 0.503403
-0 0.8335 0.55252
-0 0.800197 0.599737
-0 0.764262 0.644905
-0 0.725822 0.687882
-0 0.685011 0.728533
-0 0.64197 0.76673
-0 0.596846 0.802356
-0 0.549794 0.8353
-0 0.500973 0.865463
-0 0.450548 0.892752
-0 0.398688 0.917087
-0 0.345565 0.938395
-0 0.291358 0.956614
-0 0.236243 0.971694
-0 0.180404 0.983593
-0 0.124024 0.992279
-0 0.067287 0.997734
-0 0.0103775 0.999946
0 -0.0528326 0.998603
0 -0.115769 0.993276
0 -0.178181 0.983998
0 -0.239823 0.970817
0 -0.300451 0.953797
0 -0.359829 0.933018
0 -0.417724 0.908574
0 -0.473913 0.880572
0 -0.528179 0.849133
0 -0.580313 0.814394
0 -0.630118 0.7765
0 -0.677404 0.735611
0 -0.721996 0.691897
0 -0.763726 0.64554
0 -0.802442 0.59673
0 -0.838003 0.545666
0 -0.870281 0.492556
0 -0.899163 0.437614
0 -0.924549 0.381062
0 -0.946356 0.323125
0 -0.964513 0.264035
0 -0.978966 0.204025
0 -0.989675 0.143331
0 -0.996616 0.0821929
0 -0.999187 0.0403195
0 -1 -2.84217e-15
-0 1 0
0 -1 -2.84217e-15
0 -0.998285 0.0585382
0 -0.992741 0.120275
0 -0.984032 0.177991
0 -0.971992 0.235016
0 -0.956673 0.291164
0 -0.938141 0.346253
0 -0.91647 0.400104
0 -0.891742 0.452544
0 -0.864052 0.503403
0 -0.8335 0.55252
0 -0.800197 0.599737
0 -0.764262 0.644905
0 -0.725822 0.687882
0 -0.685011 0.728533
0 -0.64197 0.76673
0 -0.596846 0.802356
0 -0.549794 0.8353
0 -0.500973 0.865463
0 -0.450548 0.892752
0 -0.398688 0.917087
0 -0.345565 0.938395
0 -0.291358 0.956614
0 -0.236243 0.971694
0 -0.180404 0.983593
0 -0.124024 0.992279
0 -0.067287 0.997734
0 -0.0103775 0.999946
-0 0.0528326 0.998603
-0 0.115769 0.993276
-0 0.178181 0.983998
-0 0.239823 0.970817
-0 0.300451 0.953797
-0 0.359829 0.933018
-0 0.417724 0.908574
-0 0.473913 0.880572
-0 0.528179 0.849133
-0 0.580313 0.814394
-0 0.630118 0.7765
-0 0.677404 0.735611
-0 0.721996 0.691897
-0 0.763726 0.64554
-0 0.802442 0.59673
-0 0.838003 0.545666
-0 0.870281 0.492556
-0 0.899163 0.437614
-0 0.924549 0.381062
-0 0.946356 0.323125
-0 0.964513 0.264035
-0 0.978966 0.204025
-0 0.989675 0.143331
-0 0.996616 0.0821929
-0 0.999187 0.0403195
"></Normal>
     </IndexedTriangleSet>
    </Shape>
    <Shape DEF="face154">
     <Appearance><Material DEF="matface154" diffuseColor="0.000000 1.000000 0.000000" shininess="0.9" specularColor="0.2 0.2 0.2" transparency="0"></Material></Appearance>
     <IndexedTriangleSet DEF="setface154" index="
107 1 0 107 0 54 106 2 1 106 1 107 105 3 2 105 2 106 104 4 3 104 3 105 103 5 4 103 4 104 102 6 5 102 5 103 101 7 6 101 6 102 100 8 7 100 7 101 99 9 8 99 8 100 98 9 99 98 10 9 97 11 10 97 10 98 96 12 11 96 13 12 96 11 97 95 14 13 95 13 96 94 15 14 94 14 95 93 16 15 93 15 94 92 17 16 92 16 93 91 17 92 91 18 17 90 19 18 90 18 91 89 19 90 89 20 19 88 21 20 88 20 89 87 22 21 87 21 88 86 23 22 86 22 87 85 24 23 85 25 24 85 23 86 84 26 25 84 25 85 83 27 26 83 26 84 82 28 27 82 27 83 81 29 28 81 28 82 80 30 29 80 29 81 79 30 80 78 31 30 78 30 79 77 32 31 77 31 78 76 33 32 76 32 77 75 34 33 75 33 76 74 35 34 74 34 75 73 36 35 73 35 74 72 37 36 72 36 73 71 38 37 71 37 72 70 39 38 70 38 71 69 40 39 69 39 70 68 41 40 68 40 69 67 41 68 66 41 67 66 42 41 65 43 42 65 42 66 64 43 65 64 44 43 63 45 44 63 44 64 62 45 63 62 46 45 61 47 46 61 46 62 60 47 61 60 48 47 59 49 48 59 48 60 58 49 59 58 50 49 57 51 50 57 50 58 56 51 57 56 52 51 55 52 56 55 53 52 
">
      <Coordinate point="
155 80 30
155.293 79.9914 30
155.601 79.9637 30
155.89 79.9202 30
156.175 79.86 30
156.456 79.7834 30
156.731 79.6907 30
157.001 79.5823 30
157.263 79.4587 30
157.517 79.3203 30
157.763 79.1675 30
157.999 79.001 30
158.225 78.8213 30
158.439 78.6291 30
158.643 78.4251 30
158.834 78.2098 30
159.012 77.9842 30
159.177 77.749 30
159.327 77.5049 30
159.464 77.2527 30
159.585 76.9934 30
159.692 76.7278 30
159.783 76.4568 30
159.858 76.1812 30
159.918 75.902 30
159.961 75.6201 30
159.989 75.3364 30
160 75.0519 30
159.993 74.7358 30
159.966 74.4212 30
159.92 74.1091 30
159.854 73.8009 30
159.769 73.4977 30
159.665 73.2009 30
159.543 72.9114 30
159.403 72.6304 30
159.246 72.3591 30
159.072 72.0984 30
158.882 71.8494 30
158.678 71.613 30
158.459 71.39 30
158.228 71.1814 30
157.984 70.9878 30
157.728 70.81 30
157.463 70.6486 30
157.188 70.5042 30
156.905 70.3773 30
156.616 70.2682 30
156.32 70.1774 30
156.02 70.1052 30
155.717 70.0516 30
155.411 70.0169 30
155.202 70.0041 30
155 70 30
155 80 20
155 70 20
155.293 70.0086 20
155.601 70.0363 20
155.89 70.0798 20
156.175 70.14 20
156.456 70.2166 20
156.731 70.3093 20
157.001 70.4177 20
157.263 70.5413 20
157.517 70.6797 20
157.763 70.8325 20
157.999 70.999 20
158.225 71.1787 20
158.439 71.3709 20
158.643 71.5749 20
158.834 71.7902 20
159.012 72.0158 20
159.177 72.251 20
159.327 72.4951 20
159.464 72.7473 20
159.585 73.0066 20
159.692 73.2722 20
159.783 73.5432 20
159.858 73.8188 20
159.918 74.098 20
159.961 74.3799 20
159.989 74.6636 20
160 74.9481 20
159.993 75.2642 20
159.966 75.5788 20
159.92 75.8909 20
159.854 76.1991 20
159.769 76.5023 20
159.665 76.7991 20
159.543 77.0886 20
159.403 77.3696 20
159.246 77.6409 20
159.072 77.9016 20
158.882 78.1506 20
158.678 78.387 20
158.459 78.61 20
158.228 78.8186 20
157.984 79.0122 20
157.728 79.19 20
157.463 79.3514 20
157.188 79.4958 20
156.905 79.6227 20
156.616 79.7318 20
156.32 79.8226 20
156.02 79.8948 20
155.717 79.9484 20
155.411 79.9831 20
155.202 79.9959 20
"></Coordinate>
      <Normal vector="
5.68434e-15 -1 0
-0.0585382 -0.998285 -0
-0.120275 -0.992741 -0
-0.177991 -0.984032 -0
-0.235016 -0.971992 -0
-0.291164 -0.956673 -0
-0.346253 -0.938141 -0
-0.400104 -0.91647 -0
-0.452544 -0.891742 -0
-0.503403 -0.864052 -0
-0.55252 -0.8335 -0
-0.599737 -0.800197 -0
-0.644905 -0.764262 -0
-0.687882 -0.725822 -0
-0.728533 -0.685011 -0
-0.76673 -0.64197 -0
-0.802356 -0.596846 -0
-0.8353 -0.549794 -0
-0.865463 -0.500973 -0
-0.892752 -0.450548 -0
-0.917087 -0.398688 -0
-0.938395 -0.345565 -0
-0.956614 -0.291358 -0
-0.971694 -0.236243 -0
-0.983593 -0.180404 -0
-0.992279 -0.124024 -0
-0.997734 -0.067287 -0
-0.999946 -0.0103775 -0
-0.998603 0.0528326 0
-0.993276 0.115769 0
-0.983998 0.178181 0
-0.970817 0.239823 0
-0.953797 0.300451 0
-0.933018 0.359829 0
-0.908574 0.417724 0
-0.880572 0.473913 0
-0.849133 0.528179 0
-0.814394 0.580313 0
-0.7765 0.630118 0
-0.735611 0.677404 0
-0.691897 0.721996 0
-0.64554 0.763726 0
-0.59673 0.802442 0
-0.545666 0.838003 0
-0.492556 0.870281 0
-0.437614 0.899163 0
-0.381062 0.924549 0
-0.323125 0.946356 0
-0.264035 0.964513 0
-0.204025 0.978966 0
-0.143331 0.989675 0
-0.0821929 0.996616 0
-0.0403195 0.999187 0
-2.84217e-15 1 0
5.68434e-15 -1 0
0 1 0
-0.0585382 0.998285 0
-0.120275 0.992741 0
-0.177991 0.984032 0
-0.235016 0.971992 0
-0.291164 0.956673 0
-0.346253 0.938141 0
-0.400104 0.91647 0
-0.452544 0.891742 0
-0.503403 0.864052 0
-0.55252 0.8335 0
-0.599737 0.800197 0
-0.644905 0.764262 0
-0.687882 0.725822 0
-0.728533 0.685011 0
-0.76673 0.64197 0
-0.802356 0.596846 0
-0.8353 0.549794 0
-0.865463 0.500973 0
-0.892752 0.450548 0
-0.917087 0.398688 0
-0.938395 0.345565 0
-0.956614 0.291358 0
-0.971694 0.236243 0
-0.983593 0.180404 0
-0.992279 0.124024 0
-0.997734 0.067287 0
-0.999946 0.0103775 0
-0.998603 -0.0528326 -0
-0.993276 -0.115769 -0
-0.983998 -0.178181 -0
-0.970817 -0.239823 -0
-0.953797 -0.300451 -0
-0.933018 -0.359829 -0
-0.908574 -0.417724 -0
-0.880572 -0.473913 -0
-0.849133 -0.528179 -0
-0.814394 -0.580313 -0
-0.7765 -0.630118 -0
-0.735611 -0.677404 -0
-0.691897 -0.721996 -0
-0.64554 -0.763726 -0
-0.59673 -0.802442 -0
-0.545666 -0.838003 -0
-0.492556 -0.870281 -0
-0.437614 -0.899163 -0
-0.381062 -0.924549 -0
-0.323125 -0.946356 -0
-0.264035 -0.964513 -0
-0.204025 -0.978966 -0
-0.143331 -0.989675 -0
-0.0821929 -0.996616 -0
-0.0403195 -0.999187 -0
"></Normal>
     </IndexedTriangleSet>
    </Shape>
    <Shape DEF="face155">
     <Appearance><Material DEF="matface155" diffuseColor="0.000000 1.000000 0.000000" shininess="0.9" specularColor="0.2 0.2 0.2" transparency="0"></Material></Appearance>
     <IndexedTriangleSet DEF="setface155" index="
107 1 0 107 0 54 106 2 1 106 1 107 105 3 2 105 2 106 104 4 3 104 3 105 103 5 4 103 4 104 102 6 5 102 5 103 101 7 6 101 6 102 100 8 7 100 7 101 99 9 8 99 8 100 98 9 99 98 10 9 97 11 10 97 10 98 96 12 11 96 13 12 96 11 97 95 14 13 95 13 96 94 15 14 94 14 95 93 16 15 93 15 94 92 17 16 92 16 93 91 17 92 91 18 17 90 19 18 90 18 91 89 19 90 89 20 19 88 21 20 88 20 89 87 22 21 87 21 88 86 23 22 86 22 87 85 24 23 85 25 24 85 23 86 84 26 25 84 25 85 83 27 26 83 26 84 82 28 27 82 27 83 81 29 28 81 28 82 80 30 29 80 29 81 79 30 80 78 31 30 78 30 79 77 32 31 77 31 78 76 33 32 76 32 77 75 34 33 75 33 76 74 35 34 74 34 75 73 36 35 73 35 74 72 37 36 72 36 73 71 38 37 71 37 72 70 39 38 70 38 71 69 40 39 69 39 70 68 41 40 68 40 69 67 41 68 66 41 67 66 42 41 65 43 42 65 42 66 64 43 65 64 44 43 63 45 44 63 44 64 62 45 63 62 46 45 61 47 46 61 46 62 60 47 61 60 48 47 59 49 48 59 48 60 58 49 59 58 50 49 57 51 50 57 50 58 56 51 57 56 52 51 55 52 56 55 53 52 
">
      <Coordinate point="
132.5 92.9904 30
132.793 92.9818 30
133.101 92.9541 30
133.39 92.9105 30
133.675 92.8503 30
133.956 92.7737 30
134.231 92.6811 30
134.501 92.5727 30
134.763 92.4491 30
135.017 92.3106 30
135.263 92.1579 30
135.499 91.9914 30
135.725 91.8117 30
135.939 91.6195 30
136.143 91.4154 30
136.334 91.2002 30
136.512 90.9746 30
136.677 90.7394 30
136.827 90.4952 30
136.964 90.2431 30
137.085 89.9838 30
137.192 89.7182 30
137.283 89.4472 30
137.358 89.1716 30
137.418 88.8924 30
137.461 88.6105 30
137.489 88.3268 30
137.5 88.0423 30
137.493 87.7262 30
137.466 87.4115 30
137.42 87.0995 30
137.354 86.7913 30
137.269 86.4881 30
137.165 86.1912 30
137.043 85.9018 30
136.903 85.6208 30
136.746 85.3495 30
136.572 85.0888 30
136.382 84.8398 30
136.178 84.6034 30
135.959 84.3804 30
135.728 84.1718 30
135.484 83.9782 30
135.228 83.8004 30
134.963 83.639 30
134.688 83.4946 30
134.405 83.3676 30
134.116 83.2586 30
133.82 83.1678 30
133.52 83.0956 30
133.217 83.042 30
132.911 83.0073 30
132.702 82.9944 30
132.5 82.9904 30
132.5 92.9904 20
132.5 82.9904 20
132.793 82.999 20
133.101 83.0267 20
133.39 83.0702 20
133.675 83.1304 20
133.956 83.207 20
134.231 83.2997 20
134.501 83.408 20
134.763 83.5317 20
135.017 83.6701 20
135.263 83.8229 20
135.499 83.9894 20
135.725 84.1691 20
135.939 84.3613 20
136.143 84.5653 20
136.334 84.7805 20
136.512 85.0062 20
136.677 85.2414 20
136.827 85.4855 20
136.964 85.7376 20
137.085 85.9969 20
137.192 86.2626 20
137.283 86.5336 20
137.358 86.8092 20
137.418 87.0884 20
137.461 87.3703 20
137.489 87.6539 20
137.5 87.9385 20
137.493 88.2545 20
137.466 88.5692 20
137.42 88.8813 20
137.354 89.1895 20
137.269 89.4926 20
137.165 89.7895 20
137.043 90.079 20
136.903 90.3599 20
136.746 90.6313 20
136.572 90.8919 20
136.382 91.141 20
136.178 91.3774 20
135.959 91.6004 20
135.728 91.809 20
135.484 92.0026 20
135.228 92.1804 20
134.963 92.3418 20
134.688 92.4862 20
134.405 92.6131 20
134.116 92.7222 20
133.82 92.8129 20
133.52 92.8852 20
133.217 92.9388 20
132.911 92.9735 20
132.702 92.9863 20
"></Coordinate>
      <Normal vector="
0 -1 0
-0.0585382 -0.998285 -0
-0.120275 -0.992741 -0
-0.177991 -0.984032 -0
-0.235016 -0.971992 -0
-0.291164 -0.956673 -0
-0.346253 -0.938141 -0
-0.400104 -0.91647 -0
-0.452544 -0.891742 -0
-0.503403 -0.864052 -0
-0.55252 -0.8335 -0
-0.599737 -0.800197 -0
-0.644905 -0.764262 -0
-0.687882 -0.725822 -0
-0.728533 -0.685011 -0
-0.76673 -0.64197 -0
-0.802356 -0.596846 -0
-0.8353 -0.549794 -0
-0.865463 -0.500973 -0
-0.892752 -0.450548 -0
-0.917087 -0.398688 -0
-0.938395 -0.345565 -0
-0.956614 -0.291358 -0
-0.971694 -0.236243 -0
-0.983593 -0.180404 -0
-0.992279 -0.124024 -0
-0.997734 -0.067287 -0
-0.999946 -0.0103775 -0
-0.998603 0.0528326 0
-0.993276 0.115769 0
-0.983998 0.178181 0
-0.970817 0.239823 0
-0.953797 0.300451 0
-0.933018 0.359829 0
-0.908574 0.417724 0
-0.880572 0.473913 0
-0.849133 0.528179 0
-0.814394 0.580313 0
-0.7765 0.630118 0
-0.735611 0.677404 0
-0.691897 0.721996 0
-0.64554 0.763726 0
-0.59673 0.802442 0
-0.545666 0.838003 0
-0.492556 0.870281 0
-0.437614 0.899163 0
-0.381062 0.924549 0
-0.323125 0.946356 0
-0.264035 0.964513 0
-0.204025 0.978966 0
-0.143331 0.989675 0
-0.0821929 0.996616 0
-0.0403195 0.999187 0
-2.84217e-15 1 0
5.68434e-15 -1 0
-2.84217e-15 1 0
-0.0585382 0.998285 0
-0.120275 0.992741 0
-0.177991 0.984032 0
-0.235016 0.971992 0
-0.291164 0.956673 0
-0.346253 0.938141 0
-0.400104 0.91647 0
-0.452544 0.891742 0
-0.503403 0.864052 0
-0.55252 0.8335 0
-0.599737 0.800197 0
-0.644905 0.764262 0
-0.687882 0.725822 0
-0.728533 0.685011 0
-0.76673 0.64197 0
-0.802356 0.596846 0
-0.8353 0.549794 0
-0.865463 0.500973 0
-0.892752 0.450548 0
-0.917087 0.398688 0
-0.938395 0.345565 0
-0.956614 0.291358 0
-0.971694 0.236243 0
-0.983593 0.180404 0
-0.992279 0.124024 0
-0.997734 0.067287 0
-0.999946 0.0103775 0
-0.998603 -0.0528326 -0
-0.993276 -0.115769 -0
-0.983998 -0.178181 -0
-0.970817 -0.239823 -0
-0.953797 -0.300451 -0
-0.933018 -0.359829 -0
-0.908574 -0.417724 -0
-0.880572 -0.473913 -0
-0.849133 -0.528179 -0
-0.814394 -0.580313 -0
-0.7765 -0.630118 -0
-0.735611 -0.677404 -0
-0.691897 -0.721996 -0
-0.64554 -0.763726 -0
-0.59673 -0.802442 -0
-0.545666 -0.838003 -0
-0.492556 -0.870281 -0
-0.437614 -0.899163 -0
-0.381062 -0.924549 -0
-0.323125 -0.946356 -0
-0.264035 -0.964513 -0
-0.204025 -0.978966 -0
-0.143331 -0.989675 -0
-0.0821929 -0.996616 -0
-0.0403195 -0.999187 -0
"></Normal>
     </IndexedTriangleSet>
    </Shape>
    <Shape DEF="face156">
     <Appearance><Material DEF="matface156" diffuseColor="0.000000 1.000000 0.000000" shininess="0.9" specularColor="0.2 0.2 0.2" transparency="0"></Material></Appearance>
     <IndexedTriangleSet DEF="setface156" index="
107 1 0 107 0 54 106 2 1 106 1 107 105 3 2 105 2 106 104 4 3 104 3 105 103 5 4 103 4 104 102 6 5 102 5 103 101 7 6 101 6 102 100 8 7 100 7 101 99 9 8 99 8 100 98 9 99 98 10 9 97 11 10 97 10 98 96 12 11 96 13 12 96 11 97 95 14 13 95 13 96 94 15 14 94 14 95 93 16 15 93 15 94 92 17 16 92 16 93 91 17 92 91 18 17 90 19 18 90 18 91 89 19 90 89 20 19 88 21 20 88 20 89 87 22 21 87 21 88 86 23 22 86 22 87 85 24 23 85 25 24 85 23 86 84 26 25 84 25 85 83 27 26 83 26 84 82 28 27 82 27 83 81 29 28 81 28 82 80 30 29 80 29 81 79 30 80 78 31 30 78 30 79 77 32 31 77 31 78 76 33 32 76 32 77 75 34 33 75 33 76 74 35 34 74 34 75 73 36 35 73 35 74 72 37 36 72 36 73 71 38 37 71 37 72 70 39 38 70 38 71 69 40 39 69 39 70 68 41 40 68 40 69 67 41 68 66 41 67 66 42 41 65 43 42 65 42 66 64 43 65 64 44 43 63 45 44 63 44 64 62 45 63 62 46 45 61 47 46 61 46 62 60 47 61 60 48 47 59 49 48 59 48 60 58 49 59 58 50 49 57 51 50 57 50 58 56 51 57 56 52 51 55 52 56 55 53 52 
">
      <Coordinate point="
132.5 67.0096 30
132.793 67.001 30
133.101 66.9733 30
133.39 66.9298 30
133.675 66.8696 30
133.956 66.793 30
134.231 66.7003 30
134.501 66.592 30
134.763 66.4683 30
135.017 66.3299 30
135.263 66.1771 30
135.499 66.0106 30
135.725 65.8309 30
135.939 65.6387 30
136.143 65.4347 30
136.334 65.2195 30
136.512 64.9938 30
136.677 64.7586 30
136.827 64.5145 30
136.964 64.2624 30
137.085 64.0031 30
137.192 63.7374 30
137.283 63.4664 30
137.358 63.1908 30
137.418 62.9116 30
137.461 62.6297 30
137.489 62.3461 30
137.5 62.0615 30
137.493 61.7455 30
137.466 61.4308 30
137.42 61.1187 30
137.354 60.8105 30
137.269 60.5074 30
137.165 60.2105 30
137.043 59.921 30
136.903 59.6401 30
136.746 59.3687 30
136.572 59.1081 30
136.382 58.859 30
136.178 58.6226 30
135.959 58.3996 30
135.728 58.191 30
135.484 57.9974 30
135.228 57.8196 30
134.963 57.6582 30
134.688 57.5138 30
134.405 57.3869 30
134.116 57.2778 30
133.82 57.1871 30
133.52 57.1148 30
133.217 57.0612 30
132.911 57.0265 30
132.702 57.0137 30
132.5 57.0096 30
132.5 67.0096 20
132.5 57.0096 20
132.793 57.0182 20
133.101 57.0459 20
133.39 57.0895 20
133.675 57.1497 20
133.956 57.2263 20
134.231 57.3189 20
134.501 57.4273 20
134.763 57.5509 20
135.017 57.6894 20
135.263 57.8421 20
135.499 58.0086 20
135.725 58.1883 20
135.939 58.3805 20
136.143 58.5846 20
136.334 58.7998 20
136.512 59.0254 20
136.677 59.2606 20
136.827 59.5048 20
136.964 59.7569 20
137.085 60.0162 20
137.192 60.2818 20
137.283 60.5528 20
137.358 60.8284 20
137.418 61.1076 20
137.461 61.3895 20
137.489 61.6732 20
137.5 61.9577 20
137.493 62.2738 20
137.466 62.5885 20
137.42 62.9005 20
137.354 63.2087 20
137.269 63.5119 20
137.165 63.8088 20
137.043 64.0982 20
136.903 64.3792 20
136.746 64.6505 20
136.572 64.9112 20
136.382 65.1602 20
136.178 65.3966 20
135.959 65.6196 20
135.728 65.8282 20
135.484 66.0218 20
135.228 66.1996 20
134.963 66.361 20
134.688 66.5054 20
134.405 66.6324 20
134.116 66.7414 20
133.82 66.8322 20
133.52 66.9044 20
133.217 66.958 20
132.911 66.9927 20
132.702 67.0056 20
"></Coordinate>
      <Normal vector="
-2.84217e-15 -1 -0
-0.0585382 -0.998285 -0
-0.120275 -0.992741 -0
-0.177991 -0.984032 -0
-0.235016 -0.971992 -0
-0.291164 -0.956673 -0
-0.346253 -0.938141 -0
-0.400104 -0.91647 -0
-0.452544 -0.891742 -0
-0.503403 -0.864052 -0
-0.55252 -0.8335 -0
-0.599737 -0.800197 -0
-0.644905 -0.764262 -0
-0.687882 -0.725822 -0
-0.728533 -0.685011 -0
-0.76673 -0.64197 -0
-0.802356 -0.596846 -0
-0.8353 -0.549794 -0
-0.865463 -0.500973 -0
-0.892752 -0.450548 -0
-0.917087 -0.398688 -0
-0.938395 -0.345565 -0
-0.956614 -0.291358 -0
-0.971694 -0.236243 -0
-0.983593 -0.180404 -0
-0.992279 -0.124024 -0
-0.997734 -0.067287 -0
-0.999946 -0.0103775 -0
-0.998603 0.0528326 0
-0.993276 0.115769 0
-0.983998 0.178181 0
-0.970817 0.239823 0
-0.953797 0.300451 0
-0.933018 0.359829 0
-0.908574 0.417724 0
-0.880572 0.473913 0
-0.849133 0.528179 0
-0.814394 0.580313 0
-0.7765 0.630118 0
-0.735611 0.677404 0
-0.691897 0.721996 0
-0.64554 0.763726 0
-0.59673 0.802442 0
-0.545666 0.838003 0
-0.492556 0.870281 0
-0.437614 0.899163 0
-0.381062 0.924549 0
-0.323125 0.946356 0
-0.264035 0.964513 0
-0.204025 0.978966 0
-0.143331 0.989675 0
-0.0821929 0.996616 0
-0.0403195 0.999187 0
0 1 0
2.84217e-15 -1 0
0 1 0
-0.0585382 0.998285 0
-0.120275 0.992741 0
-0.177991 0.984032 0
-0.235016 0.971992 0
-0.291164 0.956673 0
-0.346253 0.938141 0
-0.400104 0.91647 0
-0.452544 0.891742 0
-0.503403 0.864052 0
-0.55252 0.8335 0
-0.599737 0.800197 0
-0.644905 0.764262 0
-0.687882 0.725822 0
-0.728533 0.685011 0
-0.76673 0.64197 0
-0.802356 0.596846 0
-0.8353 0.549794 0
-0.865463 0.500973 0
-0.892752 0.450548 0
-0.917087 0.398688 0
-0.938395 0.345565 0
-0.956614 0.291358 0
-0.971694 0.236243 0
-0.983593 0.180404 0
-0.992279 0.124024 0
-0.997734 0.067287 0
-0.999946 0.0103775 0
-0.998603 -0.0528326 -0
-0.993276 -0.115769 -0
-0.983998 -0.178181 -0
-0.970817 -0.239823 -0
-0.953797 -0.300451 -0
-0.933018 -0.359829 -0
-0.908574 -0.417724 -0
-0.880572 -0.473913 -0
-0.849133 -0.528179 -0
-0.814394 -0.580313 -0
-0.7765 -0.630118 -0
-0.735611 -0.677404 -0
-0.691897 -0.721996 -0
-0.64554 -0.763726 -0
-0.59673 -0.802442 -0
-0.545666 -0.838003 -0
-0.492556 -0.870281 -0
-0.437614 -0.899163 -0
-0.381062 -0.924549 -0
-0.323125 -0.946356 -0
-0.264035 -0.964513 -0
-0.204025 -0.978966 -0
-0.143331 -0.989675 -0
-0.0821929 -0.996616 -0
-0.0403195 -0.999187 -0
"></Normal>
     </IndexedTriangleSet>
    </Shape>
    <Shape DEF="face157">
     <Appearance><Material DEF="matface157" diffuseColor="0.000000 1.000000 0.000000" shininess="0.9" specularColor="0.2 0.2 0.2" transparency="0"></Material></Appearance>
     <IndexedTriangleSet DEF="setface157" index="
107 1 0 107 0 54 106 2 1 106 1 107 105 3 2 105 2 106 104 4 3 104 3 105 103 5 4 103 4 104 102 6 5 102 5 103 101 7 6 101 6 102 100 8 7 100 7 101 99 9 8 99 8 100 98 9 99 98 10 9 97 11 10 97 10 98 96 12 11 96 13 12 96 11 97 95 14 13 95 13 96 94 15 14 94 14 95 93 16 15 93 15 94 92 17 16 92 16 93 91 17 92 91 18 17 90 19 18 90 18 91 89 19 90 89 20 19 88 21 20 88 20 89 87 22 21 87 21 88 86 23 22 86 22 87 85 24 23 85 25 24 85 23 86 84 26 25 84 25 85 83 27 26 83 26 84 82 28 27 82 27 83 81 29 28 81 28 82 80 30 29 80 29 81 79 30 80 78 31 30 78 30 79 77 32 31 77 31 78 76 33 32 76 32 77 75 34 33 75 33 76 74 35 34 74 34 75 73 36 35 73 35 74 72 37 36 72 36 73 71 38 37 71 37 72 70 39 38 70 38 71 69 40 39 69 39 70 68 41 40 68 40 69 67 41 68 66 41 67 66 42 41 65 43 42 65 42 66 64 43 65 64 44 43 63 45 44 63 44 64 62 45 63 62 46 45 61 47 46 61 46 62 60 47 61 60 48 47 59 49 48 59 48 60 58 49 59 58 50 49 57 51 50 57 50 58 56 51 57 56 52 51 55 52 56 55 53 52 
">
      <Coordinate point="
165 80 60
165 79.9914 60.2927
165 79.9637 60.6014
165 79.9202 60.89
165 79.86 61.1751
165 79.7834 61.4558
165 79.6907 61.7313
165 79.5823 62.0005
165 79.4587 62.2627
165 79.3203 62.517
165 79.1675 62.7626
165 79.001 62.9987
165 78.8213 63.2245
165 78.6291 63.4394
165 78.4251 63.6427
165 78.2098 63.8337
165 77.9842 64.0118
165 77.749 64.1765
165 77.5049 64.3273
165 77.2527 64.4638
165 76.9934 64.5854
165 76.7278 64.692
165 76.4568 64.7831
165 76.1812 64.8585
165 75.902 64.918
165 75.6201 64.9614
165 75.3364 64.9887
165 75.0519 64.9997
165 74.7358 64.993
165 74.4212 64.9664
165 74.1091 64.92
165 73.8009 64.8541
165 73.4977 64.769
165 73.2009 64.6651
165 72.9114 64.5429
165 72.6304 64.4029
165 72.3591 64.2457
165 72.0984 64.072
165 71.8494 63.8825
165 71.613 63.6781
165 71.39 63.4595
165 71.1814 63.2277
165 70.9878 62.9837
165 70.81 62.7283
165 70.6486 62.4628
165 70.5042 62.1881
165 70.3773 61.9053
165 70.2682 61.6156
165 70.1774 61.3202
165 70.1052 61.0201
165 70.0516 60.7167
165 70.0169 60.411
165 70.0041 60.2016
165 70 60
175 80 60
175 70 60
175 70.0086 60.2927
175 70.0363 60.6014
175 70.0798 60.89
175 70.14 61.1751
175 70.2166 61.4558
175 70.3093 61.7313
175 70.4177 62.0005
175 70.5413 62.2627
175 70.6797 62.517
175 70.8325 62.7626
175 70.999 62.9987
175 71.1787 63.2245
175 71.3709 63.4394
175 71.5749 63.6427
175 71.7902 63.8337
175 72.0158 64.0118
175 72.251 64.1765
175 72.4951 64.3273
175 72.7473 64.4638
175 73.0066 64.5854
175 73.2722 64.692
175 73.5432 64.7831
175 73.8188 64.8585
175 74.098 64.918
175 74.3799 64.9614
175 74.6636 64.9887
175 74.9481 64.9997
175 75.2642 64.993
175 75.5788 64.9664
175 75.8909 64.92
175 76.1991 64.8541
175 76.5023 64.769
175 76.7991 64.6651
175 77.0886 64.5429
175 77.3696 64.4029
175 77.6409 64.2457
175 77.9016 64.072
175 78.1506 63.8825
175 78.387 63.6781
175 78.61 63.4595
175 78.8186 63.2277
175 79.0122 62.9837
175 79.19 62.7283
175 79.3514 62.4628
175 79.4958 62.1881
175 79.6227 61.9053
175 79.7318 61.6156
175 79.8226 61.3202
175 79.8948 61.0201
175 79.9484 60.7167
175 79.9831 60.411
175 79.9959 60.2016
"></Coordinate>
      <Normal vector="
0 -1 -2.84217e-15
0 -0.998285 -0.0585382
0 -0.992741 -0.120275
0 -0.984032 -0.177991
0 -0.971992 -0.235016
0 -0.956673 -0.291164
0 -0.938141 -0.346253
0 -0.91647 -0.400104
0 -0.891742 -0.452544
0 -0.864052 -0.503403
0 -0.8335 -0.55252
0 -0.800197 -0.599737
0 -0.764262 -0.644905
0 -0.725822 -0.687882
0 -0.685011 -0.728533
0 -0.64197 -0.76673
0 -0.596846 -0.802356
0 -0.549794 -0.8353
0 -0.500973 -0.865463
0 -0.450548 -0.892752
0 -0.398688 -0.917087
0 -0.345565 -0.938395
0 -0.291358 -0.956614
0 -0.236243 -0.971694
0 -0.180404 -0.983593
0 -0.124024 -0.992279
0 -0.067287 -0.997734
0 -0.0103775 -0.999946
0 0.0528326 -0.998603
0 0.115769 -0.993276
0 0.178181 -0.983998
0 0.239823 -0.970817
0 0.300451 -0.953797
0 0.359829 -0.933018
0 0.417724 -0.908574
0 0.473913 -0.880572
0 0.528179 -0.849133
0 0.580313 -0.814394
0 0.630118 -0.7765
0 0.677404 -0.735611
0 0.721996 -0.691897
0 0.763726 -0.64554
0 0.802442 -0.59673
0 0.838003 -0.545666
0 0.870281 -0.492556
0 0.899163 -0.437614
0 0.924549 -0.381062
0 0.946356 -0.323125
0 0.964513 -0.264035
0 0.978966 -0.204025
0 0.989675 -0.143331
0 0.996616 -0.0821929
0 0.999187 -0.0403195
0 1 -2.84217e-15
0 -1 -8.52651e-15
-0 1 2.84217e-15
0 0.998285 -0.0585382
0 0.992741 -0.120275
0 0.984032 -0.177991
0 0.971992 -0.235016
0 0.956673 -0.291164
0 0.938141 -0.346253
0 0.91647 -0.400104
0 0.891742 -0.452544
0 0.864052 -0.503403
0 0.8335 -0.55252
0 0.800197 -0.599737
0 0.764262 -0.644905
0 0.725822 -0.687882
0 0.685011 -0.728533
0 0.64197 -0.76673
0 0.596846 -0.802356
0 0.549794 -0.8353
0 0.500973 -0.865463
0 0.450548 -0.892752
0 0.398688 -0.917087
0 0.345565 -0.938395
0 0.291358 -0.956614
0 0.236243 -0.971694
0 0.180404 -0.983593
0 0.124024 -0.992279
0 0.067287 -0.997734
0 0.0103775 -0.999946
0 -0.0528326 -0.998603
0 -0.115769 -0.993276
0 -0.178181 -0.983998
0 -0.239823 -0.970817
0 -0.300451 -0.953797
0 -0.359829 -0.933018
0 -0.417724 -0.908574
0 -0.473913 -0.880572
0 -0.528179 -0.849133
0 -0.580313 -0.814394
0 -0.630118 -0.7765
0 -0.677404 -0.735611
0 -0.721996 -0.691897
0 -0.763726 -0.64554
0 -0.802442 -0.59673
0 -0.838003 -0.545666
0 -0.870281 -0.492556
0 -0.899163 -0.437614
0 -0.924549 -0.381062
0 -0.946356 -0.323125
0 -0.964513 -0.264035
0 -0.978966 -0.204025
0 -0.989675 -0.143331
0 -0.996616 -0.0821929
0 -0.999187 -0.0403195
"></Normal>
     </IndexedTriangleSet>
    </Shape>
    <Shape DEF="face158">
     <Appearance><Material DEF="matface158" diffuseColor="0.000000 1.000000 0.000000" shininess="0.9" specularColor="0.2 0.2 0.2" transparency="0"></Material></Appearance>
     <IndexedTriangleSet DEF="setface158" index="
107 1 0 107 0 54 106 2 1 106 1 107 105 3 2 105 2 106 104 4 3 104 3 105 103 5 4 103 4 104 102 6 5 102 5 103 101 7 6 101 6 102 100 8 7 100 7 101 99 9 8 99 8 100 98 9 99 98 10 9 97 11 10 97 10 98 96 12 11 96 13 12 96 11 97 95 14 13 95 13 96 94 15 14 94 14 95 93 16 15 93 15 94 92 17 16 92 16 93 91 17 92 91 18 17 90 19 18 90 18 91 89 19 90 89 20 19 88 21 20 88 20 89 87 22 21 87 21 88 86 23 22 86 22 87 85 24 23 85 25 24 85 23 86 84 26 25 84 25 85 83 27 26 83 26 84 82 28 27 82 27 83 81 29 28 81 28 82 80 30 29 80 29 81 79 30 80 78 31 30 78 30 79 77 32 31 77 31 78 76 33 32 76 32 77 75 34 33 75 33 76 74 35 34 74 34 75 73 36 35 73 35 74 72 37 36 72 36 73 71 38 37 71 37 72 70 39 38 70 38 71 69 40 39 69 39 70 68 41 40 68 40 69 67 41 68 66 41 67 66 42 41 65 43 42 65 42 66 64 43 65 64 44 43 63 45 44 63 44 64 62 45 63 62 46 45 61 47 46 61 46 62 60 47 61 60 48 47 59 49 48 59 48 60 58 49 59 58 50 49 57 51 50 57 50 58 56 51 57 56 52 51 55 52 56 55 53 52 
">
      <Coordinate point="
155 70 30
154.707 70.0086 30
154.399 70.0363 30
154.11 70.0798 30
153.825 70.14 30
153.544 70.2166 30
153.269 70.3093 30
152.999 70.4177 30
152.737 70.5413 30
152.483 70.6797 30
152.237 70.8325 30
152.001 70.999 30
151.775 71.1787 30
151.561 71.3709 30
151.357 71.5749 30
151.166 71.7902 30
150.988 72.0158 30
150.823 72.251 30
150.673 72.4951 30
150.536 72.7473 30
150.415 73.0066 30
150.308 73.2722 30
150.217 73.5432 30
150.142 73.8188 30
150.082 74.098 30
150.039 74.3799 30
150.011 74.6636 30
150 74.9481 30
150.007 75.2642 30
150.034 75.5788 30
150.08 75.8909 30
150.146 76.1991 30
150.231 76.5023 30
150.335 76.7991 30
150.457 77.0886 30
150.597 77.3696 30
150.754 77.6409 30
150.928 77.9016 30
151.118 78.1506 30
151.322 78.387 30
151.541 78.61 30
151.772 78.8186 30
152.016 79.0122 30
152.272 79.19 30
152.537 79.3514 30
152.812 79.4958 30
153.095 79.6227 30
153.384 79.7318 30
153.68 79.8226 30
153.98 79.8948 30
154.283 79.9484 30
154.589 79.9831 30
154.798 79.9959 30
155 80 30
155 70 20
155 80 20
154.707 79.9914 20
154.399 79.9637 20
154.11 79.9202 20
153.825 79.86 20
153.544 79.7834 20
153.269 79.6907 20
152.999 79.5823 20
152.737 79.4587 20
152.483 79.3203 20
152.237 79.1675 20
152.001 79.001 20
151.775 78.8213 20
151.561 78.6291 20
151.357 78.4251 20
151.166 78.2098 20
150.988 77.9842 20
150.823 77.749 20
150.673 77.5049 20
150.536 77.2527 20
150.415 76.9934 20
150.308 76.7278 20
150.217 76.4568 20
150.142 76.1812 20
150.082 75.902 20
150.039 75.6201 20
150.011 75.3364 20
150 75.0519 20
150.007 74.7358 20
150.034 74.4212 20
150.08 74.1091 20
150.146 73.8009 20
150.231 73.4977 20
150.335 73.2009 20
150.457 72.9114 20
150.597 72.6304 20
150.754 72.3591 20
150.928 72.0984 20
151.118 71.8494 20
151.322 71.613 20
151.541 71.39 20
151.772 71.1814 20
152.016 70.9878 20
152.272 70.81 20
152.537 70.6486 20
152.812 70.5042 20
153.095 70.3773 20
153.384 70.2682 20
153.68 70.1774 20
153.98 70.1052 20
154.283 70.0516 20
154.589 70.0169 20
154.798 70.0041 20
"></Coordinate>
      <Normal vector="
2.84217e-15 1 0
0.0585382 0.998285 0
0.120275 0.992741 0
0.177991 0.984032 0
0.235016 0.971992 0
0.291164 0.956673 0
0.346253 0.938141 0
0.400104 0.91647 0
0.452544 0.891742 0
0.503403 0.864052 0
0.55252 0.8335 0
0.599737 0.800197 0
0.644905 0.764262 0
0.687882 0.725822 0
0.728533 0.685011 0
0.76673 0.64197 0
0.802356 0.596846 0
0.8353 0.549794 0
0.865463 0.500973 0
0.892752 0.450548 0
0.917087 0.398688 0
0.938395 0.345565 0
0.956614 0.291358 0
0.971694 0.236243 0
0.983593 0.180404 0
0.992279 0.124024 0
0.997734 0.067287 0
0.999946 0.0103775 0
0.998603 -0.0528326 0
0.993276 -0.115769 0
0.983998 -0.178181 0
0.970817 -0.239823 0
0.953797 -0.300451 0
0.933018 -0.359829 0
0.908574 -0.417724 0
0.880572 -0.473913 0
0.849133 -0.528179 0
0.814394 -0.580313 0
0.7765 -0.630118 0
0.735611 -0.677404 0
0.691897 -0.721996 0
0.64554 -0.763726 0
0.59673 -0.802442 0
0.545666 -0.838003 0
0.492556 -0.870281 0
0.437614 -0.899163 0
0.381062 -0.924549 0
0.323125 -0.946356 0
0.264035 -0.964513 0
0.204025 -0.978966 0
0.143331 -0.989675 0
0.0821929 -0.996616 0
0.0403195 -0.999187 0
-2.84217e-15 -1 -0
0 1 0
-2.84217e-15 -1 -0
0.0585382 -0.998285 0
0.120275 -0.992741 0
0.177991 -0.984032 0
0.235016 -0.971992 0
0.291164 -0.956673 0
0.346253 -0.938141 0
0.400104 -0.91647 0
0.452544 -0.891742 0
0.503403 -0.864052 0
0.55252 -0.8335 0
0.599737 -0.800197 0
0.644905 -0.764262 0
0.687882 -0.725822 0
0.728533 -0.685011 0
0.76673 -0.64197 0
0.802356 -0.596846 0
0.8353 -0.549794 0
0.865463 -0.500973 0
0.892752 -0.450548 0
0.917087 -0.398688 0
0.938395 -0.345565 0
0.956614 -0.291358 0
0.971694 -0.236243 0
0.983593 -0.180404 0
0.992279 -0.124024 0
0.997734 -0.067287 0
0.999946 -0.0103775 0
0.998603 0.0528326 0
0.993276 0.115769 0
0.983998 0.178181 0
0.970817 0.239823 0
0.953797 0.300451 0
0.933018 0.359829 0
0.908574 0.417724 0
0.880572 0.473913 0
0.849133 0.528179 0
0.814394 0.580313 0
0.7765 0.630118 0
0.735611 0.677404 0
0.691897 0.721996 0
0.64554 0.763726 0
0.59673 0.802442 0
0.545666 0.838003 0
0.492556 0.870281 0
0.437614 0.899163 0
0.381062 0.924549 0
0.323125 0.946356 0
0.264035 0.964513 0
0.204025 0.978966 0
0.143331 0.989675 0
0.0821929 0.996616 0
0.0403195 0.999187 0
"></Normal>
     </IndexedTriangleSet>
    </Shape>
    <Shape DEF="face159">
     <Appearance><Material DEF="matface159" diffuseColor="0.000000 1.000000 0.000000" shininess="0.9" specularColor="0.2 0.2 0.2" transparency="0"></Material></Appearance>
     <IndexedTriangleSet DEF="setface159" index="
107 1 0 107 0 54 106 2 1 106 1 107 105 3 2 105 2 106 104 4 3 104 3 105 103 5 4 103 4 104 102 6 5 102 5 103 101 7 6 101 6 102 100 8 7 100 7 101 99 9 8 99 8 100 98 9 99 98 10 9 97 11 10 97 10 98 96 12 11 96 13 12 96 11 97 95 14 13 95 13 96 94 15 14 94 14 95 93 16 15 93 15 94 92 17 16 92 16 93 91 17 92 91 18 17 90 19 18 90 18 91 89 19 90 89 20 19 88 21 20 88 20 89 87 22 21 87 21 88 86 23 22 86 22 87 85 24 23 85 25 24 85 23 86 84 26 25 84 25 85 83 27 26 83 26 84 82 28 27 82 27 83 81 29 28 81 28 82 80 30 29 80 29 81 79 30 80 78 31 30 78 30 79 77 32 31 77 31 78 76 33 32 76 32 77 75 34 33 75 33 76 74 35 34 74 34 75 73 36 35 73 35 74 72 37 36 72 36 73 71 38 37 71 37 72 70 39 38 70 38 71 69 40 39 69 39 70 68 41 40 68 40 69 67 41 68 66 42 41 66 41 67 65 42 66 65 43 42 64 44 43 64 43 65 63 44 64 63 45 44 62 46 45 62 45 63 61 46 62 61 47 46 60 48 47 60 47 61 59 48 60 59 49 48 58 50 49 58 49 59 57 50 58 57 51 50 56 52 51 56 51 57 55 52 56 55 53 52 
">
      <Coordinate point="
132.5 82.9904 30
132.207 82.999 30
131.899 83.0267 30
131.61 83.0702 30
131.325 83.1304 30
131.044 83.207 30
130.769 83.2997 30
130.499 83.408 30
130.237 83.5317 30
129.983 83.6701 30
129.737 83.8229 30
129.501 83.9894 30
129.275 84.1691 30
129.061 84.3613 30
128.857 84.5653 30
128.666 84.7805 30
128.488 85.0062 30
128.323 85.2414 30
128.173 85.4855 30
128.036 85.7376 30
127.915 85.9969 30
127.808 86.2626 30
127.717 86.5336 30
127.642 86.8092 30
127.582 87.0884 30
127.539 87.3703 30
127.511 87.6539 30
127.5 87.9385 30
127.507 88.2545 30
127.534 88.5692 30
127.58 88.8813 30
127.646 89.1895 30
127.731 89.4926 30
127.835 89.7895 30
127.957 90.079 30
128.097 90.3599 30
128.254 90.6313 30
128.428 90.8919 30
128.618 91.141 30
128.822 91.3774 30
129.041 91.6004 30
129.272 91.809 30
129.516 92.0026 30
129.772 92.1804 30
130.037 92.3418 30
130.312 92.4862 30
130.595 92.6131 30
130.884 92.7222 30
131.18 92.8129 30
131.48 92.8852 30
131.783 92.9388 30
132.089 92.9735 30
132.298 92.9863 30
132.5 92.9904 30
132.5 82.9904 20
132.5 92.9904 20
132.207 92.9818 20
131.899 92.9541 20
131.61 92.9105 20
131.325 92.8503 20
131.044 92.7737 20
130.769 92.6811 20
130.499 92.5727 20
130.237 92.4491 20
129.983 92.3106 20
129.737 92.1579 20
129.501 91.9914 20
129.275 91.8117 20
129.061 91.6195 20
128.857 91.4154 20
128.666 91.2002 20
128.488 90.9746 20
128.323 90.7394 20
128.173 90.4952 20
128.036 90.2431 20
127.915 89.9838 20
127.808 89.7182 20
127.717 89.4472 20
127.642 89.1716 20
127.582 88.8924 20
127.539 88.6105 20
127.511 88.3268 20
127.5 88.0423 20
127.507 87.7262 20
127.534 87.4115 20
127.58 87.0995 20
127.646 86.7913 20
127.731 86.4881 20
127.835 86.1912 20
127.957 85.9018 20
128.097 85.6208 20
128.254 85.3495 20
128.428 85.0888 20
128.618 84.8398 20
128.822 84.6034 20
129.041 84.3804 20
129.272 84.1718 20
129.516 83.9782 20
129.772 83.8004 20
130.037 83.639 20
130.312 83.4946 20
130.595 83.3676 20
130.884 83.2586 20
131.18 83.1678 20
131.48 83.0956 20
131.783 83.042 20
132.089 83.0073 20
132.298 82.9944 20
"></Coordinate>
      <Normal vector="
2.84217e-15 1 0
0.0585382 0.998285 0
0.120275 0.992741 0
0.177991 0.984032 0
0.235016 0.971992 0
0.291164 0.956673 0
0.346253 0.938141 0
0.400104 0.91647 0
0.452544 0.891742 0
0.503403 0.864052 0
0.55252 0.8335 0
0.599737 0.800197 0
0.644905 0.764262 0
0.687882 0.725822 0
0.728533 0.685011 0
0.76673 0.64197 0
0.802356 0.596846 0
0.8353 0.549794 0
0.865463 0.500973 0
0.892752 0.450548 0
0.917087 0.398688 0
0.938395 0.345565 0
0.956614 0.291358 0
0.971694 0.236243 0
0.983593 0.180404 0
0.992279 0.124024 0
0.997734 0.067287 0
0.999946 0.0103775 0
0.998603 -0.0528326 0
0.993276 -0.115769 0
0.983998 -0.178181 0
0.970817 -0.239823 0
0.953797 -0.300451 0
0.933018 -0.359829 0
0.908574 -0.417724 0
0.880572 -0.473913 0
0.849133 -0.528179 0
0.814394 -0.580313 0
0.7765 -0.630118 0
0.735611 -0.677404 0
0.691897 -0.721996 0
0.64554 -0.763726 0
0.59673 -0.802442 0
0.545666 -0.838003 0
0.492556 -0.870281 0
0.437614 -0.899163 0
0.381062 -0.924549 0
0.323125 -0.946356 0
0.264035 -0.964513 0
0.204025 -0.978966 0
0.143331 -0.989675 0
0.0821929 -0.996616 0
0.0403195 -0.999187 0
-5.68434e-15 -1 -0
-2.84217e-15 1 0
-5.68434e-15 -1 -0
0.0585382 -0.998285 0
0.120275 -0.992741 0
0.177991 -0.984032 0
0.235016 -0.971992 0
0.291164 -0.956673 0
0.346253 -0.938141 0
0.400104 -0.91647 0
0.452544 -0.891742 0
0.503403 -0.864052 0
0.55252 -0.8335 0
0.599737 -0.800197 0
0.644905 -0.764262 0
0.687882 -0.725822 0
0.728533 -0.685011 0
0.76673 -0.64197 0
0.802356 -0.596846 0
0.8353 -0.549794 0
0.865463 -0.500973 0
0.892752 -0.450548 0
0.917087 -0.398688 0
0.938395 -0.345565 0
0.956614 -0.291358 0
0.971694 -0.236243 0
0.983593 -0.180404 0
0.992279 -0.124024 0
0.997734 -0.067287 0
0.999946 -0.0103775 0
0.998603 0.0528326 0
0.993276 0.115769 0
0.983998 0.178181 0
0.970817 0.239823 0
0.953797 0.300451 0
0.933018 0.359829 0
0.908574 0.417724 0
0.880572 0.473913 0
0.849133 0.528179 0
0.814394 0.580313 0
0.7765 0.630118 0
0.735611 0.677404 0
0.691897 0.721996 0
0.64554 0.763726 0
0.59673 0.802442 0
0.545666 0.838003 0
0.492556 0.870281 0
0.437614 0.899163 0
0.381062 0.924549 0
0.323125 0.946356 0
0.264035 0.964513 0
0.204025 0.978966 0
0.143331 0.989675 0
0.0821929 0.996616 0
0.0403195 0.999187 0
"></Normal>
     </IndexedTriangleSet>
    </Shape>
    <Shape DEF="face160">
     <Appearance><Material DEF="matface160" diffuseColor="0.000000 1.000000 0.000000" shininess="0.9" specularColor="0.2 0.2 0.2" transparency="0"></Material></Appearance>
     <IndexedTriangleSet DEF="setface160" index="
107 1 0 107 0 54 106 2 1 106 1 107 105 3 2 105 2 106 104 4 3 104 3 105 103 5 4 103 4 104 102 6 5 102 5 103 101 7 6 101 6 102 100 8 7 100 7 101 99 9 8 99 8 100 98 9 99 98 10 9 97 11 10 97 10 98 96 12 11 96 13 12 96 11 97 95 14 13 95 13 96 94 15 14 94 14 95 93 16 15 93 15 94 92 17 16 92 16 93 91 17 92 91 18 17 90 19 18 90 18 91 89 19 90 89 20 19 88 21 20 88 20 89 87 22 21 87 21 88 86 23 22 86 22 87 85 24 23 85 25 24 85 23 86 84 26 25 84 25 85 83 27 26 83 26 84 82 28 27 82 27 83 81 29 28 81 28 82 80 30 29 80 29 81 79 30 80 78 31 30 78 30 79 77 32 31 77 31 78 76 33 32 76 32 77 75 34 33 75 33 76 74 35 34 74 34 75 73 36 35 73 35 74 72 37 36 72 36 73 71 38 37 71 37 72 70 39 38 70 38 71 69 40 39 69 39 70 68 41 40 68 40 69 67 41 68 66 41 67 66 42 41 65 43 42 65 42 66 64 43 65 64 44 43 63 45 44 63 44 64 62 45 63 62 46 45 61 47 46 61 46 62 60 47 61 60 48 47 59 49 48 59 48 60 58 49 59 58 50 49 57 51 50 57 50 58 56 51 57 56 52 51 55 52 56 55 53 52 
">
      <Coordinate point="
132.5 57.0096 30
132.207 57.0182 30
131.899 57.0459 30
131.61 57.0895 30
131.325 57.1497 30
131.044 57.2263 30
130.769 57.3189 30
130.499 57.4273 30
130.237 57.5509 30
129.983 57.6894 30
129.737 57.8421 30
129.501 58.0086 30
129.275 58.1883 30
129.061 58.3805 30
128.857 58.5846 30
128.666 58.7998 30
128.488 59.0254 30
128.323 59.2606 30
128.173 59.5048 30
128.036 59.7569 30
127.915 60.0162 30
127.808 60.2818 30
127.717 60.5528 30
127.642 60.8284 30
127.582 61.1076 30
127.539 61.3895 30
127.511 61.6732 30
127.5 61.9577 30
127.507 62.2738 30
127.534 62.5885 30
127.58 62.9005 30
127.646 63.2087 30
127.731 63.5119 30
127.835 63.8088 30
127.957 64.0982 30
128.097 64.3792 30
128.254 64.6505 30
128.428 64.9112 30
128.618 65.1602 30
128.822 65.3966 30
129.041 65.6196 30
129.272 65.8282 30
129.516 66.0218 30
129.772 66.1996 30
130.037 66.361 30
130.312 66.5054 30
130.595 66.6324 30
130.884 66.7414 30
131.18 66.8322 30
131.48 66.9044 30
131.783 66.958 30
132.089 66.9927 30
132.298 67.0056 30
132.5 67.0096 30
132.5 57.0096 20
132.5 67.0096 20
132.207 67.001 20
131.899 66.9733 20
131.61 66.9298 20
131.325 66.8696 20
131.044 66.793 20
130.769 66.7003 20
130.499 66.592 20
130.237 66.4683 20
129.983 66.3299 20
129.737 66.1771 20
129.501 66.0106 20
129.275 65.8309 20
129.061 65.6387 20
128.857 65.4347 20
128.666 65.2195 20
128.488 64.9938 20
128.323 64.7586 20
128.173 64.5145 20
128.036 64.2624 20
127.915 64.0031 20
127.808 63.7374 20
127.717 63.4664 20
127.642 63.1908 20
127.582 62.9116 20
127.539 62.6297 20
127.511 62.3461 20
127.5 62.0615 20
127.507 61.7455 20
127.534 61.4308 20
127.58 61.1187 20
127.646 60.8105 20
127.731 60.5074 20
127.835 60.2105 20
127.957 59.921 20
128.097 59.6401 20
128.254 59.3687 20
128.428 59.1081 20
128.618 58.859 20
128.822 58.6226 20
129.041 58.3996 20
129.272 58.191 20
129.516 57.9974 20
129.772 57.8196 20
130.037 57.6582 20
130.312 57.5138 20
130.595 57.3869 20
130.884 57.2778 20
131.18 57.1871 20
131.48 57.1148 20
131.783 57.0612 20
132.089 57.0265 20
132.298 57.0137 20
"></Coordinate>
      <Normal vector="
4.26326e-15 1 0
0.0585382 0.998285 0
0.120275 0.992741 0
0.177991 0.984032 0
0.235016 0.971992 0
0.291164 0.956673 0
0.346253 0.938141 0
0.400104 0.91647 0
0.452544 0.891742 0
0.503403 0.864052 0
0.55252 0.8335 0
0.599737 0.800197 0
0.644905 0.764262 0
0.687882 0.725822 0
0.728533 0.685011 0
0.76673 0.64197 0
0.802356 0.596846 0
0.8353 0.549794 0
0.865463 0.500973 0
0.892752 0.450548 0
0.917087 0.398688 0
0.938395 0.345565 0
0.956614 0.291358 0
0.971694 0.236243 0
0.983593 0.180404 0
0.992279 0.124024 0
0.997734 0.067287 0
0.999946 0.0103775 0
0.998603 -0.0528326 0
0.993276 -0.115769 0
0.983998 -0.178181 0
0.970817 -0.239823 0
0.953797 -0.300451 0
0.933018 -0.359829 0
0.908574 -0.417724 0
0.880572 -0.473913 0
0.849133 -0.528179 0
0.814394 -0.580313 0
0.7765 -0.630118 0
0.735611 -0.677404 0
0.691897 -0.721996 0
0.64554 -0.763726 0
0.59673 -0.802442 0
0.545666 -0.838003 0
0.492556 -0.870281 0
0.437614 -0.899163 0
0.381062 -0.924549 0
0.323125 -0.946356 0
0.264035 -0.964513 0
0.204025 -0.978966 0
0.143331 -0.989675 0
0.0821929 -0.996616 0
0.0403195 -0.999187 0
-2.84217e-15 -1 -0
1.42109e-15 1 0
-2.84217e-15 -1 -0
0.0585382 -0.998285 0
0.120275 -0.992741 0
0.177991 -0.984032 0
0.235016 -0.971992 0
0.291164 -0.956673 0
0.346253 -0.938141 0
0.400104 -0.91647 0
0.452544 -0.891742 0
0.503403 -0.864052 0
0.55252 -0.8335 0
0.599737 -0.800197 0
0.644905 -0.764262 0
0.687882 -0.725822 0
0.728533 -0.685011 0
0.76673 -0.64197 0
0.802356 -0.596846 0
0.8353 -0.549794 0
0.865463 -0.500973 0
0.892752 -0.450548 0
0.917087 -0.398688 0
0.938395 -0.345565 0
0.956614 -0.291358 0
0.971694 -0.236243 0
0.983593 -0.180404 0
0.992279 -0.124024 0
0.997734 -0.067287 0
0.999946 -0.0103775 0
0.998603 0.0528326 0
0.993276 0.115769 0
0.983998 0.178181 0
0.970817 0.239823 0
0.953797 0.300451 0
0.933018 0.359829 0
0.908574 0.417724 0
0.880572 0.473913 0
0.849133 0.528179 0
0.814394 0.580313 0
0.7765 0.630118 0
0.735611 0.677404 0
0.691897 0.721996 0
0.64554 0.763726 0
0.59673 0.802442 0
0.545666 0.838003 0
0.492556 0.870281 0
0.437614 0.899163 0
0.381062 0.924549 0
0.323125 0.946356 0
0.264035 0.964513 0
0.204025 0.978966 0
0.143331 0.989675 0
0.0821929 0.996616 0
0.0403195 0.999187 0
"></Normal>
     </IndexedTriangleSet>
    </Shape>
   </Group>
  </Scene>
</X3D>
